First Name,Middle Name,Last Name,Phonetic First Name,Phonetic Middle Name,Phonetic Last Name,Name Prefix,Name Suffix,Nickname,File As,Organization Name,Organization Title,Organization Department,Birthday,Notes,Photo,Labels,E-mail 1 - Label,E-mail 1 - Value,E-mail 2 - Label,E-mail 2 - Value,E-mail 3 - Label,E-mail 3 - Value,E-mail 4 - Label,E-mail 4 - Value,E-mail 5 - Label,E-mail 5 - Value,Phone 1 - Label,Phone 1 - Value,Phone 2 - Label,Phone 2 - Value,Phone 3 - Label,Phone 3 - Value,Phone 4 - Label,Phone 4 - Value,Phone 5 - Label,Phone 5 - Value,Phone 6 - Label,Phone 6 - Value,Address 1 - Label,Address 1 - Formatted,Address 1 - Street,Address 1 - City,Address 1 - PO Box,Address 1 - Region,Address 1 - Postal Code,Address 1 - Country,Address 1 - Extended Address,Address 2 - Label,Address 2 - Formatted,Address 2 - Street,Address 2 - City,Address 2 - PO Box,Address 2 - Region,Address 2 - Postal Code,Address 2 - Country,Address 2 - Extended Address,Address 3 - Label,Address 3 - Formatted,Address 3 - Street,Address 3 - City,Address 3 - PO Box,Address 3 - Region,Address 3 - Postal Code,Address 3 - Country,Address 3 - Extended Address,Relation 1 - Label,Relation 1 - Value,Relation 2 - Label,Relation 2 - Value,Website 1 - Label,Website 1 - Value,Website 2 - Label,Website 2 - Value,Website 3 - Label,Website 3 - Value,Custom Field 1 - Label,Custom Field 1 - Value,Custom Field 2 - Label,Custom Field 2 - Value
,,,,,,,,,,Cellcom,,,,,,Imported 8/1/13 ::: Imported on 4/29 ::: * myContacts,,,,,,,,,,,Work,*123p0,,,,,,,,,,,,,,,,,,,,,,,,,,,,,,,,,,,,,,,,,,,,,,,,,,,
,,,,,,,,,,Pelephone,,,,,,Imported 8/1/13 ::: Imported on 4/29 ::: * myContacts,,,,,,,,,,,Mobile,*166,Work,*444,,,,,,,,,,,,,,,,,,,,,,,,,,,,,,,,,,,,,,,,,,,,,,,,,
,,,,,,,,,,סלקום,,,,,,* myContacts,,,,,,,,,,,Other,*3123,,,,,,,,,,,,,,,,,,,,,,,,,,,,,,,,,,,,,,,,,,,,,,,,,,,
,,,,,,,,,,Haaretz,,,,הארץ,,Imported 8/1/13 ::: Imported on 4/29 ::: * myContacts,,,,,,,,,,,Mobile,*5200,,,,,,,,,,,,,,,,,,,,,,,,,,,,,,,,,,,,,,,,,,,,,,,,,,,
,,,,,,,,,,ביטוח לאומי,,,,2923,,Imported 8/1/13 ::: Imported on 4/29 ::: * myContacts,* Work,*6050,,,,,,,,,,,,,,,,,,,,,,,,,,,,,,,,,,,,,,,,,,,,,,,,,,,,,,,,,,,,,
,,,,,,,,,,המוסד לביטוח לאומי,,,,"My code: 2923

Sunday- Thursday 08:00 - 17:00",,Imported 8/1/13 ::: Imported on 4/29 ::: * myContacts,,,,,,,,,,,Mobile,*6050,,,,,,,,,,,,,,,,,,,,,,,,,,,,,,,,,,,,,,,,,,,,,,,,,,,
,,,,,,,,,,"￼

Cajun Encounters Tour Company

",,,,,,* myContacts,,,,,,,,,,,Mobile,+1 866-928-6877,Work,504.834.1770,,,,,,,,,,,,,,,,,,,,,,,,,,,,,,,,,,,,,,,,,,,,,,,,,
,,,,,,,,,,מלון אביניון,,,,,,* myContacts,,,,,,,,,,,Mobile,+33 6 37 88 24 41,,,,,,,,,,,,,,,,,,,,,,,,,,,,,,,,,,,,,,,,,,,,,,,,,,,
,,,,,,,,,,Inside Plaza ,,,,,,* myContacts,,,,,,,,,,,Mobile,+34 958 48 07 06,,,,,,,,,,,,,,,,,,,,,,,,,,,,,,,,,,,,,,,,,,,,,,,,,,,
,,,,,,,,,,Tech Stop,,,,,,* myContacts,,,,,,,,,,,Other,+35315431300,,,,,,,,,,,,,,,,,,,,,,,,,,,,,,,,,,,,,,,,,,,,,,,,,,,
,,,,,,,,,,Davos Ski,,,,,,* myContacts,,,,,,,,,,,Mobile,+41 81 415 21 88,,,,,,,,,,,,,,,,,,,,,,,,,,,,,,,,,,,,,,,,,,,,,,,,,,,
,,,,,,,,,,Bank Hapoalim Ahuza,,,,,,Imported 8/1/13 ::: Imported on 4/29 ::: * myContacts,,,,,,,,,,,Work,+972 (9) 7476539,,,,,,,,,,,,,,,,,,,,,,,,,,,,,,,,,,,,,,,,,,,,,,,,,,,
,,,,,,,,,,Alibi,,,,,,Imported 8/1/13 ::: Imported on 4/29 ::: * myContacts,,,,,,,,,,,Work,+972 (9) 7482111,,,,,,,,,,,,,,,,,,,,,,,,,,,,,,,,,,,,,,,,,,,,,,,,,,,
,,,,,,,,,,התנועה לאיכות השלטון,,,,,,Imported on 4/29 ::: * myContacts,,,,,,,,,,,Work,+972 2-5000073,,,,,,,,,,,,,,,,,,,,,,,,,,,,,,,,,,,,,,,,,,,,,,,,,,,
,,,,,,,,,,Bosch,,,,"מדיח
Dishwasher",,Imported 8/1/13 ::: Imported on 4/29 ::: * myContacts,,,,,,,,,,,Work,+972 3 693 2100 ::: +972 8 977 7222,,,,,,,,,,,,,,,,,,,,,,,,,,,,,,,,,,,,,,,,,,,,,,,,,,,
,,,,,,,,,,מוניות הדר לוד,,,,,,Imported 8/1/13 ::: Imported on 4/29 ::: * myContacts,,,,,,,,,,,Work,+972 3 9711103 ::: +972 3 9759555,,,,,,,,,,,,,,,,,,,,,,,,,,,,,,,,,,,,,,,,,,Work,www.hadar-ltd.co.il,,,,,,,,
,,,,,,,,,,Assuta Medical Centers אסותא,,,,,,* myContacts,,,,,,,,,,,Mobile,+972 3-764-5100,,,,,,,,,,,,,,,,,,,,,,,,,,,,,,,,,,,,,,,,,,,,,,,,,,,
,,,,,,,,,,רם-גז,Gas,,,Zarhan number 51359,,Imported 8/1/13 ::: Imported on 4/29 ::: * myContacts,,,,,,,,,,,Mobile,+972 3-9317090,,,,,,,,,,,,,,,,,,,,,,,,,,,,,,,,,,,,,,,,,,,,,,,,,,,
,,,,,,,,,,מוכר סקווש,,,,,,Imported on 4/29 ::: * myContacts,,,,,,,,,,,Mobile,+972 50-698-8333,,,,,,,,,,,,,,,,,,,,,,,,,,,,,,,,,,,,,,,,,,,,,,,,,,,
,,,,,,,,,,מרפאת מומחים  לרפואת,,עור,,,,* myContacts,,,,,,,,,,,Mobile,+972 50-966-9175,,,,,,,,,,,,,,,,,,,,,,,,,,,,,,,,,,,,,,,,,,,,,,,,,,,
,,,,,,,,,,audio4u - מקרן,,,,,,Imported on 4/29 ::: * myContacts,,,,,,,,,,,Mobile,+972 52-8813433 ::: +972 54-5376701,Home,1-700-700-014,,,,,,,,,,,,,,,,,,,,,,,,,,,,,,,,,,,,,,,,,,,,,,,,,
,,,,,,,,,,אנגיו סנטר,,,,,,* myContacts,,,,,,,,,,,Mobile,+972 52-959-9200,Work,077-500-3435,,,,,,,,,,,,,,,,,,,,,,,,,,,,,,,,,,,,,,,,,,,,,,,,,
,,,,,,,,,,Columbia,,,,,,Imported on 4/29 ::: * myContacts,,,,,,,,,,,Mobile,+972 53-421-1707,,,,,,,,,,,,,,,,,,,,,,,,,,,,,,,,,,,,,,,,,,,,,,,,,,,
,,,,,,,,,,תמורה סוכנות לביטוח,,,,,,* myContacts,,,,,,,,,,,Mobile,+972 54-636-7944,,,,,,,,,,,,,,,,,,,,,,,,,,,,,,,,,,,,,,,,,,,,,,,,,,,
,,,,,,,,,,,,,,,,* myContacts,,,,,,,,,,,Mobile,+972 54-860-0068,,,,,,,,,,,,,,,,,,,,,,,,,,,,,,,,,,,,,,,,,,,,,,,,,,,
,,,,,,,,,,המקום הכי חם בגיהנום,,,,,,Imported on 4/29 ::: * myContacts,,,,,,,,,,,Home,+972 54‑642‑3550,,,,,,,,,,,,,,,,,,,,,,,,,,,,,,,,,,,,,,,,,,,,,,,,,,,
,,,,,,,,,,המוביל פוספלד - מוסך,,,,,,Imported on 4/29 ::: * myContacts,,,,,,,,,,,Home,+972 72-2594257,Other,0732636331,Mobile,+972 52-647-3888,,,,,,,Home,"המוביל 9
כפר סבא
Israel",9 המוביל,כפר סבא,,,,Israel,,,,,,,,,,,,,,,,,,,,,,,,,,,,,,,,,
,,,,,,,,,,012,,,,,,* myContacts,,,,,,,,,,,Mobile,+972 74-707-3211,,,,,,,,,,,,,,,,,,,,,,,,,,,,,,,,,,,,,,,,,,,,,,,,,,,
,,,,,,,,,,בנק לאומי רעננה,,,,קרן,,Imported on 4/29 ::: * myContacts,,,,,,,,,,,Work,+972 76-869-4251 ::: +972 76-8694255,,,,,,,,,,,,,,,,,,,,,,,,,,,,,,,,,,,,,,,,,,,,,,,,,,,
,,,,,,,,,,Bank Hapoalim Park,,,,"757
264328

א' - סגור 
ג',ד' 13:15-08:30
ב',ה' 13:00-08:30 אחה""צ 19:00-16:00
ו' 12:30-08:15

יעל",,Imported 8/1/13 ::: Imported on 4/29 ::: * myContacts,,,,,,,,,,,Work,+972 9 7701754 ::: +972 9 7701722 ::: +972 9 7701753,Work Fax,+972 9 7743519,,,,,,,,,Home,"ירושלים 34 (פינת אחוזה), רעננה 43501","אחוזה
ירושלים 34 (פינת",רעננה,,,43501,,,,,,,,,,,,,,,,,,,,,,,,,,,,,,,,,,
,,,,,,,,,,Home,,,,,https://lh3.googleusercontent.com/contacts/AG6tpzFo3xtAPpssGI9ydjX-JXY4gjDxtN5QLCFphjnVDfG6Vsf_mE3w,Imported 8/1/13 ::: Imported on 4/29 ::: * myContacts,,,,,,,,,,,Home,+972 9 774 0457,,,,,,,,,,,,,,,,,,,,,,,,,,,,,,,,,,,,,,,,,,,,,,,,,,,
,,,,,,,,,,Meidav,,,,,,Imported 8/1/13 ::: Imported on 4/29 ::: * myContacts,,,,,,,,,,,Home,+972 9 774 9483 ::: +972 77 441 4440,,,,,,,,,,,,,,,,,,,,,,,,,,,,,,,,,,,,,,,,,,,,,,,,,,,
,,,,,,,,,,עיריית רעננה - פיקוח,,,,"ניסן
דליה גור",,Imported 8/1/13 ::: Imported on 4/29 ::: * myContacts,,,,,,,,,,,Work,+972 9-7610544 ::: +972 9-7610506,,,,,,,,,,,,,,,,,,,,,,,,,,,,,,,,,,,,,,,,,,,,,,,,,,,
,,,,,,,,,,Ripuy Beisuk levinstein,,,,7709049 - Maya,,Imported 8/1/13 ::: Imported on 4/29 ::: * myContacts,,,,,,,,,,,Work,+972 9-7709085 ::: +972 9-7707149,,,,,,,,,,,,,,,,,,,,,,,,,,,,,,,,,,,,,,,,,,,,,,,,,,,
,,,,,,,,,,"מרום כלי נגינה בע""מ",,,,,,Imported 8/1/13 ::: Imported on 4/29 ::: * myContacts,,,,,,,,,,,Work,+972-9-7452986,,,,,,,,,,,Home,"ויצמן  24 
2 
כפר סבא  44247",ויצמן,כפר סבא,,,44247,,,,,,,,,,,,,,,,,,,,,,,,,Sync.ME profile,http://sync.me/profile/v9DjLeyEQBADJ7XSvNSUFNZq7OjUkwpEwsx0LtBCZKU,,,,,Photo,https://www.google.com/s2/photos/private/AIbEiAIAAAAiCKP_6_LYlPDnERCvm_nXi8Thlv8BGKehoZPO94CpsQEwART1E988eY_1_bbc1KVvOnn6EBjX,,
,,,,,,,,,,קוממי מיזוג אויר,,,,,,* myContacts,,,,,,,,,,,Mobile,+972507913343,,,,,,,,,,,,,,,,,,,,,,,,,,,,,,,,,,,,,,,,,,,,,,,,,,,
,,,,,,,,,,גג לחיות,,,,,,Imported on 4/29 ::: * myContacts,,,,,,,,,,,Mobile,+972509589009,Other,099589000,,,,,,,,,,,,,,,,,,,,,,,,,,,,,,,,,,,,,,,,,,,,,,,,,
,,,,,,,,,,,,,,,,* myContacts,,,,,,,,,,,Mobile,+972525046413,,,,,,,,,,,,,,,,,,,,,,,,,,,,,,,,,,,,,,,,,,,,,,,,,,,
,,,,,,,,,,מוקד 107 עיריית רעננה,,,,,,* myContacts,,,,,,,,,,,Mobile,+972528107107,,,,,,,,,,,,,,,,,,,,,,,,,,,,,,,,,,,,,,,,,,,,,,,,,,,
,,,,,,,,,,מכון מור,,,,,,* myContacts,,,,,,,,,,,Mobile,+972529682535,,,,,,,,,,,,,,,,,,,,,,,,,,,,,,,,,,,,,,,,,,,,,,,,,,,
,,,,,,,,,,נייקי,,,,,,* myContacts,,,,,,,,,,,Mobile,+972542927777,,,,,,,,,,,,,,,,,,,,,,,,,,,,,,,,,,,,,,,,,,,,,,,,,,,
,,,,,,,,,,ToneLine,,,,,,Imported on 4/29 ::: * myContacts,,,,,,,,,,,Other,+972548102369,,,,,,,,,,,,,,,,,,,,,,,,,,,,,,,,,,,,,,,,,,,,,,,,,,,
,,,,,,,,,,Jerusalem Zoo,,,,,,Imported 8/1/13 ::: Imported on 4/29 ::: * myContacts,,,,,,,,,,,Mobile,026750111,,,,,,,,,,,,,,,,,,,,,,,,,,,,,,,,,,,,,,,,,,,,,,,,,,,
,,,,,,,,,,אופני כושר - מוכר,,,,,,Imported on 4/29 ::: * myContacts,,,,,,,,,,,Home,03-5013994,,,,,,,,,,,,,,,,,,,,,,,,,,,,,,,,,,,,,,,,,,,,,,,,,,,
,,,,,,,,,,אופני כושר יצרן,,,,,,Imported on 4/29 ::: * myContacts,,,,,,,,,,,Home,03-5186372,,,,,,,,,,,,,,,,,,,,,,,,,,,,,,,,,,,,,,,,,,,,,,,,,,,
,,,,,,,,,,אופני כושר - שרות,,,,,,Imported on 4/29 ::: * myContacts,,,,,,,,,,,Home,03-5186372,,,,,,,,,,,,,,,,,,,,,,,,,,,,,,,,,,,,,,,,,,,,,,,,,,,
,,,,,,,,,,Cal,,,,,,Imported on 4/29 ::: * myContacts,,,,,,,,,,,Home,03-5725111,,,,,,,,,,,,,,,,,,,,,,,,,,,,,,,,,,,,,,,,,,,,,,,,,,,
,,,,,,,,,,איכילוב אורולוגיה ניתוחים,,,,,,* myContacts,,,,,,,,,,,Mobile,03-697-4041,,,,,,,,,,,,,,,,,,,,,,,,,,,,,,,,,,,,,,,,,,,,,,,,,,,
,,,,,,,,,,רווחית,,,,מספר לקוח: 12023:,,Imported 8/1/13 ::: Imported on 4/29 ::: * myContacts,,,,,,,,,,,Work,03-7466300,,,,,,,,,,,Home,"ת.ד. 10157
תל אביב 61101",ת.ד. 10157,,,תל אביב,61101,,,,,,,,,,,,,,,,,,,,,,,,,,,,,,,,,,
,,,,,,,,,,חיל האויר,,,,,,Imported on 4/29 ::: * myContacts,,,,,,,,,,,Other,036062000,,,,,,,,,,,,,,,,,,,,,,,,,,,,,,,,,,,,,,,,,,,,,,,,,,,
,,,,,,,,,,Ozrot,,,,,,Imported on 4/29 ::: * myContacts,,,,,,,,,,,Other,036888860,,,,,,,,,,,,,,,,,,,,,,,,,,,,,,,,,,,,,,,,,,,,,,,,,,,
,,,,,,,,,,אורתופדיה אונקולוגית איכילוב,,,,,,* myContacts,,,,,,,,,,,Other,036973291,,,,,,,,,,,,,,,,,,,,,,,,,,,,,,,,,,,,,,,,,,,,,,,,,,,
,,,,,,,,,,hotels.com,,,,,,Imported on 4/29 ::: * myContacts,,,,,,,,,,,Other,037219643,,,,,,,,,,,,,,,,,,,,,,,,,,,,,,,,,,,,,,,,,,,,,,,,,,,
,,,,,,,,,,EasyJet,,,,,,Imported on 4/29 ::: * myContacts,,,,,,,,,,,Other,037630561,,,,,,,,,,,,,,,,,,,,,,,,,,,,,,,,,,,,,,,,,,,,,,,,,,,
,,,,,,,,,,Swiss,,,,,,* myContacts,,,,,,,,,,,Other,039058049,,,,,,,,,,,,,,,,,,,,,,,,,,,,,,,,,,,,,,,,,,,,,,,,,,,
,,,,,,,,,,כלל מעסיקים,,,,,,* myContacts,,,,,,,,,,,Other,039420434,,,,,,,,,,,,,,,,,,,,,,,,,,,,,,,,,,,,,,,,,,,,,,,,,,,
,,,,,,,,,,בסיס הטכני חיל האויר,,,,,,Imported on 4/29 ::: * myContacts,,,,,,,,,,,Other,048697989,,,,,,,,,,,,,,,,,,,,,,,,,,,,,,,,,,,,,,,,,,,,,,,,,,,
,,,,,,,,,,מרפאת הנוטרים,,,,,,* myContacts,,,,,,,,,,,Mobile,050 260 27 00,,,,,,,,,,,,,,,,,,,,,,,,,,,,,,,,,,,,,,,,,,,,,,,,,,,
,,,,,,,,,,,,,,,,Imported on 4/29 ::: * myContacts,,,,,,,,,,,Home,050-2080174,,,,,,,,,,,,,,,,,,,,,,,,,,,,,,,,,,,,,,,,,,,,,,,,,,,
,,,,,,,,,,משרד קבלה אמבולטורי בית חולים שמיר,,,,,,* myContacts,,,,,,,,,,,Mobile,050-519-1051,,,,,,,,,,,,,,,,,,,,,,,,,,,,,,,,,,,,,,,,,,,,,,,,,,,
,,,,,,,,,,Optic Eye,,,,,,* myContacts,,,,,,,,,,,Home,050-5810183,,,,,,,,,,,,,,,,,,,,,,,,,,,,,,,,,,,,,,,,,,,,,,,,,,,
,,,,,,,,,,בחירות מרצ,,,,,,Imported on 4/29 ::: * myContacts,,,,,,,,,,,Home,050-7473398,,,,,,,,,,,,,,,,,,,,,,,,,,,,,,,,,,,,,,,,,,,,,,,,,,,
,,,,,,,,,,"מטה הקלפיות, המחנה הדמוקרטי מרצ",,,,,,Imported on 4/29 ::: * myContacts,,,,,,,,,,,Other,050-7473398,,,,,,,,,,,,,,,,,,,,,,,,,,,,,,,,,,,,,,,,,,,,,,,,,,,
,,,,,,,,,,צרעה,,,,,,* myContacts,,,,,,,,,,,Mobile,050-988-8628,,,,,,,,,,,,,,,,,,,,,,,,,,,,,,,,,,,,,,,,,,,,,,,,,,,
,,,,,,,,,,תאונה תחנת דלק,,,,,,Imported on 4/29 ::: * myContacts,,,,,,,,,,,Other,0509736003,,,,,,,,,,,,,,,,,,,,,,,,,,,,,,,,,,,,,,,,,,,,,,,,,,,
,,,,,,,,,,ספורט מיכלן,,,,,,Imported on 4/29 ::: * myContacts,,,,,,,,,,,Mobile,052-3480053,Work,04-8555205,,,,,,,,,,,,,,,,,,,,,,,,,,,,,,,,,,,,,,,,,,,,,,,,,
,,,,,,,,,,איכילוב ,,,,,,* myContacts,,,,,,,,,,,Mobile,052-426-6408,,,,,,,,,,,,,,,,,,,,,,,,,,,,,,,,,,,,,,,,,,,,,,,,,,,
,,,,,,,,,,מוסך שלו,,,,,,* myContacts,,,,,,,,,,,Mobile,052-534-8477,,,,,,,,,,,,,,,,,,,,,,,,,,,,,,,,,,,,,,,,,,,,,,,,,,,
,,,,,,,,,,עמיעד מסנן מים,,,,,,* myContacts,,,,,,,,,,,Mobile,052-612-4994,,,,,,,,,,,,,,,,,,,,,,,,,,,,,,,,,,,,,,,,,,,,,,,,,,,
,,,,,,,,,,ישפאר,,,,,,* myContacts,,,,,,,,,,,Mobile,052-882-8404,,,,,,,,,,,,,,,,,,,,,,,,,,,,,,,,,,,,,,,,,,,,,,,,,,,
,,,,,,,,,,PC Doctor,,,,,https://lh3.googleusercontent.com/contacts/AG6tpzEiaiAopolPyDKR0aOVV8N1Qy27x44fHadlT3Cg5jyr8I0l-xV6,Imported on 4/29 ::: * myContacts,,,,,,,,,,,Mobile,0523631499,,,,,,,,,,,,,,,,,,,,,,,,,,,,,,,,,,,,,,,,,,,,,,,,,,,
,,,,,,,,,,טיב טעם,,,,,,* myContacts,,,,,,,,,,,Other,0526340504,,,,,,,,,,,,,,,,,,,,,,,,,,,,,,,,,,,,,,,,,,,,,,,,,,,
,,,,,,,,,,מרצ,,,,,,Imported on 4/29 ::: * myContacts,,,,,,,,,,,Mobile,053-6224394,Home,073-3767880,Other,036098998,,,,,,,,,,,,,,,,,,,,,,,,,,,,,,,,,,,,,,,,,,,,,,,
,,,,,,,,,,Hot WhatApp,,,,,,Imported on 4/29 ::: * myContacts,,,,,,,,,,,Home,053-8856900,,,,,,,,,,,,,,,,,,,,,,,,,,,,,,,,,,,,,,,,,,,,,,,,,,,
,,,,,,,,,,Camera Plus ,,,,,,* myContacts,,,,,,,,,,,Mobile,053-958-5248,,,,,,,,,,,,,,,,,,,,,,,,,,,,,,,,,,,,,,,,,,,,,,,,,,,
,,,,,,,,,,שידה,,,,,,* myContacts,,,,,,,,,,,Mobile,054-212-9215,,,,,,,,,,,,,,,,,,,,,,,,,,,,,,,,,,,,,,,,,,,,,,,,,,,
,,,,,,,,,,אוז מחשבים,,,,,,Imported on 4/29 ::: * myContacts,,,,,,,,,,,Mobile,054-4787306,Other,0545530777,,,,,,,,,,,,,,,,,,,,,,,,,,,,,,,,,,,,,,,,,,,,,,,,,
,,,,,,,,,,,,,,,,Imported on 4/29 ::: * myContacts,,,,,,,,,,,Mobile,0542490017,,,,,,,,,,,,,,,,,,,,,,,,,,,,,,,,,,,,,,,,,,,,,,,,,,,
,,,,,,,,,,מורה בתיכון בחולון?,,,,,,Imported on 4/29 ::: * myContacts,,,,,,,,,,,Other,0544434407,,,,,,,,,,,,,,,,,,,,,,,,,,,,,,,,,,,,,,,,,,,,,,,,,,,
,,,,,,,,,,עוזרות - בית חדש,,,,,,Imported on 4/29 ::: * myContacts,,,,,,,,,,,Mobile,0549815643,,,,,,,,,,,,,,,,,,,,,,,,,,,,,,,,,,,,,,,,,,,,,,,,,,,
,,,,,,,,,,Home Guard,,,,,,* myContacts,,,,,,,,,,,Mobile,072-220-2700,,,,,,,,,,,,,,,,,,,,,,,,,,,,,,,,,,,,,,,,,,,,,,,,,,,
,,,,,,,,,,Ziv Kitchens,,,,,,Imported on 4/29 ::: * myContacts,,,,,,,,,,,Work,08-6892020,Home,050-6814040,,,,,,,,,,,,,,,,,,,,,,,,,,,,,,,,,,,,,,,,,,,,,,,,,
,,,,,,,,,,דואר,,,,"א,ה:08:00-18:00
ב,ג:08:00-12:30 , 15:30-18:00
ד:08:00-13:30
ו:08:00-12:00",,Imported 8/1/13 ::: Imported on 4/29 ::: * myContacts,,,,,,,,,,,Work,09-7740308,,,,,,,,,,,Work,אופסטרלנד 4 רעננה,4 אופסטרלנד,רעננה,,,,,,,,,,,,,,,,,,,,,,,,,,,,,,,,,,,,,
,,,,,,,,,,פרקט בשרון,,,,,,Imported 8/1/13 ::: Imported on 4/29 ::: * myContacts,,,,,,,,,,,Home,097-400-931,,,,,,,,,,,,,,,,,,,,,,,,,,,,,,,,,,,,,,,,,,,,,,,,,,,
,,,,,,,,,,פרת - דודים אריק לביא,,,,,,* myContacts,,,,,,,,,,,Other,097402594,,,,,,,,,,,,,,,,,,,,,,,,,,,,,,,,,,,,,,,,,,,,,,,,,,,
,,,,,,,,,,TotalPHYSIO,,,,,,Imported on 4/29 ::: * myContacts,,,,,,,,,,,Other,097446695,,,,,,,,,,,,,,,,,,,,,,,,,,,,,,,,,,,,,,,,,,,,,,,,,,,
,,,,,,,,,,אופטיקה הלפרין,,,,,,* myContacts,,,,,,,,,,,Other,097488332,,,,,,,,,,,,,,,,,,,,,,,,,,,,,,,,,,,,,,,,,,,,,,,,,,,
,,,,,,,,,,פקח עירייה,,,,,,Imported on 4/29 ::: * myContacts,,,,,,,,,,,Other,097610458,,,,,,,,,,,,,,,,,,,,,,,,,,,,,,,,,,,,,,,,,,,,,,,,,,,
,,,,,,,,,,שרן - בדיקות דם עד הבית,,,,,,Imported 2/5/14 ::: Imported on 4/29 ::: * myContacts,,,,,,,,,,,Work,1-700-500-616,,,,,,,,,,,,,,,,,,,,,,,,,,,,,,,,,,,,,,,,,,Home Page,https://tinyurl.com/y88nmdou,,,,,,,,
,,,,,,,,,,012mobile,,,,,,Imported on 4/29 ::: * myContacts,,,,,,,,,,,Mobile,1800055888,,,,,,,,,,,,,,,,,,,,,,,,,,,,,,,,,,,,,,,,,,,,,,,,,,,
,,,,,,,,,,,,,,,,* myContacts,,,,,,,,,,,Other,5555555555555,,,,,,,,,,,,,,,,,,,,,,,,,,,,,,,,,,,,,,,,,,,,,,,,,,,
Aaron,,Platshon,,,,,,,,Better Place Inc.,Product Marketing,Global Marketing,,Exchange E-mail Address: /o=BetterPlace/ou=Exchange Administrative Group (FYDIBOHF23SPDLT)/cn=Recipients/cn=aplatshon,,* myContacts,* Other,Aaron.Platshon@betterplace.com,,,,,,,,,Pager,Skype: aaron.platshon,Mobile,1 650 248 7656,Work,1 650 845 2868,,,,,,,Work,"1070 Arastradero Road, Suite 220
Palo Alto, CA 94304
United States",Suite 220 1070 Arastradero Road,Palo Alto,,CA,94304,United States,,,,,,,,,,,,,,,,,,,,,,,,,,,,,,,,,
Aaron,,Polido,,,,,,,,,,,,"Group: Map Team
Israeli Mobile: 972.54.7210518
Mobile: +972.54.7210518",https://lh3.googleusercontent.com/contacts/AG6tpzFUGoM_yXY7gu_vjNvtmzvlbEwjyoWMQLJLf6qXquy7PwcizQwI,Imported 8/1/13 ::: Waze ::: Imported 3/19/12 ::: Imported on 4/29 ::: * myContacts,* Other,aaron@waze.com,,,,,,,,,Mobile,+972-54-7210518,,,,,,,,,,,Home,"הרוא""ה 12 רמת גן","12 הרוא""ה",רמת גן,,,,,,,,,,,,,,,,,,,,,,,,,,,,Profile,http://www.google.com/profiles/102440032419222342014,,,,,,,,
Abel,,Iñiguez,,,,,,,,Better Place,Contractor,Global Planning and Operations,,Exchange E-mail Address: /o=betterplace/ou=exchange administrative group (fydibohf23spdlt)/cn=recipients/cn=ainiguez,,* myContacts,* Other,Abel.Iniguez@betterplace.com,,,,,,,,,Pager,Skype: abeliniguez,Home,1 650 845 2806,Mobile,1 650 704 9979,,,,,,,Work,"1070 Arastradero Road, Suite 220
Palo Alto, CA 94304
United States",Suite 220 1070 Arastradero Road,Palo Alto,,CA,94304,United States,,,,,,,,,,,,,,,,,,,,Manager,Jay Sathe,,,,,,,,,,,,
Adam,,Bernstein,,,,,,,,TopCo,Integration Engineer,R&D,,Exchange E-mail Address: /o=betterplace/ou=exchange administrative group (fydibohf23spdlt)/cn=recipients/cn=abernstein,https://lh3.googleusercontent.com/contacts/AG6tpzHgg2LvDTSj9ANz_mf4u92KfQFsPZTh5cwZQXnV9K81BGxh9ikZ,* myContacts,* Other,Adam.Bernstein@betterplace.com,,,,,,,,,Pager,Skype: adm.bernstein,Mobile,972 54 323 3096,Work,972 73 790 2223,,,,,,,,,,,,,,,,,,,,,,,,,,,,,,,,,,Manager,Benji Selano,,,,,,,,,,,,
Adam,,Haisraeli,,,,,,,,מדעני העתיד,מנהל אוניברסיטת תל אביב לנוער,,,אדם הישראלי,,Imported 8/1/13 ::: Imported on 4/29 ::: * myContacts,* Work,adamh@tauex.tau.ac.il,,,,,,,,,,,,,,,,,,,,,,,,,,,,,,,,,,,,,,,,,,,,,,,,,,,,,,,,,,,,,
Adam,,Matan,,,,,,,,Yahoo!,Software developer,,1980-12-29,,https://lh3.googleusercontent.com/contacts/AG6tpzHxozuDKNE3ZeyzoWOqQZkQatWOPt8V7vv_3QKfeODcPWeVOdbq,Imported 8/1/13 ::: Waze ::: Imported on 4/29 ::: * myContacts,* Other,adam@waze.com,Other,adam@matan.name,,,,,,,Home,+972-2-6525225,Mobile,+972-52-611-3854,,,,,,,,,Home,קיבוץ זיקים 79140,,קיבוץ זיקים,,,79140,,,,,,,,,,,,,,,,,,,,,,,,,Sync.ME profile,http://sync.me/profile/m36FWnRUxC8N8Tv-acBNokKDT9queo-5iQ2lEJOkKd27ndvMN_1Ek3k5,,,,,,,,
Adam,Oster,Oster Michaeli,,,,,,,,,,,,,,Imported on 4/29 ::: * myContacts,* Other,adampen@google.com,,,,,,,,,Other,0506969388,,,,,,,,,,,,,,,,,,,,,,,,,,,,,,,,,,,,,,,,,,,,,,,,Photo,https://lh3.googleusercontent.com/-hdVa9UnJkt8/WcE74a3UwjI/AAAAAAAAAAA/edBTrMhvs_0xEBzIRRbhUdF5n86Kwo83gCOQCEAE/photo.jpg,,
Adam,Shaked,Shaked Gish,,,,,,,,CRight,Team Leader,,,LinkedIn Profile: https://www.linkedin.com/profile?viewProfile=&key=2118077,,Imported 8/1/13 ::: Imported on 4/29 ::: * myContacts,* Other,adam.shakedgish@gmail.com,,,,,,,,,Radio,adam_sg,,,,,,,,,,,,,,,,,,,,,,,,,,,,,,,,,,,,,,,,,,Sync.ME profile,http://sync.me/profile/DEOumwW4y3rvHJmAotZXptFwnBHbU44Qsg,,,,,,,,
Adi,,Aron-Gilat,,,,,,,,Better Place Inc.,Policy Analyst,Global Communications,,Exchange E-mail Address: /o=BetterPlace/ou=Exchange Administrative Group (FYDIBOHF23SPDLT)/cn=Recipients/cn=aaron-gilat,,* myContacts,* Other,Adi.Aron-Gilat@betterplace.com,,,,,,,,,Pager,Skype: adiarongilat,Mobile,1 650 575 1601,Work,1 650 845 2836,,,,,,,Work,"1070 Arastradero Road, Suite 220
Palo Alto, California 94304
United States",Suite 220 1070 Arastradero Road,Palo Alto,,CA,94304,United States,,,,,,,,,,,,,,,,,,,,Manager,Joe Paluska,,,,,,,,,,,,
Adi,,Ben-Artzy,,,,,,,,,,, --05-08,,,Imported on 4/29 ::: * myContacts,* Other,adiba@google.com,,,,,,,,,,,,,,,,,,,,,,,,,,,,,,,,,,,,,,,,,,,,,,,,,,,,,,,,,,Photo,https://lh6.googleusercontent.com/-8C-x8T9XM0E/WceSiCTKqMI/AAAAAAAAAAA/85dhMf-r8GEVLrQDLxoJP3WYW3_XEXzfQCOQCEAE/photo.jpg,,
Adi,,Hirsh,,,,,,,,,,,,,https://lh3.googleusercontent.com/contacts/AG6tpzGIH1ztwfjMLvy1pq_qjvR-slcGnXRCvX9TQqjNi62IFaGYisvq,* myContacts,* Other,hirsh.adi@gmail.com,,,,,,,,,Mobile,+972 505880830,,,,,,,,,,,,,,,,,,,,,,,,,,,,,,,,,,,,,,,,,,,,,,,,,,,
Adi,,Kalderon,,,,,,,,,,,,,https://lh3.googleusercontent.com/contacts/AG6tpzEfVVkGssfiTKdNTrulIPtHG3b5zLkAdHtNT_GLCV-9OjZh32_l,Imported 8/1/13 ::: Imported on 4/29 ::: * myContacts,* Other,adi_kalderon@yahoo.com,,,,,,,,,Mobile,+972 (50) 8828703,,,,,,,,,,,,,,,,,,,,,,,,,,,,,,,,,,,,,,,,,,Other,fb://profile/561309984,,,,,,,,
Adi,Kessler,Levinson,,,,,,Adi,,,,,,Iddo ...,https://lh3.googleusercontent.com/contacts/AG6tpzFkzN1gPMOGgTTUSK6qKzNcQD24VExx-u2Uh6LOkZsu7cvqWmje,Imported 8/1/13 ::: Imported on 4/29 ::: * myContacts,* Other,adi.levinson1@gmail.com,Home,adikess@netvision.net.il,,,,,,,Mobile,054-434-0143,,,,,,,,,,,,,,,,,,,,,,,,,,,,,,,,,,,,,,,,,,Other,fb://profile/100000443013199,,,,,,,,
Adi,,Perl,,,,,,,,,,,,,https://lh3.googleusercontent.com/contacts/AG6tpzHw0vpnLKsShirKuSf0yadb8BJmwWVT-GaN5s6pgDl-Ch2fKyhs,Imported 8/1/13 ::: Imported on 4/29 ::: * myContacts,* Other,adidi97@gmail.com,,,,,,,,,Mobile,0544470613,,,,,,,,,,,,,,,,,,,,,,,,,,,,,,,,,,,,,,,,,,,,,,,,,,,
Adi,,Pinhas,,,,,,,,,,,,,,Imported on 4/29 ::: * myContacts,,,,,,,,,,,Mobile,+972 54-999-4557,,,,,,,,,,,,,,,,,,,,,,,,,,,,,,,,,,,,,,,,,,,,,,,,,,,
Adi,,Raz,,,,,,,,TopCo,SW Engineer,R&D,,Exchange E-mail Address: /o=BetterPlace/ou=Exchange Administrative Group (FYDIBOHF23SPDLT)/cn=Recipients/cn=AdiR,,* myContacts,* Other,Adi.Raz@betterplace.com,,,,,,,,,Pager,skype: adi.raz.better,Mobile,972 52 644 3337,Work,972 73 790 2180,,,,,,,,,,,,,,,,,,,,,,,,,,,,,,,,,,Manager,Motty Cohen,,,,,,,,,,,,
Adi,,שיננית,,,,,,,,,,,,שיננית,,Imported on 4/29 ::: * myContacts,,,,,,,,,,,Mobile,+972542090898,,,,,,,,,,,,,,,,,,,,,,,,,,,,,,,,,,,,,,,,,,,,,,,,,,,
Adir,,Oren,,,,,,,,,,,,Exchange E-mail Address: /o=BetterPlace/ou=Exchange Administrative Group (FYDIBOHF23SPDLT)/cn=Recipients/cn=adiro,https://lh3.googleusercontent.com/contacts/AG6tpzFULPEe5Yewic_IKalXvntFdawfvMtyjrwcfq2YFFyaK6pph9gH,* myContacts,* Other,Adir.Oren@betterplace.com,,,,,,,,,Mobile,972 54 561 5656,,,,,,,,,,,,,,,,,,,,,,,,,,,,,,,,,,,,,,Manager,Yariv Tal,,,,,,,,,,,,
,,,,,,,,,,Tasim33,,,,,,Imported 8/1/13 ::: Imported on 4/29 ::: * myContacts,* Other,admin@tasim33.co.il,,,,,,,,,Mobile,0522783807,,,,,,,,,,,,,,,,,,,,,,,,,,,,,,,,,,,,,,,,,,,,,,,,,,,
Adrian,,Singer,,,,,,,,Waze,Community Manager,,1980-06-04,"Group: Product & Marketing
Israeli Mobile: 972.52.5213358
Mobile: +972.52.5213358

Group: Product & Marketing
Israeli Mobile: 972.52.5213358
Mobile:+972.52.5213358",https://lh3.googleusercontent.com/contacts/AG6tpzGbiFaC8vHBYc-Ik_pnsISY1ZurTkRN-SO_7HHw8V4zgez2uG5d,Imported 8/1/13 ::: Waze ::: Imported 3/19/12 ::: Imported on 4/29 ::: * myContacts,* Obsolete,adrian@waze.com,Work,adriansinger@google.com,,adrian@wazearchive.goog ::: adriansinger@waze.com,Other,adriansinger@gmail.com,,,Home,+972-3-6297324,Mobile,+972-52-5213358,,,,,,,,,Home,"טרומפלדור 24 ת""א",24 טרומפלדור,"ת""א",,,,,,,,,,,,,,,,,,,,,,,,,,,,Profile,http://www.google.com/profiles/114514572061691752949 ::: http://www.google.com/profiles/108184275236102609584,,,,,Photo,https://lh6.googleusercontent.com/-EX9K7XTpi6o/WceSRhiUfKI/AAAAAAAAAAA/g0chibEkUdAMBDo4DoW0aEErb6GTne4SQCOQCEAE/photo.jpg,,
Afrim Cena Guida Nentokesore,,,,,,,,,,,,,,,,* myContacts,,,,,,,,,,,Other,+355685520330,,,,,,,,,,,,,,,,,,,,,,,,,,,,,,,,,,,,,,,,,,,,,,,,,,,
Aharon,,Avitzur,,,,,,,,TopCo,System Architect,R&D,,Exchange E-mail Address: /o=BetterPlace/ou=Exchange Administrative Group (FYDIBOHF23SPDLT)/cn=Recipients/cn=aharona,https://lh3.googleusercontent.com/contacts/AG6tpzGXjqVUeDf_WlnuN7G70wT57tOcBqOZBTfEvYs-P8zj4_2-Kc2W,* myContacts,* Other,Aharon.Avitzur@betterplace.com,,,,,,,,,Pager,Skype: aharon.avitzur,Mobile,972 54 227 7519,Work,972 73 790 2181,,,,,,,,,,,,,,,,,,,,,,,,,,,,,,,,,,Manager,Barak Hershkovitz,,,,,,,,,,,,
Aharon,,Politzer,,,,,,,,TTI - NA,Testing Manager,,2006-02-17,nonsense,,Imported 8/1/13 ::: Imported on 4/29 ::: * myContacts,* Other,aharonp@tti-telecom.com,Other,Aharon.politzer@gmail.com,,,,,,,Home,+1 (770) 4819393,Mobile,(678) 772-7794,Work,(770) 206-4603,Work Fax,(770) 206-4701,,,,,Home,"369 Fairbrook Cir
Marietta, GA 30067
United States of America",369 Fairbrook Cir,Marietta,,GA,30067,United States of America,,Work,"1000 Abernathy Rd
Atlanta, GA 30328
United States of America",1000 Abernathy Rd,Atlanta,,GA,30328,United States of America,,,,,,,,,,,Manager,Greg Yee,,,Home Page,http://www.tti-telecom.com,,,,,,,,
Akhtar,,Jameel,,,,,,,,Better Place Inc.,Product Marketing,Global Marketing,,Exchange E-mail Address: /o=BetterPlace/ou=Exchange Administrative Group (FYDIBOHF23SPDLT)/cn=Recipients/cn=ajameel,https://lh3.googleusercontent.com/contacts/AG6tpzG57jq5buAMsUWJvrg1ZfakZ3QIFoONrl69-zRcjcIsDipiOlJE,* myContacts,* Other,Akhtar.Jameel@betterplace.com,,,,,,,,,Pager,Skype: akhtarjameel123,Mobile,1 650 799 2814,Work,1 650 845 2813,,,,,,,Work,"1070 Arastradero Road, Suite 220
Palo Alto, CA 94304
United States",Suite 220 1070 Arastradero Road,Palo Alto,,CA,94304,United States,,,,,,,,,,,,,,,,,,,,,,,,,,,,,,,,,
Alain,,Lahmi Tour Mont Blanc,,,,,,,,,,,,,,* myContacts,,,,,,,,,,,Mobile,+33607141087,,,,,,,,,,,,,,,,,,,,,,,,,,,,,,,,,,,,,,,,,,,,,,,,,,,
Alan,,Finkel,,,,,,,,Better Place Australia,Chief Technology Officer,Management,,Exchange E-mail Address: /o=BetterPlace/ou=Exchange Administrative Group (FYDIBOHF23SPDLT)/cn=Recipients/cn=afinkel,,* myContacts,* Other,Alan.Finkel@betterplace.com,,,,,,,,,Mobile,+61 (0) 400 004 411,Work,61 3 8679 0806,Other Fax,61 3 86790880,,,,,,,Work,"114 Balmain Street
Cremorne, VIC 3121
Australia",114 Balmain Street,Cremorne,,VIC,3121,Australia,,,,,,,,,,,,,,,,,,,,Manager,Evan Thornley,,,,,,,,,,,,
Alan,,Schimmoeller,,,,,,,,Better Place Inc.,Global Infrastructure Deployment,Global Plannig and Operations,,Exchange E-mail Address: /o=BetterPlace/ou=Exchange Administrative Group (FYDIBOHF23SPDLT)/cn=Recipients/cn=aschimmoeller,,* myContacts,* Other,Alan.Schimmoeller@betterplace.com,,,,,,,,,Mobile,1 949 246 4642,Work,1 650 845 2800,,,,,,,,,Work,"1070 Arastradero Road, Suite 220
Palo Alto, California 94304
United States",Suite 220 1070 Arastradero Road,Palo Alto,,CA,94304,United States,,,,,,,,,,,,,,,,,,,,Manager,Tal Agassi,,,,,,,,,,,,
Albert,,Piamenta,,,,,,,,,Sax,,,,https://lh3.googleusercontent.com/contacts/AG6tpzGwoX4N3VL7qzG3AdpQt91ts6sbsu8aZ_ArSBRdxmifvs7_d6Oe,Imported 8/1/13 ::: Imported on 4/29 ::: * myContacts,,,,,,,,,,,Mobile,050-6864716,,,,,,,,,,,,,,,,,,,,,,,,,,,,,,,,,,,,,,,,,,,,,,,,,,,
Aletha,,Camille Bertelsen,,,,,,,,Better Place Denmark A/S,HR Director,Human Resources,,Exchange E-mail Address: /o=BetterPlace/ou=Exchange Administrative Group (FYDIBOHF23SPDLT)/cn=Recipients/cn=AlethaC,,* myContacts,* Other,aletha.Camille@betterplace.com,,,,,,,,,Mobile,45 6017 0670,Work,45 702 702 47,,,,,,,,,Work,"Enigheden
Bygmestervej 57
Copenhagen NV 2400
Denmark","57 Bygmestervej
Enigheden",Copenhagen NV,,,2400,Denmark,,,,,,,,,,,,,,,,,,,,Manager,Jens Moberg,,,,,,,,,,,,
Alex,,Agranovich,,,,,,,,,,,,"Group: R&D 
Israeli Mobile: 972.54.4380888
Mobile: +972.54.4380888",https://lh3.googleusercontent.com/contacts/AG6tpzE3cJbVIYGZBVHuupQrIC25qiqZfnpFn-8e2NQCR3N0IlQJlHWH,Imported 8/1/13 ::: Waze ::: Imported 3/19/12 ::: Imported on 4/29 ::: * myContacts,* Obsolete,Alex@waze.com,Work,alexagr@google.com,,alex@wazearchive.goog,,,,,Mobile,+972-54-4380888,,,,,,,,,,,Home,אליעזר יפה 39/4 רעננה,39/4 אליעזר יפה,רעננה,,,,,,,,,,,,,,,,,,,,,,,,,,,,Profile,http://www.google.com/profiles/106280456927920501713 ::: http://www.google.com/profiles/106280456927920501713,,,,,,,,
Alex,,Glants,,,,,,,,,,,,Exchange E-mail Address: /o=BetterPlace/ou=Exchange Administrative Group (FYDIBOHF23SPDLT)/cn=Recipients/cn=alexg,https://lh3.googleusercontent.com/contacts/AG6tpzFD7Jly4xQnIUc6BmfsZSuCE2s8VsqlZTXbB00A6vgscwlKx59G,* myContacts,* Other,Alex.Glants@betterplace.com,,,,,,,,,Mobile,972 50 469 9209,,,,,,,,,,,,,,,,,,,,,,,,,,,,,,,,,,,,,,Manager,Motty Cohen,,,,,,,,,,,,
Alex,,Maghen,,,,,,,,,,,,,https://lh3.googleusercontent.com/contacts/AG6tpzGtms8kuI3HGHoJSmhEoPygVPnJyCWPQlk5tl4n-f0KFd4DHdIk,Imported 8/1/13 ::: Imported on 4/29 ::: * myContacts,* Other,alex@maghen.com,,,,,,,,,Home,+1 (310) 659-3766,Mobile,+1 (310) 926-5443,Work Fax,+1 (310) 659-6879,,,,,,,Work,"700 Westbourne Drive
West Hollywood
CA
90069
United States of America",700 Westbourne Drive,West Hollywood,,CA,90069,United States of America,,,,,,,,,,,,,,,,,,,,,,,,Other,http://maghen.com,Profile,http://www.google.com/profiles/104613141362534418982,,,,,,
Alex,,Shafir,,,,,,,,,,,,,,Imported on 4/29 ::: * myContacts,* ,alex_shafiras@yahoo.com,Other,alex.shafir@clicksoftware.com,,,,,,,Mobile,+972546722424,Work,+972747359424,,,,,,,,,,,,,,,,,,,,,,,,,,,,,,,,,,,,,,,,,,,,,,,,,
Alexander,,Glyakov,,,,,,,,,,,,"Group: R&D
Israeli Mobile: 972.52.6450825
Mobile: +972.52.6450825",https://lh3.googleusercontent.com/contacts/AG6tpzH4ec_t1LanOQqtTUQ52kpRFqhYjLOqM5w6QdidWduQDXmHRZpM,Imported 8/1/13 ::: Imported 3/19/12 ::: Imported on 4/29 ::: * myContacts,* Work,sasha@waze.com,Work,sashagl@google.com,,,,,,,Home,052-645-0825,,,,,,,,,,,,,,,,,,,,,,,,,,,,,,,,,,,,,,,,,,Profile,http://www.google.com/profiles/116778875248875929480,,,,,,,,
Alexander,,Kamenihin,,,,,,,,TopCo,Trails and verification engineer,R&D,,Exchange E-mail Address: /o=BetterPlace/ou=Exchange Administrative Group (FYDIBOHF23SPDLT)/cn=Recipients/cn=AlexanderK,,* myContacts,* Other,Alexander.Kamenihin@betterplace.com,,,,,,,,,Pager,Skype: alex.kamenihin,Mobile,972 54 323 3077,Work,972 73 790 2163,,,,,,,,,,,,,,,,,,,,,,,,,,,,,,,,,,,,,,,,,,,,,,,
Alexander,,Lubochkov,,,,,,,,,,,,Exchange E-mail Address: /o=BetterPlace/ou=Exchange Administrative Group (FYDIBOHF23SPDLT)/cn=Recipients/cn=alexanderl,,* myContacts,* Other,Alexander.Lubochkov@betterplace.com,,,,,,,,,Work,972 73 7902703,,,,,,,,,,,,,,,,,,,,,,,,,,,,,,,,,,,,,,,,,,,,,,,,,,,
alik,,melnikov,,,,,,,,,,,,,,Imported 8/1/13 ::: Imported on 4/29 ::: * myContacts,* Other,alik.melnikov@gmail.com,,,,,,,,,,,,,,,,,,,,,,,,,,,,,,,,,,,,,,,,,,,,,,,,,,,,,,,,,,,,,
Alina,,Shnaider,,,,,,,,,,,,,,Imported on 4/29 ::: * myContacts,* ,alinashn@waze.com,Work,alinashn@google.com,,,,,,,Mobile,+972 (054) 9372575,Work,+972 74-746-6726,,,,,,,,,,,,,,,,,,,,,,,,,,,,,,,,,,,,,,,,,,,,,,,,,
Alison,,Terry,,,,,,,,Better Place Australia,Head of Corporate Affairs and Chief of Staff,Communications,,Exchange E-mail Address: /o=BetterPlace/ou=Exchange Administrative Group (FYDIBOHF23SPDLT)/cn=Recipients/cn=aterry,,* myContacts,* Other,Alison.Terry@betterplace.com,,,,,,,,,Home,61 3 8844 5554,Mobile,61417 141 193,Work,61 3 8679 0812,Other Fax,61 3 86790880,,,,,Work,"114 Balmain Street
Cremorne, VIC 3121
Australia",114 Balmain Street,Cremorne,,VIC,3121,Australia,,,,,,,,,,,,,,,,,,,,Manager,Evan Thornley,,,,,,,,,,,,
Aliza,,Itzkowitz,,,,,,,,,,,,,,Imported on 4/29 ::: * myContacts,* ,alizai@waze.com,Work,alizai@google.com,,,,,,,,,,,,,,,,,,,,,,,,,,,,,,,,,,,,,,,,,,,,,,,,,,,,,,,,,,,
Aliza,,Peleg,,,,,,,,Better Place Inc.,VP of Global Planning and Operations,Global Planning and Operations,,Exchange E-mail Address: /o=BetterPlace/ou=Exchange Administrative Group (FYDIBOHF23SPDLT)/cn=Recipients/cn=apeleg,https://lh3.googleusercontent.com/contacts/AG6tpzHcpXS6229MuZFvdXWfSqO57ra2ONfjJaTE5J8aAk2ca8pcCZG7,* myContacts,* Other,Aliza.Peleg@betterplace.com,,,,,,,,,Pager,Skype: Aliza-Peleg,Home,972 5454 44 800,Mobile,1 650 714 4788,Work,1 650 845 2882,,,,,Work,"1070 Arastradero Road, Suite 220
Palo Alto, California 94304
United States",Suite 220 1070 Arastradero Road,Palo Alto,,CA,94304,United States,,,,,,,,,,,,,,,,,,,,Manager,Shai Agassi,,,,,,,,,,,,
Aliza,,Zilberman,,,,,,,,OpCo,Marcom,Marketing Team,,Exchange E-mail Address: /o=BetterPlace/ou=Exchange Administrative Group (FYDIBOHF23SPDLT)/cn=Recipients/cn=alizaz,https://lh3.googleusercontent.com/contacts/AG6tpzGITuVQF36Ka1I5kiMjR15ZurzquY5WV63ggBXEKiJATlxJwWND,* myContacts,* Other,Aliza.Zilberman@betterplace.com,,,,,,,,,Mobile,972 54 914 8506,Work,972 73 790 2245,,,,,,,,,,,,,,,,,,,,,,,,,,,,,,,,,,,,Manager,Inbal Zaltzman,,,,,,,,,,,,
Alli,,Magidsohn,,,,,,,,,,, --02-25,"Group: Product & Marketing
Israeli Mobile: 972.52.7837839
Mobile: +972.52.7837839

Group: Product & Marketing
Israeli Mobile: 972.52.7837839
Mobile:+972.52.7837839",https://lh3.googleusercontent.com/contacts/AG6tpzGDDW7sVtJRHXgYeKwEE_K5CTK8rLjn3KkGTkEP4oVC91Tt2x06,Imported 8/1/13 ::: Waze ::: Imported 3/19/12 ::: Imported on 4/29 ::: * myContacts,* Other,alli@waze.com,Other,cloudasmetaphor@gmail.com,,,,,,,Mobile,+972-52-7837839,,,,,,,,,,,Home,"יהודה הלוי 61/6 ת""א",61/6 יהודה הלוי,"ת""א",,,,,,,,,,,,,,,,,,,,,,,,,,,,Other,www.allimagidsohn.com,,,,,,,,
Allison,,Whitaker,,,,,,,,,,,,,,Imported 8/1/13 ::: Imported on 4/29 ::: * myContacts,* Other,Allison.Whitaker@Bellsouth.com,Other,allisonwhittaker@imcingular.com,,,,,,,Work,+14049860894,,,,,,,,,,,,,,,,,,,,,,,,,,,,,,,,,,,,,,,,,,,,,,,,,,,
Alon,,,,,,,,,,Waze,External IT,,,,,Imported 8/1/13 ::: Imported on 4/29 ::: * myContacts,,,,,,,,,,,Mobile,054-461-6153,,,,,,,,,,,,,,,,,,,,,,,,,,,,,,,,,,,,,,,,,,,,,,,,,,,
Alon,,Arad,,,,,,,,,,,,,,* myContacts,,,,,,,,,,,Mobile,+972546726800,,,,,,,,,,,,,,,,,,,,,,,,,,,,,,,,,,,,,,,,,,,,,,,,,,,
Alon,,Avitzur,,,,,,,,,,,,,,Imported on 4/29 ::: * myContacts,* ,alona@waze.com,,aavitzur@waze.com,Work,aavitzur@google.com,Other,aavitzur@gmail.com,,,Mobile,+972 52-8545266,,,,,,,,,,,,,,,,,,,,,,,,,,,,,,,,,,,,,,,,,,Profile,http://www.google.com/profiles/114025521709471890277,,,,,Photo,https://lh4.googleusercontent.com/-0vJ9ou06WZw/WC6eA2D64gI/AAAAAAAAAAA/CgdfNMrgfr8gV-J9oNjGj-knwR2lC3-PwCOQCEAE/photo.jpg,,
alon,,davidi,,,,,,,,,,,,,,* myContacts,* ,alondvd1@gmail.com,,,,,,,,,,054-8070388,,,,,,,,,,,,,,,,,,,,,,,,,,,,,,,,,,,,,,,,,,,,,,,,,,,
Alon,,Fischer,,,,,,Alon,,,,,,,,Imported 8/1/13 ::: Imported on 4/29 ::: * myContacts,,,,,,,,,,,,,,,,,,,,,,,,,,,,,,,,,,,,,,,,,,,,,,,,,,,,,,,,,,,,,,,
Alon,,Geva,,,,,,,,XMPie Inc.,CTO,,,,https://lh3.googleusercontent.com/contacts/AG6tpzGPAwP6Qd_vlMd8-du7T0sBU_FLjHUPEKMAWrKMu2iS-AF-eyGV,Imported 8/1/13 ::: Imported on 4/29 ::: * myContacts,* Other,alon.geva@us.xmpie.com,,,,,,,,,Mobile,+1 (917) 570-4123,Work,+1 (212) 479-5194,Work Fax,+1 (212) 479-5187,,,,,,,Work,United States of America,,,,,,United States of America,,,,,,,,,,,,,,,,,,,,,,,,,,,,,,,,,
Alon,,Golan,,,,,,,,wednesdaynightsoccer,,,,,https://lh3.googleusercontent.com/contacts/AG6tpzGsU0HhZ2esokoYT5AauX29XlH_dKArCjf6RPFS1CO9UMC6rjcF,Imported 8/1/13 ::: wednesdaynightsoccer ::: Imported on 4/29 ::: * myContacts,* Other,golanalon@hotmail.com,,,,,,,,,Mobile,054-6559967,,,,,,,,,,,,,,,,,,,,,,,,,,,,,,,,,,,,,,,,,,Other,fb://profile/896530337,,,,,,,,
Alon,,Gonen,,,,,,,,,,,,,https://lh3.googleusercontent.com/contacts/AG6tpzHMRW5QO9w6bXY4kpzTYd7kcsNEESlWX9J0ONA4NsNURBO4yaEm,Imported 8/1/13 ::: Imported on 4/29 ::: * myContacts,* Other,alon@press-sense.com,,,,,,,,,Mobile,+972 54 771 9175,,,,,,,,,,,Work,"Nesher
90210
Israel",,Nesher,,,90210,Israel,,,,,,,,,,,,,,,,,,,,,,,,,,,,,,,,,
Alon,,Kuperman,,,,,,,,,,,,Exchange E-mail Address: /o=BetterPlace/ou=Exchange Administrative Group (FYDIBOHF23SPDLT)/cn=Recipients/cn=alonk,,* myContacts,* Other,Alon.Kuperman@betterplace.com,,,,,,,,,Mobile,526943234,,,,,,,,,,,,,,,,,,,,,,,,,,,,,,,,,,,,,,Manager,Guy Tzur,,,,,,,,,,,,
alon,,marom,,,,,,,,wednesdaynightsoccer,,,,,,Imported 8/1/13 ::: wednesdaynightsoccer ::: Imported on 4/29 ::: * myContacts,* Other,alon_marom@walla.co.il,,,,,,,,,,,,,,,,,,,,,,,,,,,,,,,,,,,,,,,,,,,,,,,,,,,,,,,,,,,,,
Alon,,Segal,,,,,,,,,,,,,,Imported on 4/29 ::: * myContacts,* ,alonsegal@waze.com,Work,alonsegal@google.com,,,,,,,Mobile,+972506793578,,,,,,,,,,,,,,,,,,,,,,,,,,,,,,,,,,,,,,,,,,,,,,,,,,,
Alon,,Shakked,,,,,,,,,,,,"Group: R&D 
Israeli Mobile: 972.54.6908666
Mobile: +972.54.6908666",,Imported 8/1/13 ::: Imported 3/19/12 ::: Imported on 4/29 ::: * myContacts,* ,alon@waze.com,,,,,,,,,,,,,,,,,,,,,,,,,,,,,,,,,,,,,,,,,,,,,,,,,,,,,,,,,,,,,
Ami,,Eyal,,,,,,,,,,,,,,Imported 8/1/13 ::: Imported on 4/29 ::: * myContacts,* Other,ampiland@yahoo.com,,,,,,,,,,,,,,,,,,,,,,,,,,,,,,,,,,,,,,,,,,,,,,,,,,,,Other,fb://profile/789349427,,,,,,,,
Ami,,Goren,,,,,,,,Strategiclear,Owner,, --11-05,,,Imported on 4/29 ::: * myContacts,* Other,ami@agsc.co,,,,,,,,,,,,,,,,,,,,,,,,,,,,,,,,,,,,,,,,,,,,,,,,,,,,Other,www.Strategiclear.com,,,,,Photo,https://lh4.googleusercontent.com/-2DgOvVEXyjg/WceSk4YlOaI/AAAAAAAAAAA/1SLRyhxCUDgjYn-ydWuDAuNtLAXx4cZHwCOQCEAE/photo.jpg,,
Ami,,Meoded,,,,,,,,,,,,Plumber,,Imported 8/1/13 ::: Imported on 4/29 ::: * myContacts,,,,,,,,,,,Mobile,+972 (52) 2510623,,,,,,,,,,,,,,,,,,,,,,,,,,,,,,,,,,,,,,,,,,,,,,,,,,,
Amir,,,,,,,,,,Piano,,,,,,Imported 8/1/13 ::: Imported on 4/29 ::: * myContacts,,,,,,,,,,,Mobile,+972 (52) 2503617,Work,+972 (9) 8355353,Home,+972 (9) 7429840,,,,,,,,,,,,,,,,,,,,,,,,,,,,,,,,,,,,,,,,,,,,,,,
Amir,,Adar Arabic Site ,,,,,,,,https://roadtorecovery.org.il/Spokenarabic/index.html,Arabic Verbs Site,,,,,* myContacts,* ,amir.adar@gmail.com,,,,,,,,,,054-7298599,,,,,,,,,,,,,,,,,,,,,,,,,,,,,,,,,,,,,,,,,,,,,,,,,,,
Amir,,Azran,,,,,,,,OpCo,Acquisition representative,Ops,,Exchange E-mail Address: /o=BetterPlace/ou=Exchange Administrative Group (FYDIBOHF23SPDLT)/cn=Recipients/cn=amira,https://lh3.googleusercontent.com/contacts/AG6tpzEj8PzoTmeeGz0JsmCCMR2K_TKoBjEAQrwKBGnCJGWZOqe2x4dz,* myContacts,* Other,Amir.Azran@betterplace.com,,,,,,,,,Pager,Skype: amir_azran,Mobile,972 54 468 8111,Work,972 73 790 2139,,,,,,,,,,,,,,,,,,,,,,,,,,,,,,,,,,Manager,Pini Liberman,,,,,,,,,,,,
amir,bachar,amsalem,,,,,,,,,,,,,https://lh3.googleusercontent.com/contacts/AG6tpzHbNNPg0T--ZEBYnEMge5e-sJ81pvMroqo1j3-L0bqRA9WwabGs,* myContacts,* Work,amirb@amsalem.com,,,,,,,,,Mobile,+972 54-692-9994,Work,+972 73-265-1023,,,,,,,,,,,,,,,,,,,,,,,,,,,,,,,,,,,,,,,,,,,,,,,,,
Amir,,Daniely,,,,,,,,,,,,,,Imported 8/1/13 ::: Imported on 4/29 ::: * myContacts,* Other,amirdaniely@gmail.com,,,,,,,,,Work,+972 52-2402777,,,,,,,,,,,,,,,,,,,,,,,,,,,,,,,,,,,,,,,,,,Other,fb://profile/833993420,,,,,,,,
Amir,,Frinlander,,,,,,,,VSoft,,,,"Choo Choo, choochoo",,Imported 8/1/13 ::: Imported on 4/29 ::: * myContacts,,,,,,,,,,,Home,+972 (3) 6422360,Mobile,+972 (52) 2422194,Work,+972 (4) 9599555,,,,,,,,,,,,,,,,,,,,,,,,,,,,,,,,,,,,,,,,,,,,,,,
Amir,,Gaash,,,,,,,,HP,,,,,,Imported 8/1/13 ::: Imported on 4/29 ::: * myContacts,* Other,amir.gaash@hp.com,,,,,,,,,,,,,,,,,,,,,,,,,,,,,,,,,,,,,,,,,,,,,,,,,,,,,,,,,,,,,
Amir,,Green,,,,,,,,OpCo,Process Engineer,Sales,,Exchange E-mail Address: /o=BetterPlace/ou=Exchange Administrative Group (FYDIBOHF23SPDLT)/cn=Recipients/cn=amirg,https://lh3.googleusercontent.com/contacts/AG6tpzFePzP9O3WcoqxXQDkJmx4n91cL6LUyPjp_WudFDm6obg3I_e_C,* myContacts,* Other,Amir.Green@betterplace.com,,,,,,,,,Mobile,972 54 830 0685,Work,972 73 790 2571,,,,,,,,,,,,,,,,,,,,,,,,,,,,,,,,,,,,Manager,Lior Resnik,,,,,,,,,,,,
Amir,,Horenshtein,,,,,,,,OpCo,Switchers (Sales Rep for Visitors Center),Customer Care,,Exchange E-mail Address: /o=BetterPlace/ou=Exchange Administrative Group (FYDIBOHF23SPDLT)/cn=Recipients/cn=amirh,,* myContacts,* Other,Amir.Horenshtein@betterplace.com,,,,,,,,,Mobile,972 54 830 0613,Work,972 73 790 2516,,,,,,,,,,,,,,,,,,,,,,,,,,,,,,,,,,,,Manager,Zohar Bet-Or,,,,,,,,,,,,
Amir,,Inbar,,,,,,,,Iamba Networks,Director of Business Development,,,LinkedIn Profile: https://www.linkedin.com/profile?viewProfile=&key=85387,,Imported 8/1/13 ::: Imported on 4/29 ::: * myContacts,* Other,amiri@superdimension.com,Other,Amir@Mediclever.com,,,,,,,,,,,,,,,,,,,,,,,,,,,,,,,,,,,,,,,,,,,,,,,,,,,,,,,,,,,
Amir,,Kaikov,,,,,,,,,,,,Exchange E-mail Address: /o=BetterPlace/ou=Exchange Administrative Group (FYDIBOHF23SPDLT)/cn=Recipients/cn=amirka,https://lh3.googleusercontent.com/contacts/AG6tpzGyffBX7ZNEH-0EQILVbbH9RafGLLJpBezA7u4kxNYdMhraVb9n,* myContacts,* Other,Amir.Kaikov@betterplace.com,,,,,,,,,Mobile,972 54 459 7788,,,,,,,,,,,,,,,,,,,,,,,,,,,,,,,,,,,,,,Manager,Sergey Gutnik,,,,,,,,,,,,
Amir,,Karby,,,,,,,,pic-time LTD,Founder & CEO,,,<sn>id:1313452446/friendof:809988573</sn>,https://lh3.googleusercontent.com/contacts/AG6tpzFuK9jr57UC5Invv_6o5iVtoCfNX1U0hGAvNOYe1nmkRXIMPHPw,Imported 8/1/13 ::: Imported on 4/29 ::: * myContacts,* Other,amir@pic-time.com,Other,karby@press-sense.com ::: amiri@press-sense.com ::: amirkarby@gmail.com,,,,,,,Home,+972 (4) 6101128,Mobile,+972 (54) 7719115,Work,+972 (4) 6260318 x 115,Radio,amirkarby,,,,,,,,,,,,,,,,,,,,,,,,,,,,,,,,,,,,Other,fb://profile/1313452446,Sync.ME profile,http://sync.me/profile/6vBQbgvKz5tE3J8o4K1gK1vOsbHFR-eEr8CIqn81gEjHlB33m3-Fs0Zzc97ha0g4zNeIOUY,,,,,,
Amir,,Kogan,,,,,,,,,,,,Exchange E-mail Address: /o=BetterPlace/ou=Exchange Administrative Group (FYDIBOHF23SPDLT)/cn=Recipients/cn=amirk,https://lh3.googleusercontent.com/contacts/AG6tpzHjt2rXe4ZayiYnjciqy5_LfVqAAfGhJQ1zZ1ieRMD6ByVPTq8b,* myContacts,* Other,Amir.Kogan@betterplace.com,,,,,,,,,Mobile,972 54 8300684,Work,972 73 790 2562,,,,,,,,,,,,,,,,,,,,,,,,,,,,,,,,,,,,,,,,,,,,,,,,,
Amir,,Komem,,,,,,,,,,,,,,* myContacts,* ,amirkomem@gmail.com,,,,,,,,,Mobile,+972 54-448-6842,,,,,,,,,,,,,,,,,,,,,,,,,,,,,,,,,,,,,,,,,,,,,,,,,,,
Amir,,Leder,,,,,,,,,,,,Exchange E-mail Address: /o=BetterPlace/ou=Exchange Administrative Group (FYDIBOHF23SPDLT)/cn=Recipients/cn=amirl,,* myContacts,* Other,Amir.Leder@betterplace.com,,,,,,,,,Mobile,972 54 805 5071,,,,,,,,,,,,,,,,,,,,,,,,,,,,,,,,,,,,,,Manager,Eli Vahabi,,,,,,,,,,,,
Amir,,Livneh,,,,,,,,,,,,,,Imported 8/1/13 ::: Imported on 4/29 ::: * myContacts,* ,mirushli@gmail.com,,,,,,,,,,,,,,,,,,,,,,,,,,,,,,,,,,,,,,,,,,,,,,,,,,,,,,,,,,,,,
Amir,,Shaked,,,,,,,,,,,,<sn>id:700562266/friendof:809988573</sn>,https://lh3.googleusercontent.com/contacts/AG6tpzHyDNI2TqFLOkK1w2whoY8hsXqq_a7p96-DTnvOpwyXCKJ7QWXJ,Imported 8/1/13 ::: Imported on 4/29 ::: * myContacts,* Other,ashaked1@gmail.com,,,,,,,,,Mobile,+1 (240) 460-2686 ::: +972 505-975-895,,,,,,,,,,,,,,,,,,,,,,,,,,,,,,,,,,,,,,,,,,Other,fb://profile/700562266,,,,,,,,
Amir,,Shinar,,,,,,,,Waze Ltd.,,,,"Group: R&D
Israeli Mobile: 972.54.5423845
Mobile: +972.54.5423845",https://lh3.googleusercontent.com/contacts/AG6tpzELyjLKZRUdux-4uEtOgrmgpd_JfpeVAZZcPCMgbzyA2RprMZLu,Imported 8/1/13 ::: Waze ::: Imported 3/19/12 ::: Imported on 4/29 ::: * myContacts,* Other,amir@wazearchive.goog,Other,manymoon_ctxtk_4388400@manymoon.com ::: manymoon_ctxtk_4416113@manymoon.com ::: amir@linqmap.com,Work,amirs@google.com,Obsolete,amir@waze.com,,,Other,+1 415 690 5383,Work,+972-9-7486437,Home,+972-9-8812403,Mobile,+972 54 5423845,,,,,Home,עין ורד,,עין ורד,,,,,,,,,,,,,,,,,,,,,,,,,,,,Profile,http://www.google.com/profiles/106624141651423003830,Sync.ME profile,http://sync.me/profile/grg9TQopacbmv15X4UHBfVk3FJU6M1UsalMRxHzl9SX73EhZaf4-RCEm7JyrlLfMD7w0WUSNVh5_,,,,,,
Amir,,Vaknin,,,,,,,,,,,,,,Imported 8/1/13 ::: Imported on 4/29 ::: * myContacts,* Other,tiraman@gmail.com,,,,,,,,,Mobile,+972 (50) 4365029,,,,,,,,,,,,,,,,,,,,,,,,,,,,,,,,,,,,,,,,,,,,,,,,,,,
,,,,,,,,,,,,,,,,Imported 8/1/13 ::: Imported on 4/29 ::: * myContacts,* ,amir@press-sense.com,,,,,,,,,,,,,,,,,,,,,,,,,,,,,,,,,,,,,,,,,,,,,,,,,,,,,,,,,,,,,
Amit,,Bashan,,,,,,Amit,,,,,,,https://lh3.googleusercontent.com/contacts/AG6tpzGBNj3-Ji33DGIfnjtraqKNG2QT4lNYWuf88opQqN2zE99zfaep,Imported 8/1/13 ::: Imported on 4/29 ::: * myContacts,* Home,amit_ppp@walla.com,,,,,,,,,Mobile,+972 (54) 489 7980,,,,,,,,,,,,,,,,,,,,,,,,,,,,,,,,,,,,,,,,,,,fb://profile/100000380298978,,,,,,,,
Amit,Ben,Arie,,,,,,,,,,,,"Group: Support
Israeli Mobile: 972.52.8603739
Mobile: +972.52.8603739",,Imported 8/1/13 ::: Waze ::: Imported 3/19/12 ::: Imported on 4/29 ::: * myContacts,* ,amitb@waze.com,Home,amitbena@google.com,,,,,,,Mobile,+972-52-8603739,,,,,,,,,,,Home,הזית 6 גן חיים 44910,6 הזית,גן חיים,,,44910,,,,,,,,,,,,,,,,,,,,,,,,,Profile,http://www.google.com/profiles/107170369288573166675,,,,,,,,
Amit,,Chonech,,,,,,,,,,,,,,Imported on 4/29 ::: * myContacts,,,,,,,,,,,Mobile,+972 54-479-2227,,,,,,,,,,,,,,,,,,,,,,,,,,,,,,,,,,,,,,,,,,,,,,,,,,,
Amit,,Cohen,,,,,,,,OpCo,SME Sales Person,Sales,,Exchange E-mail Address: /o=BetterPlace/ou=Exchange Administrative Group (FYDIBOHF23SPDLT)/cn=Recipients/cn=Amitc,,* myContacts,* Other,Amit.Cohen@betterplace.com,,,,,,,,,Mobile,972 54 744 4444,Work,972 73 790 2266,,,,,,,,,,,,,,,,,,,,,,,,,,,,,,,,,,,,,,,,,,,,,,,,,
Amit,,Gal,,,,,,,,TTI,Developement Product Manager,,2006-02-23,<sn>id:715007373/friendof:809988573</sn>,https://lh3.googleusercontent.com/contacts/AG6tpzFY56LZVPZ1PEPftino8iSMw0BwBngJzsPmh3-GApvKr231grip,* myContacts,* Other,amitg@tti-telecom.com,Other,amit_beiguilman@hotmail.com,,,,,,,Home,+972 (9) 9519236,Mobile,+972 523-294678,Work,+972 (2) 9264716,,,,,,,Home,"Herzelia
United States of America",,Herzelia,,,,United States of America,,,,,,,,,,,,,,,,,,,,,,,,Other,fb://profile/715007373,Sync.ME profile,http://sync.me/profile/iKtHP7W4EBDD53iBcUGDdaHZh6qvXErvKr8OzAdcOC1j0VU-RnwfzjY-czyLt9OHRw,,,,,,
Amit,,Kazzaz,,,,,,,,Siliquent Technologies Ltd,General Manager,,,,https://lh3.googleusercontent.com/contacts/AG6tpzG1lAnFiDJ-SOh-z7Dn_x6wA0lcyAdUQh4sfCyzLmHWGP2nMWXE,Imported 8/1/13 ::: Imported on 4/29 ::: * myContacts,* Other,amitk@siliquent.com,,,,,,,,,Mobile,+972 (54) 4701042,Work,+972 (3) 7552315,Radio,amit_kazzaz,,,,,,,Work,"33 Bezalel st.
Ramat Gan 52521
Israel
United States of America","33 Bezalel st
United States of America",Ramat Gan,,,52521,Israel,,,,,,,,,,,,,,,,,,,,,,,,,,,,,,,,,
Amit,,Kiesel,,,,,,,,TopCo,System Architect,R&D,,Exchange E-mail Address: /o=BetterPlace/ou=Exchange Administrative Group (FYDIBOHF23SPDLT)/cn=Recipients/cn=amitk,https://lh3.googleusercontent.com/contacts/AG6tpzHOjbLWlaf_T3w2iKXbemvRH6GwSWuU7ksWWf-RaLo_fs6fYqUb,* myContacts,* Other,Amit.Kiesel@betterplace.com,,,,,,,,,Pager,Skype: amit.kiesel,Mobile,972 54 426 2921,Work,972 73 790 2179,,,,,,,,,,,,,,,,,,,,,,,,,,,,,,,,,,Manager,Barak Hershkovitz,,,,,,,,,,,,
Amit,,Lavi,,,,,,,,,,,,,,Imported on 4/29 ::: * myContacts,* Other,amitwtp@gmail.com,,,,,,,,,Other,0544792227,,,,,,,,,,,,,,,,,,,,,,,,,,,,,,,,,,,,,,,,,,,,,,,,Photo,https://lh5.googleusercontent.com/-vIea6DQ7wU4/WC6bW2nLONI/AAAAAAAAAAA/d7Bln9jhH6QDHsQq9w0moAFc6qmO4_hlwCOQCEAE/photo.jpg,,
Amit,,Levy,,,,,,,,TTI-Telecom Inc.,Product Manager,,2006-08-09,,https://lh3.googleusercontent.com/contacts/AG6tpzFKP32Hbp3wv5It0vU2ommr1RKPyqo8_TlRRdvKBMFMRv9VE1ny,Imported 8/1/13 ::: Imported on 4/29 ::: * myContacts,* Other,amitlevy@imcingular.com,Other,amit.levy@gmail.com ::: amitl@tti-telecom.com,,,,,,,Home,7703910295 ::: +1 (770) 391-0295,Mobile,7703544043 ::: +1 (770) 354-4043,Other,+972547779062 ::: +972 (52) 3487912,Work,7702064719 ::: +1 (770) 206-4719,Work Fax,+1 (770) 206-4701,,,Home,"330 Kings CT NE
MARIETTA
GA,
30067
United States of America ::: 330 Kings CT NE
MARIETTA
GA,
30067
United States of America",330 Kings CT ::: NE 330 Kings CT,MARIETTA ::: MARIETTA, ::: ,GA ::: GA,30067 ::: 30067,United States of America ::: United States of America,NE ::: ,Work,"1000 Abernathy Rd.
Suite#1850
400 North Park
Atlanta
GA
30328
United States of America ::: 1000 Abernathy Rd.
Suite#1850
400 North Park
Atlanta, GA 30328
United States of America",1000 Abernathy Rd. Suite#1850 400 ::: 1000 Abernathy Rd. Suite#1850 400 North Park,Atlanta ::: Atlanta, ::: ,GA ::: GA,30328 ::: 30328,United States of America ::: United States of America,North Park ::: ,,,,,,,,,,Manager,David Haberfeld,,,Other,http://www.tti-telecom.com,,,,,,,,
Amit,,Nisenbaum,,,,,,,,Better Place Inc.,OpCo Enablement,Global Planning and Operations,,Exchange E-mail Address: /o=BetterPlace/ou=Exchange Administrative Group (FYDIBOHF23SPDLT)/cn=Recipients/cn=anisenbaum,https://lh3.googleusercontent.com/contacts/AG6tpzEedadDiXS9AG9-kIU8XvpHk1I09DgCdcUUZfwWkjw-TekhGPpY,* myContacts,* Other,Amit.Nisenbaum@betterplace.com,,,,,,,,,Pager,Skype: Amit.nisenbaum,Mobile,1 617 320 4193,Work,1 650 845 2837,,,,,,,Work,"1070 Arastradero Road, Suite 220
Palo Alto, California 94304
United States",Suite 220 1070 Arastradero Road,Palo Alto,,CA,94304,United States,,,,,,,,,,,,,,,,,,,,,,,,,,,,,,,,,
Amit,,Preuss,,,,,,,,"Iamba Networks, Inc.","VP engineering & General Manager, Israel",,,,https://lh3.googleusercontent.com/contacts/AG6tpzGd8TG_rUw-SqK_B7C3nlOld_3_I2BwbzV27J4kIHxQmGZGV5fs,Imported 8/1/13 ::: Imported on 4/29 ::: * myContacts,* Other,amit@iamba.com,Other,amitp@marvell.com,,,,,,,Home,+972 (9) 7444657,Mobile,+972 (54) 4414-206,Work,+972 (9) 7668-566 (102),Work Fax,+972 (9) 7668-544,Radio,apreuss,,,Work,"Development Center: 6 Yad Harutzim St. Kfar-Saba, Israel 44641
Headquaters: 19925 Stevens Creek Blvd. Cupertino, CA
United States of America ::: Development Center: 6 Yad Harutzim St. Kfar-Saba, Israel 44641
Headquaters: 19925 Stevens Creek Blvd. Cupertino, CA
United States of America","Development Center: 6 Yad Harutzim St Headquaters: 19925 Stevens Creek Blvd. Cupertino, CA United States of America ::: St
Development Center: 6 Yad Harutzim Headquaters: 19925 Stevens Creek Blvd. Cupertino, CA United States of America",Kfar-Saba ::: Kfar-Saba, ::: , ::: ,44641 ::: 44641,Israel ::: Israel, ::: ,,,,,,,,,,,,,,,,,,,,,,,Home Page,http://www.iamba.com,Profile,http://www.google.com/profiles/100707810818120209496,,,,,,
Amit,,Rahav,,,,,,,,Commil Ltd.,VP Marketing,,,<sn>id:718276513/friendof:809988573</sn>,https://lh3.googleusercontent.com/contacts/AG6tpzFa9ThNE_PkagsYlsVWJrDmVu0mt5md35PXMzS0CAqsTMZH936b,Imported 8/1/13 ::: Imported on 4/29 ::: * myContacts,* Other,amit@rahav.net,Other,amitrahav@hotmail.com,Home,amit.rahav.100@gmail.com,,,,,Radio,rahavfamily,,,,,,,,,,,,,,,,,,,,,,,,,,,,,,,,,,,,,,,,,,,fb://profile/718276513,Sync.ME profile,http://sync.me/profile/zhVk_hnTTHz4l3Qh1GRDqtstCQKQZ0JfJWb4MxY5,,,,,,
Amit,,Weinstein,,,,,,,,,,,,,,Imported on 4/29 ::: * myContacts,* Home,metula@gmail.com,,,,,,,,,Mobile,+972 52-431-8382,,,,,,,,,,,,,,,,,,,,,,,,,,,,,,,,,,,,,,,,,,,,,,,,,,,
Amit,,Yudan,,,,,,,,Better Place Inc.,CEP,Global Alliances,,Exchange E-mail Address: /o=BetterPlace/ou=Exchange Administrative Group (FYDIBOHF23SPDLT)/cn=Recipients/cn=AmitY,,* myContacts,* Other,Amit.Yudan@betterplace.com,,,,,,,,,Pager,972 544 948855,Home,43 5356 72306,Mobile,43 676 544 9476,Work,Skype: amit_yu,,,,,Work,"Schattbergsiedlung 14
A-6370 Kitzbuehel
Austria",14 Schattbergsiedlung,Kitzbuehel,,,A-6370,Austria,,,,,,,,,,,,,,,,,,,,,,,,,,,,,,,,,
,,,,,,,,,,FYM,Software Entrepreneur and Developer,,2006-02-23,,,Imported 8/1/13 ::: Imported on 4/29 ::: * myContacts,* Other,amit_beiguilman@hotmail.com,Other,amitg@tti-telecom.com,,,,,,,Mobile,+972 523-294678,Work,+972 (2) 9264716,Home,+972 (9) 9519236,,,,,,,Home,"Herzelia
United States of America",,Herzelia,,,,United States of America,,,,,,,,,,,,,,,,,,,,,,,,Sync.ME profile,http://sync.me/profile/iKtHP7W4EBDD53iBcUGDdaHZh6qvXErvKr8OzAdcOC1j0VU-RnwfzjY-czyLt9OHRw,Other,fb://profile/715007373,,,Photo,https://lh3.googleusercontent.com/-JYTRZ1xxvIk/W45KxxRFMbI/AAAAAAAAAAA/Eeys_gnjPg8xg_mJBIaTt7dyIlzSzqqbACOQCEAE/photo.jpg,,
Amitay,,,,,,,,,,Wellana,,,,,,* myContacts,,,,,,,,,,,Mobile,+972 58-400-8883,,,,,,,,,,,,,,,,,,,,,,,,,,,,,,,,,,,,,,,,,,,,,,,,,,,
Amnon,,,,,,,,,,הקולקטיב הארצי,,,,Insurance for GAN,,Imported 8/1/13 ::: Imported on 4/29 ::: * myContacts,* Home,collective@mailer.phoenix.co.il,Work,ramn@agents.phoenix.co.il,,,,,,,Mobile,+972 52 2431906,Work,+972 3 9046070,,,,,,,,,,,,,,,,,,,,,,,,,,,,,,,,,,,,,,,,,,,,,,,,,
Amos,,Biderman,,,,,,,,Haaretz הארץ,,,1952-04-29,,,Imported on 4/29 ::: * myContacts,* Other,amosb@haaretz.co.il,,,,,,,,,,,,,,,,,,,,,,,,,,,,,,,,,,,,,,,,,,,,,,,,,,,,,,,,,,Photo,https://lh6.googleusercontent.com/-h45qNmPplZo/WceScspwG2I/AAAAAAAAAAA/B6NkeCWvcEwVpAGmgGGm5w_EeSj2YrtGACOQCEAE/photo.jpg,,
Amos,,Salemon,,,,,,,,,,,,<sn>id:640292579/friendof:809988573</sn>,https://lh3.googleusercontent.com/contacts/AG6tpzHv9NeEY5T5YWmmg9kDAyQwsvTDmfAihKl5i8sXHg1m2LF6srB5,Imported 8/1/13 ::: wednesdaynightsoccer ::: Imported on 4/29 ::: * myContacts,* Other,salemona@gmail.com,,amos_salemon@hotmail.com,,,,,,,Mobile,+972 54 6552006,,,,,,,,,,,,,,,,,,,,,,,,,,,,,,,,,,,,,,,,,,Other,fb://profile/640292579,,,,,,,,
Amy,,,,,,,,,,Liam's Mother,,,,,,Imported on 4/29 ::: * myContacts,,,,,,,,,,,Mobile,+972 54-909-0252,,,,,,,,,,,,,,,,,,,,,,,,,,,,,,,,,,,,,,,,,,,,,,,,,,,
Amy,,Malaki,,,,,,,,,Intern,Strategic Alliances,,Exchange E-mail Address: /o=BetterPlace/ou=Exchange Administrative Group (FYDIBOHF23SPDLT)/cn=Recipients/cn=amalaki,,* myContacts,* Other,Amy.Malaki@betterplace.com,,,,,,,,,,,,,,,,,,,,,Work,"1070 Arastradero Rd. Suite 220
Palo Alto, CA 94304
United States",Suite 220 1070 Arastradero Rd,Palo Alto,,CA,94304,United States,,,,,,,,,,,,,,,,,,,,,,,,,,,,,,,,,
Anahit,,Herson,,,,,,,,,,,,,,Imported on 4/29 ::: * myContacts,,,,,,,,,,,,,,,,,,,,,,,Home,"DONOLO 9
Tel Aviv-Yafo, Tel Aviv
Israel",9 DONOLO,Tel Aviv-Yafo,,Tel Aviv,,Israel,,,,,,,,,,,,,,,,,,,,,,,,,,,,,,Photo,https://lh4.googleusercontent.com/-ZzHWE2mDY88/WceTLR8vsbI/AAAAAAAAAAA/FG1_TR1fD-YftPaPzdTfF5kxj-SE-Sm2gCOQCEAE/photo.jpg,,
Anat,,Zach,,,,,,,,,,,,"Group: Finance
Israeli Mobile: 972.54.2520033
Mobile: +972.54.2520033",https://lh3.googleusercontent.com/contacts/AG6tpzFVHk6naZzJ9YctDIE3bYNJ6UdL2bMJ8OcNpV79uWjudvGHMODk,Imported 8/1/13 ::: Waze ::: Imported 3/19/12 ::: Imported on 4/29 ::: * myContacts,* ,anat@wazearchive.goog,Obsolete,anat@waze.com,,,,,,,Home,+972-3-6342402,Mobile,+972-54-2520033,,,,,,,,,Home,"משה דיין 4 נווה סביון אור יהודה ::: נווה סביון
משה דיין 4
אור יהודה",4 משה דיין ::: 4 משה דיין,אור יהודה ::: אור יהודה, ::: , ::: , ::: , ::: ,נווה סביון ::: נווה סביון,,,,,,,,,,,,,,,,,,,,,,,,,,,,,,,,
Andreas,,,,,,,,,,Airbnb 2019,,,,,,Imported on 4/29 ::: * myContacts,,,,,,,,,,,Other,99489260,,,,,,,,,,,,,,,,,,,,,,,,,,,,,,,,,,,,,,,,,,,,,,,,,,,
Andreas,,Airbnb 2018,,,,,,,,,,,,,,Imported on 4/29 ::: * myContacts,,,,,,,,,,,Other,+35799872794,,,,,,,,,,,,,,,,,,,,,,,,,,,,,,,,,,,,,,,,,,,,,,,,,,,
Andreas Airbnb 2019,,,,,,,,,,,,,,,,Imported on 4/29 ::: * myContacts,,,,,,,,,,,Mobile,+46766778477,,,,,,,,,,,,,,,,,,,,,,,,,,,,,,,,,,,,,,,,,,,,,,,,,,,
Andrew,,Carroll,,,,,,,,Better Place Australia,Marketing Director,Marketing,,Exchange E-mail Address: /o=BetterPlace/ou=Exchange Administrative Group (FYDIBOHF23SPDLT)/cn=Recipients/cn=acarroll,,* myContacts,* Other,Andrew.Carroll@betterplace.com,,,,,,,,,Mobile,61 406 235 980,Work,61 3 86790830,Other Fax,61 3 86790880,,,,,,,,,,,,,,,,,,,,,,,,,,,,,,,,,,Manager,Ben Keneally,,,,,,,,,,,,
Andrew,,Lee,,,,,,,,Better Place Inc.,Business Development,Better Place North America,,Exchange E-mail Address: /o=BetterPlace/ou=Exchange Administrative Group (FYDIBOHF23SPDLT)/cn=Recipients/cn=alee,,* myContacts,* Other,Andrew.Lee@betterplace.com,,,,,,,,,Pager,Skype: andrew.leebp,Work,1 650 845 2814,,,,,,,,,Work,"1070 Arastradero Road, Suite 220
Palo Alto, CA 94304
United States",Suite 220 1070 Arastradero Road,Palo Alto,,CA,94304,United States,,,,,,,,,,,,,,,,,,,,,,,,,,,,,,,,,
Andrey,,Zarur,,,,,,,,Better Place Inc,,,,Exchange E-mail Address: /o=BetterPlace/ou=Exchange Administrative Group (FYDIBOHF23SPDLT)/cn=Recipients/cn=azanur,,* myContacts,* Other,Andrey.Zarur@betterplace.com,,,,,,,,,Work,972-3-6445884,,,,,,,,,,,Work,"1070 Arastradero Road, Suite 220
Palo Alto, CA 94304
United States",Suite 220 1070 Arastradero Road,Palo Alto,,CA,94304,United States,,,,,,,,,,,,,,,,,,,,,,,,,,,,,,,,,
Angelika,,Nallino,,,,,,,,Better Place Denmark,Process Manager,Deployment,,Exchange E-mail Address: /o=BetterPlace/ou=Exchange Administrative Group (FYDIBOHF23SPDLT)/cn=Recipients/cn=angelikan,https://lh3.googleusercontent.com/contacts/AG6tpzEBw2c2PRnT47C6ZpXV166fXdyhaMYXf2JcA_m0g1FJGG8n2MIZ,* myContacts,* Other,Angelika.Nallino@betterplace.com,,,,,,,,,Mobile,45 30 37 25 22,Work,45 702 702 47,,,,,,,,,Work,"Lygten 39
København NV 2400
Denmark",39 Lygten,,,,2400,Denmark,København NV,,,,,,,,,,,,,,,,,,,Manager,Torben Bjerre,,,,,,,,,,,,
Angelo,,Montagnese,,,,,,,,Better Place US,Contractor,Global IT,,Exchange E-mail Address: /o=BetterPlace/ou=Exchange Administrative Group (FYDIBOHF23SPDLT)/cn=Recipients/cn=amontagnese,https://lh3.googleusercontent.com/contacts/AG6tpzFU7AfuWc-Di9iDt8w2DMivMd8FwXrWZ5mAtZslqXK8KS6ru4h6,* myContacts,* Other,Angelo.Montagnese@betterplace.com,,,,,,,,,Mobile,1-716-471-7350,Work,1 650 845 2867,,,,,,,,,,,,,,,,,,,,,,,,,,,,,,,,,,,,Manager,Silvano Silva,,,,,,,,,,,,
Ann,,Bordetsky,,,,,,,,Better Place Inc.,Policy Analyst,Better Place North America,,Exchange E-mail Address: /o=BetterPlace/ou=Exchange Administrative Group (FYDIBOHF23SPDLT)/cn=Recipients/cn=abordetsky,,* myContacts,* Other,Ann.Bordetsky@betterplace.com,,,,,,,,,Pager,Skype: ann.bordetsky,Mobile,1 925 487 4577,Work,1 650 845 2800,,,,,,,Work,"1070 Arastradero Road, Suite 220
Palo Alto, California 94304
United States",Suite 220 1070 Arastradero Road,Palo Alto,,CA,94304,United States,,,,,,,,,,,,,,,,,,,,Manager,Jason Wolf,,,,,,,,,,,,
Anna,,Cain,,,,,,,,Better Place Australia,,Marketing,,Exchange E-mail Address: /o=BetterPlace/ou=Exchange Administrative Group (FYDIBOHF23SPDLT)/cn=Recipients/cn=acain,,* myContacts,* Other,Anna.Cain@betterplace.com,,,,,,,,,Work,61 2 9666 4977,Other Fax,61 2 9316 7423,,,,,,,,,Work,"2A Lord Street
Botany, NSW 2019
Australia",2A Lord Street,Botany,,NSW,2019,Australia,,,,,,,,,,,,,,,,,,,,Manager,Guy Pross,,,,,,,,,,,,
Anna,,Lew,,,,,,,,Xerox,,,,,,Imported 8/1/13 ::: Imported on 4/29 ::: * myContacts,* Other,anna.lew@xerox.com,,,,,,,,,Home,+1 (310) 540-8128,Mobile,+1 (310) 3338110,Work,+310 (333) 8110,,,,,,,,,,,,,,,,,,,,,,,,,,,,,,,,,,,,,,,,,,,,,,,
Anna,Vals,,,,,,,,,Dr. Yuval Hen,,,,,,* myContacts,* ,anna@yuval-ra.com,,,,,,,,,,,,,,,,,,,,,,,,,,,,,,,,,,,,,,,,,,,,,,,,,,,,,,,,,,,,,
Annie,,Wilson,,,,,,,,Better Place Inc.,Marketing Specialist,Global Marketing,,Exchange E-mail Address: /o=BetterPlace/ou=Exchange Administrative Group (FYDIBOHF23SPDLT)/cn=Recipients/cn=awilson,,* myContacts,* Other,Annie.Wilson@betterplace.com,,,,,,,,,Pager,Skype: anniemwilson,Mobile,1 650 387 5271,Work,1 650 845 2833,,,,,,,Work,"1070 Arastradero Road, Suite 220
Palo Alto, California 94304
United States",Suite 220 1070 Arastradero Road,Palo Alto,,CA,94304,United States,,,,,,,,,,,,,,,,,,,,,,,,,,,,,,,,,
Anthony,,Huang,,,,,,,,Xerox,,,,,,Imported 8/1/13 ::: Imported on 4/29 ::: * myContacts,* Other,Anthony.Huang@xerox.com,,,,,,,,,Work,+1 (310) 3334627,,,,,,,,,,,,,,,,,,,,,,,,,,,,,,,,,,,,,,,,,,,,,,,,,,,
Anthony,,Joseph,,,,,,,,,Solution Consultant,,,Exchange E-mail Address: /o=BetterPlace/ou=Exchange Administrative Group (FYDIBOHF23SPDLT)/cn=Recipients/cn=ajoseph,https://lh3.googleusercontent.com/contacts/AG6tpzFmOg33cL24J5_xJ_bGmONDLEz5XH8xjiLiYdEZNgGCTrNYx_6-,* myContacts,* Other,Anthony.Joseph@betterplace.com,,,,,,,,,Mobile,61416104120,Work,61386790800,,,,,,,,,Work,"114 Balmain St
Richmond, VIC
Australia",114 Balmain St,Richmond,,VIC,,Australia,,,,,,,,,,,,,,,,,,,,Manager,Chris Pearce,,,,,,,,,,,,
Antony And Hemda ,,Garelick,,,,,,,,,,,,,,* myContacts,,,,,,,,,,,Mobile,+972 53-476-2829,,,,,,,,,,,,,,,,,,,,,,,,,,,,,,,,,,,,,,,,,,,,,,,,,,,
Antony,,Cohen,,,,,,,,Better Place Australia,Chief Finance Officer,Finance,,Exchange E-mail Address: /o=BetterPlace/ou=Exchange Administrative Group (FYDIBOHF23SPDLT)/cn=Recipients/cn=acohen,,* myContacts,* Other,Antony.Cohen@betterplace.com,,,,,,,,,Pager,Skype: antonycohen,Mobile,61419 381 905,Work,61 3 86790809,Other Fax,61 3 8679 0880,,,,,Work,"114 Balmain Street
Cremorne, VIC 3121
Australia",114 Balmain Street,Cremorne,,VIC,3121,Australia,,,,,,,,,,,,,,,,,,,,Manager,Evan Thornley,,,,,,,,,,,,
Antony,,Garelick,,,,,,Antony,,Israel,,,,"Relationship: Erez's uncle
Email Address: antonygarelick@gmail.com",,Imported 8/1/13 ::: Imported on 4/29 ::: * myContacts,* Other,antonygarelick@gmail.com,Other,antony@garelick.freeserve.co.uk,,,,,,,Home,+44 (171) 2638703,Work,+44 (0) 20 8938 2411,Mobile,+44 7983 384147,,+972 52-504-4607,,,,,Work,"The Tavistock Centre 
120 Belsize Lane
London NW3 5BA
United Kingdom","120 Belsize Lane
The Tavistock Centre",London,,,NW3 5BA,United Kingdom,,,,,,,,,,,,,,,,,,,,,,,,,,,,,,,,,
Appt,,,,,,,,,,,,,,,,Imported on 4/29 ::: * myContacts,,,,,,,,,,,Other,0679688020,,,,,,,,,,,,,,,,,,,,,,,,,,,,,,,,,,,,,,,,,,,,,,,,,,,
Ari,,Farkas,,,,,,,,,Esq,,,,,* myContacts,* ,AriF@afarkaslaw.com,,,,,,,,,,+1 475-345-7852,,,,,,,,,,,,,,,,,,,,,,,,,,,,,,,,,,,,,,,,,,,,,,,,,,,
Arie,,Elias,,,,,,,,Marvell,"Senior Staff Manager, xPON Software",,,,,Imported 8/1/13 ::: Imported on 4/29 ::: * myContacts,* Other,arieelias@gmail.com,,,,,,,,,Radio,arieelias,Mobile,+972 (54) 5565657,Work,+972 (9) 7766366 x 161,Home,+972 (9) 7492115,,,,,,,,,,,,,,,,,,,,,,,,,,,,,,,,,,,,,,,,,,,,,
Arie,,Radle-Dessiatnik,,,,,,,,Netformx,Technical Lead,,,,,Imported 8/1/13 ::: Imported on 4/29 ::: * myContacts,* Other,arie@press-sense.com,,,,,,,,,Mobile,+972 54-6348550,,,,,,,,,,,,,,,,,,,,,,,,,,,,,,,,,,,,,,,,,,Sync.ME profile,http://sync.me/profile/9C5ltemz62xFdLlxXev-512USulQcR5Eh86t6xY,Profile,http://www.google.com/profiles/101895803725705449547,,,,,,
Arieh,,Shalem,,,,,,,,,,,,,https://lh3.googleusercontent.com/contacts/AG6tpzG6OJ6MC8Fat-7_61L3OCPKZqnEQPM2Nb20WVQ_AqC5z7hQaYBq,Imported 8/1/13 ::: Imported on 4/29 ::: * myContacts,* Other,arieh.shalem@gmail.com,,,,,,,,,,,,,,,,,,,,,,,,,,,,,,,,,,,,,,,,,,,,,,,,,,,,,,,,,,,,,
Ariel,,Bar,,,,,,,,,,,,,,Imported 8/1/13 ::: Imported on 4/29 ::: * myContacts,* ,bra240@hotmail.com,,,,,,,,,,,,,,,,,,,,,,,,,,,,,,,,,,,,,,,,,,,,,,,,,,,,,,,,,,,,,
Ariel,,Cattan,,,,,,,,Comverse,,,,<sn>id:1245462774/friendof:809988573</sn>,https://lh3.googleusercontent.com/contacts/AG6tpzHxxvgXmb3ixEwkMg_55Q58RO09V5PEsUCNJ-b0E6YVIT8mElbR,Imported 8/1/13 ::: Imported on 4/29 ::: * myContacts,* Other,Ariel_Cattan@comverse mind.com,Other,ariel.cattan@comverse.com ::: Ariel_Cattan@icomverse.com,,,,,,,Mobile,9922p0547769473# ::: +972 (54) 4232538,Work,+972 (3) 7663344,,,,,,,,,Work,"Tel
Aviv
United States of America",,Tel Aviv,,,,United States of America,,,,,,,,,,,,,,,,,,,,,,,,Other,fb://profile/1245462774,,,,,,,,
Ariel,,Daliot,,,,,,,,TopCo,Algorithms and SW Engineer,R&D,,Exchange E-mail Address: /o=BetterPlace/ou=Exchange Administrative Group (FYDIBOHF23SPDLT)/cn=Recipients/cn=arield,https://lh3.googleusercontent.com/contacts/AG6tpzE9oIXgkfQMr9xQYa_1UBEfmgaUo--yI-Wtmh8Xea95Z9TuYIor,* myContacts,* Other,Ariel.Daliot@betterplace.com,,,,,,,,,Pager,skype: ariel.daliot.bp,Mobile,972 54 697 8686,Work,972 73 790 2230,,,,,,,,,,,,,,,,,,,,,,,,,,,,,,,,,,Manager,Motty Cohen,,,,,,,,,,,,
Ariel,,Perets,,,,,,,,,,,,,,Imported on 4/29 ::: * myContacts,* בית,ariel982@gmail.com,,,,,,,,,נייד,+972 54-221-2462,,,,,,,,,,,בית,Israel,,,,,,Israel,,,,,,,,,,,,,,,,,,,,,,,,,,,,,,,,,
Ariel,,Tikotsky,,,,,,,,Better Place Inc.,Knowledge Management,Global Planning and Operations,,Exchange E-mail Address: /o=betterplace/ou=exchange administrative group (fydibohf23spdlt)/cn=recipients/cn=arielt,https://lh3.googleusercontent.com/contacts/AG6tpzFfz4i7eVmO8GpOWmZEA05_w0LFDUvUQ_Uyb84LH8SzFqANiNpR,* myContacts,* Other,Ariel.Tikotsky@betterplace.com,,,,,,,,,Pager,Skype: ariel.tikotsky,Mobile,1 650 521 6795,Work,1 650 845 2822,,,,,,,Work,"1070 Arastradero Road, Suite 220
Palo Alto, California 94304
United States",Suite 220 1070 Arastradero Road,Palo Alto,,CA,94304,United States,,,,,,,,,,,,,,,,,,,,Manager,Aliza Peleg,,,,,,,,,,,,
Arik,,Dudkin,,,,,,,,,,,,,https://lh3.googleusercontent.com/contacts/AG6tpzGTvLWGZOscH9lw0IkQLXuemO67fgRfOU8D66EHk4TjJPSmMNWT,Imported 8/1/13 ::: Imported on 4/29 ::: * myContacts,* Other,arikd@tti-telecom.com,Other,arikdudkin@hotmail.com,,,,,,,Home,+14042557312,Mobile,+17702898324,Work,+17702064759,,,,,,,Other,"686 Willow Creek NE
Atlanta, GA 30328
United States of Ame","686 Willow Creek NE
United States of Ame",Atlanta,,GA,30328,United States,,,,,,,,,,,,,,,,,,,,,,,,,,,,,,,,,
Arik,,Locar,,,,,,,,,,,,Exchange E-mail Address: /o=BetterPlace/ou=Exchange Administrative Group (FYDIBOHF23SPDLT)/cn=Recipients/cn=arikl,https://lh3.googleusercontent.com/contacts/AG6tpzHehX9zitosU2FdmP-p1tbstcs3Kwo-DIkeFINAzTYByc_bl1Gr,* myContacts,* Other,Arik.Locar@betterplace.com,,,,,,,,,Mobile,972 52 866 3377,Work,972 54 977 9714,,,,,,,,,,,,,,,,,,,,,,,,,,,,,,,,,,,,Manager,Eli Vahabi,,,,,,,,,,,,
Arik,,Tugi,,,,,,,,,,,,Exchange E-mail Address: /o=BetterPlace/ou=Exchange Administrative Group (FYDIBOHF23SPDLT)/cn=Recipients/cn=Arika,https://lh3.googleusercontent.com/contacts/AG6tpzHz3JEV-tV-fjFeAh1CfkmMV25AjJZC9Z7mZUfRAazy9dxMSnFy,* myContacts,* Other,Arik.Tugi@betterplace.com,,,,,,,,,Mobile,972 52 224 0316,Work,972 73 7902560,,,,,,,,,,,,,,,,,,,,,,,,,,,,,,,,,,,,,,,,,,,,,,,,,
Arne,,Stoschek,,,,,,,,Better Place Inc.,Advanced Engineering,Automotive Alliances,,Exchange E-mail Address: /o=BetterPlace/ou=Exchange Administrative Group (FYDIBOHF23SPDLT)/cn=Recipients/cn=astoschek,,* myContacts,* Other,Arne.Stoschek@betterplace.com,,,,,,,,,Pager,Skype: arne.stoschek.bp,Mobile,1 650 714 2061,Work,1 650 845 2811,,,,,,,Work,"1070 Arastradero Road, Suite 220
Palo Alto, CA 94304
United States",Suite 220 1070 Arastradero Road,Palo Alto,,CA,94304,United States,,,,,,,,,,,,,,,,,,,,,,,,,,,,,,,,,
Arthi,,Mani,,,,,,,,,,,,,,Imported 8/1/13 ::: Imported on 4/29 ::: * myContacts,* Other,arthimani@yahoo.com,,,,,,,,,Home,+1 (678) 3933212,Mobile,+1 (678) 4855132,,,,,,,,,,,,,,,,,,,,,,,,,,,,,,,,,,,,,,,,,,,,,,,,,
Arthur,,Rotenberg,,,,,,,,TopCp,GIS SW Developer,R&D Team: OBS,,Exchange E-mail Address: /o=BetterPlace/ou=Exchange Administrative Group (FYDIBOHF23SPDLT)/cn=Recipients/cn=arthurr,,* myContacts,* Other,Arthur.Rotenberg@betterplace.com,,,,,,,,,Mobile,972 54 6687806,Work,972 73 7902288,,,,,,,,,,,,,,,,,,,,,,,,,,,,,,,,,,,,Manager,Eyal Perez,,,,,,,,,,,,
Arthur,,Shen,,,,,,,,"USADATA, Inc.",Chief Developer and VP,,,,,Imported 8/1/13 ::: Imported on 4/29 ::: * myContacts,,,,,,,,,,,,,,,,,,,,,,,,,,,,,,,,,,,,,,,,,,,,,,,,,,,,,,,,,,,,,,,
Arvixe,,,,,,,,,,,,,,,,Imported 8/1/13 ::: Imported on 4/29 ::: * myContacts,* ,support@arvixe.com,,,,,,,,,,,,,,,,,,,,,,,,,,,,,,,,,,,,,,,,,,,,,,,,,,,,,,,,,,,,,
Aryeh,,Egulsky,,,,,,,,,,,,,https://lh3.googleusercontent.com/contacts/AG6tpzGd41SXo-yw_YgHzpJ-P5oeVijbkvalUsjwhFjTntNKYc3NWewQ,Imported 8/1/13 ::: Imported on 4/29 ::: * myContacts,* Other,egul_law@017.net.il,Other,egul_law@netvision.net.il ::: egul_law@013net.net,,,,,,,Mobile,+972 54 760 2561,Work,+972 9-7444002,,,,,,,,,Home,"דוד אלרואי 32
הרצליה",32 דוד אלרואי,הרצליה,,,,,,,,,,,,,,,,,,,,,,,,,,,,,,,,,,,,,
Asaf,,,,,,,,,,,,,,,,* myContacts,,,,,,,,,,,Mobile,+972 50-630-3130,,,,,,,,,,,,,,,,,,,,,,,,,,,,,,,,,,,,,,,,,,,,,,,,,,,
Asaf,,Appel,,,,,,,,null,שמאי מקרקעין,,,,,* myContacts,,,,,,,,,,,Mobile,+972548870003,,,,,,,,,,,,,,,,,,,,,,,,,,,,,,,,,,,,,,,,,,,,,,,,,,,
Asaf,,Mamon,,,,,,,,PlayIM,VP Marketing & Sales,,,,,Imported 8/1/13 ::: Imported on 4/29 ::: * myContacts,* ,amamon81@gmail.com,Other,asafm@sweetpacks.com,,,,,,,Mobile,+972-52-631851 ::: +972-52-631851,,,,,,,,,,,,,,,,,,,,,,,,,,,,,,,,,,,,,,,,,,Sync.ME profile,http://sync.me/profile/5tDeSzjqZLd6mBo608SXtn75Cw1McsRA1aB4amA,,,,,,,,
Asaf,,Onn,,,,,,,,OpCo,Sales Manager,M&S,,Exchange E-mail Address: /o=BetterPlace/ou=Exchange Administrative Group (FYDIBOHF23SPDLT)/cn=Recipients/cn=asafa,,* myContacts,* Other,Asaf.Onn@betterplace.com,,,,,,,,,Pager,Skype: Asaf.Onn,Mobile,972 54 323 3060,Work,972 73 790 2127,,,,,,,,,,,,,,,,,,,,,,,,,,,,,,,,,,,,,,,,,,,,,,,
Asaf,,Peled,,,,,,,,TTI-Telecom,Project Manager,,2006-05-11,,https://lh3.googleusercontent.com/contacts/AG6tpzHCNxONvPUxIOJWi53A7-G6cXm6ZysLAiKO5XrLtKLi72YJvo0t,Imported 8/1/13 ::: Imported on 4/29 ::: * myContacts,* Other,asaf@tti-telecom.com,Other,peled.assaf@gmail.com ::: assaf.peled@ericsson.com,,,,,,,Home,+1 (770) 3931844,Mobile,054-7338860,Work,03-9269866,,,,,,,Home,"6887H Glenlake Parkway NE
Atlanta, GA 30328
United States of America ::: 6887H Glenlake Parkway NE
Atlanta, GA 30328
United States ofAmerica",6887H Glenlake Parkway NE ::: 6887H Glenlake Parkway NE,Atlanta ::: Atlanta, ::: ,GA ::: GA,30328 ::: 30328,United States of America ::: United States ofAmerica, ::: ,Work,"Martin Gahl 7, Petach Tikva
United States of America",7 Martin Gahl,Petach Tikva,,,,United States of America,,,,,,,,,,,Manager,Ofer Reisman,,,Home Page,http://www.tti-telecom.com,,,,,,,,
Asaf,,Ramati,,,,,,,,,,,,,,Imported 8/1/13 ::: Imported on 4/29 ::: * myContacts,* Other,asaf.ramati@gmail.com,Other,malr@012.net.il,,,,,,,Mobile,+972 54-7749609 ::: +972 55-883-0957,,,,,,,,,,,,,,,,,,,,,,,,,,,,,,,,,,,,,,,,,,Other,fb://profile/1791895235,,,,,,,,
Asaf,,Yarkoni,,,,,,,,,,,,,,Imported 8/1/13 ::: Imported on 4/29 ::: * myContacts,* Other,asafyk@google.com,,,,,,,,,Mobile,050-218-4807,,,,,,,,,,,,,,,,,,,,,,,,,,,,,,,,,,,,,,,,,,,,,,,,,,,
Ashraf,,Saiyed-Ahmad,,,,,,,,,Framework Developer,,,,https://lh3.googleusercontent.com/contacts/AG6tpzF4mYTRKOtsvgtyIb-_NebViTvYeCCMBWOP92MQTyApSfA6YuS7,Imported 8/1/13 ::: Imported on 4/29 ::: * myContacts,* Other,ashraf@press-sense.com,,,,,,,,,Mobile,+972 50-7444041,,,,,,,,,,,,,,,,,,,,,,,,,,,,,,,,,,,,,,,,,,Sync.ME profile,http://sync.me/profile/G7QyK42iC022l9bT8GoLnVg5iKvSEZH7yoHvxYT3RSTQjz8,,,,,,,,
Asi,,,,,,,,,,wednesdaynightsoccer,,,,,,Imported 8/1/13 ::: wednesdaynightsoccer ::: Imported on 4/29 ::: * myContacts,* Other,asi_basi@hotmail.com,,,,,,,,,Mobile,050-7601018,,,,,,,,,,,,,,,,,,,,,,,,,,,,,,,,,,,,,,,,,,,,,,,,,,,
Ask Illum,,Jessen,,,,,,,,Better Place Denmark A/S,Finance Assistant,Finance,,Exchange E-mail Address: /o=BetterPlace/ou=Exchange Administrative Group (FYDIBOHF23SPDLT)/cn=Recipients/cn=askj,,* myContacts,* Other,ask.jessen@betterplace.com,,,,,,,,,Mobile,45 30 37 25 19,Work,45 702 702 45,,,,,,,,,Work,"Bygmestervej 57, 1.sal
Copenhagen NV 2400
Denmark",1.sal 57 Bygmestervej,Copenhagen,,,2400,Denmark,NV,,,,,,,,,,,,,,,,,,,Manager,Merete Nielsen,,,,,,,,,,,,
Assaf,,Bar-Tal,,,,,,,,OpCo,Switchers (Sales Rep for Visitors Center),Sales Team: Visitors Center,,Exchange E-mail Address: /o=BetterPlace/ou=Exchange Administrative Group (FYDIBOHF23SPDLT)/cn=Recipients/cn=assafb,https://lh3.googleusercontent.com/contacts/AG6tpzFmt1c6j0UfZC0fnPpVvQ6dHgcPkNBjw-1pvd02m4oQ_wfDrzyX,* myContacts,* Other,Assaf.Bar-Tal@betterplace.com,,,,,,,,,Mobile,972 54 830 0610,Work,972 73 777 7222,,,,,,,,,,,,,,,,,,,,,,,,,,,,,,,,,,,,Manager,Maya Cohen Lubitch,,,,,,,,,,,,
Assaf,,Giller,,,,,,,,OpCo,Planning and controlling manager,G&A,,Exchange E-mail Address: /o=BetterPlace/ou=Exchange Administrative Group (FYDIBOHF23SPDLT)/cn=Recipients/cn=assafg,https://lh3.googleusercontent.com/contacts/AG6tpzEvYtemX-Ja8fGJgEcjRs37cT5k4Yev2Rk9-oBx4nvbJW1oJEvx,* myContacts,* Other,Assaf.Giller@betterplace.com,,,,,,,,,Pager,skype: assaf.giller,Mobile,972 54 726 8552,Work,972 73 790 2220,,,,,,,,,,,,,,,,,,,,,,,,,,,,,,,,,,Manager,Eitan Hon,,,,,,,,,,,,
Assaf,,Halperin,,,,,,,,TopCo,Adviser,R&D,,Exchange E-mail Address: /o=BetterPlace/ou=Exchange Administrative Group (FYDIBOHF23SPDLT)/cn=Recipients/cn=assafha,https://lh3.googleusercontent.com/contacts/AG6tpzFXymruxj6acnAgEaX18px2txoOfWocQvxC4U-eY44DhXJFoPOQ,* myContacts,* Other,Assaf.Halperin@betterplace.com,,,,,,,,,Mobile,972 54 218 2468,Work,972 73 790 2256,,,,,,,,,,,,,,,,,,,,,,,,,,,,,,,,,,,,Manager,Ilana dankovich,,,,,,,,,,,,
Assaf,,Kendler,,,,,,,,,,,,Exchange E-mail Address: /o=BetterPlace/ou=Exchange Administrative Group (FYDIBOHF23SPDLT)/cn=Recipients/cn=Assafk,,* myContacts,* Other,Assaf.Kendler@betterplace.com,,,,,,,,,,,,,,,,,,,,,,,,,,,,,,,,,,,,,,,,,,,,,,,,,,,,,,,,,,,,,
Assaf,,Landau,,,,,,,,TTI Telecom,Director solution engineering,,2006-06-17,,,Imported 8/1/13 ::: Imported on 4/29 ::: * myContacts,* Other,alandau@imcingular.com,Other,assaf@lomiss.com ::: assafl@tti-telecom.com,,,,,,,Mobile,+1 (917) 7431043,Pager,alandau@imcingular.com,Work,+1 (201) 7953883 x 221,Home,+1 (201) 2397320,,,,,Home,"77 Park ave
APT# 1114
Hoboken
NJ
07030
United States of America",77 Park ave APT# 1114,Hoboken,,NJ,07030,United States of America,,,,,,,,,,,,,,,,,,,,Manager,Moshe Moran,Spouse,Noa,Other,http://www.tti-telecom.com,,,,,,,,
Assaf,,Levy,,,,,,,,Yellowpages,,,,,https://lh3.googleusercontent.com/contacts/AG6tpzFW3LAOzjGkOKz21nz1qpdkh8JWpPdUGj6bWTZOra-vVsEy6k26,Imported 8/1/13 ::: Imported on 4/29 ::: * myContacts,* Other,AssafL@d.co.il,,,,,,,,,Mobile,052-4740618,Work,03-7532163,,,,,,,,,,,,,,,,,,,,,,,,,,,,,,,,,,,,,,,,Profile,http://www.google.com/profiles/105923460644916244552,,,,,,,,
Assaf,,Mansour,,,,,,,,,,,,,,Imported 8/1/13 ::: Imported on 4/29 ::: * myContacts,* Other,assaf.mansour@comverse.com,,,,,,,,,,,,,,,,,,,,,,,,,,,,,,,,,,,,,,,,,,,,,,,,,,,,,,,,,,,,,
Assaf,,Margalit,,,,,,,,Tap2print,CEO,,,,,Imported 8/1/13 ::: Imported on 4/29 ::: * myContacts,* ,assaf@pixter-media.com,Other,Assaf.Margalit.1@gmail.com,,,,,,,Mobile,+972 (54) 7719978,Other,+1 (607) 2620605 ::: assaf_margalit1,,,,,,,,,,,,,,,,,,,,,,,,,,,,,,,,,,,,,,,,Other,fb://profile/551501259,,,,,,,,
Assaf,,Margalit,,,,,,,,Press-sense,,,,,https://lh3.googleusercontent.com/contacts/AG6tpzHSAYusyAOJZYV85oFNSeD1CK7gw0OxUJIIt5KTbMy2oJ53uusL,* myContacts,* Home,assaf_margalit@yahoo.com,Other,Assaf.Margalit@press-sense.com ::: asi@Press-sense.com ::: Assaf.Margalit.1@gmail.com,Work,assaf@tap2print.com,,,,,Other,+1 (607) 2620605,Mobile,+972 (54) 7719978,Radio,assaf_margalit1,,,,,,,,,,,,,,,,,,,,,,,,,,,,,,,,,,,,,,Other,fb://profile/551501259,,,,,,,,
Assaf,,Ronen,,,,,,,,stealth mode,Co-Founder | VP R&D,,2006-10-27,,,Imported 8/1/13 ::: Imported on 4/29 ::: * myContacts,* Other,ronen.assaf@gmail.com,,,,,,,,,Work Fax,+972 4-6361540,Work,+972 4-6260318,Other,assaf.ronen,,,,,,,Work,"P.O. Box 11043
5 Hadas St., North Industrial Park
Or Akiva 30600, Israel
United States of America ::: P.O. Box 11043
5 Hadas St., North Industrial Park
Or Akiva 30600
Israel
United States of America","United States of America
P.O. Box 11043 5 Hadas St., North Industrial Park Or Akiva 30600, Israel ::: P.O. Box 11043 5 Hadas St., North Industrial Park United States of America", ::: Or Akiva, ::: , ::: , ::: 30600,Israel ::: Israel, ::: ,,,,,,,,,,,,,,,,,,,,,,,Other,fb://profile/602552509,,,,,Photo,https://lh3.googleusercontent.com/-AFR1vAZx-H0/V4yvYnMsUDI/AAAAAAAAAAA/VNIxScxdLucvrCKtJmgs5FCC8I5nlPhgwCOQCEAE/photo.jpg,,
Assaf,,Rudich,,,,,,Assaf,,,,,,"Zvias cell: 416 457 1917
, SpouseName, , WorkPhone, , WorkPager, , WorkFax, , JobTitle, , Company, , Department, , BusinessEmail, rudich@sympatico.ca, BusinessWebPage, , WorkAddress, 81 Westwood Ave, WorkAddress2, , WorkCity, Toronto, WorkCountry, Canada, WorkState, ON, WorkZipCode, M4K 2A7",,Imported 8/1/13 ::: Imported on 4/29 ::: * myContacts,* Home,rudich@bgumail.bgu.ac.il,Home,rudich@sympatico.ca,,,,,,,Mobile,+972 (54) 4902136,Home,+972 (8) 6513495,,,,,,,,,Work,"81 Westwood Ave
Toronto
ON
M4K 2A7
Canada",81 Westwood Ave,Toronto,,ON,M4K 2A7,Canada,,,,,,,,,,,,,,,,,,,,,,,,,,,,,,,,,
Assaf,,Saad,,,,,,,,TopCo,QA Automation,R&D Team: QA,,Exchange E-mail Address: /o=BetterPlace/ou=Exchange Administrative Group (FYDIBOHF23SPDLT)/cn=Recipients/cn=Assafs,https://lh3.googleusercontent.com/contacts/AG6tpzGOfw3E1FOdStZ57QbcdsVAKcBEeZu6KWQVAXMeSvhl8jfsH5Cm,* myContacts,* Other,Assaf.Saad@betterplace.com,,,,,,,,,Mobile,972 54 539 5242,Work,972 73 790 2137,,,,,,,,,,,,,,,,,,,,,,,,,,,,,,,,,,,,Manager,Yoni Danieli,,,,,,,,,,,,
Assaf,,Shapira,,,,,,,,,,,,,,Imported on 4/29 ::: * myContacts,,,,,,,,,,,נייד,+972 54-217-6264,,,,,,,,,,,,,,,,,,,,,,,,,,,,,,,,,,,,,,,,,,,,,,,,,,,
Assaf,,Zeira,,,,,,,,,,,,,https://lh3.googleusercontent.com/contacts/AG6tpzGlLVe0M39qqwUD_EbQtXwDbVVZGdga1i8Jzi7HzQJ2CbV8IWvW,Imported 8/1/13 ::: Imported on 4/29 ::: * myContacts,* Other,assaf64@myrealbox.com,Other,assaf_zeira@hotmail.com ::: assaf64@gmail.com,,,,,,,Home,+972 (3) 9712196,Mobile,+972 (50) 7880878 ::: +972 52-666-0388,Work,+972 (9) 9569220,Radio,assaf64,,,,,,,,,,,,,,,,,,,,,,,,,,,,,,,,,,,,,,,,,,,,,
AU,Conference Room 1 Conference Room,1,,,,,,,,,,,,Exchange E-mail Address: /o=BetterPlace/ou=Exchange Administrative Group (FYDIBOHF23SPDLT)/cn=Recipients/cn=auconf1,,* myContacts,* Other,auconf1@betterplace.com,,,,,,,,,,,,,,,,,,,,,Work,114 Balmain St,114 Balmain St,,,,,,,,,,,,,,,,,,,,,,,,,,,,,,,,,,,,,,
Audry,,,,,,,,,,Ski,,,,,,Imported on 4/29 ::: * myContacts,,,,,,,,,,,Mobile,+33670544335,,,,,,,,,,,,,,,,,,,,,,,,,,,,,,,,,,,,,,,,,,,,,,,,,,,
australia,,admin,,,,,,,,,,,,Exchange E-mail Address: /o=BetterPlace/ou=Exchange Administrative Group (FYDIBOHF23SPDLT)/cn=Recipients/cn=ausadmin,,* myContacts,* Other,CRM@betterplace.com,,,,,,,,,,,,,,,,,,,,,,,,,,,,,,,,,,,,,,,,,,,,,,,,,,,,,,,,,,,,,
Avi,,Aflalo,,,,,,,,FREEMIND,Incentives Department,,,,,Imported 8/1/13 ::: Imported on 4/29 ::: * myContacts,* Other,avi@freemindconsultants.com,,,,,,,,,Mobile,+972 52-4352666,Work,+972 2-6799833 ext. 208,Other,+972 547741299,,,,,,,,,,,,,,,,,,,,,,,,,,,,,,,,,,,,,,,,,,,,,,,
Avi,,Aloni,,,,,,,,OpCo,NOC Manager,Strategy,,Exchange E-mail Address: /o=BetterPlace/ou=Exchange Administrative Group (FYDIBOHF23SPDLT)/cn=Recipients/cn=Avia,,* myContacts,* Other,Avi.Aloni@betterplace.com,,,,,,,,,Mobile,972 54 830 0607,Work,972 73 790 2263,,,,,,,,,,,,,,,,,,,,,,,,,,,,,,,,,,,,Manager,Eitan Hon,,,,,,,,,,,,
Avi,,Ben-Shoshan,,,,,,,,,,,,"Group: R&D 
Israeli Mobile: 972.52.8542766
Mobile: +972.52.8542766",https://lh3.googleusercontent.com/contacts/AG6tpzHoNItNIjUbMtMiM3SyU0MQqDHYgcV6Zpk5HU7dzfZQgifPInL8,Imported 8/1/13 ::: Waze ::: Imported 3/19/12 ::: Imported on 4/29 ::: * myContacts,* Obsolete,avi@waze.com,Other,avi@lwaze.com,Work,avib@google.com,,avi@wazearchive.goog,,,Mobile,+972-52-8542766,,,,,,,,,,,Home,שפירא 11/32 רמת גן,11/32 שפירא,רמת גן,,,,,,,,,,,,,,,,,,,,,,,,,,,,Profile,http://www.google.com/profiles/100285560946725212046 ::: http://www.google.com/profiles/100444994581819409836,,,,,,,,
Avi,,Cahlon,,,,,,,,,,,,,,Imported 8/1/13 ::: Imported on 4/29 ::: * myContacts,* ,ab462@yahoo.com,,,,,,,,,,,,,,,,,,,,,,,,,,,,,,,,,,,,,,,,,,,,,,,,,,,,,,,,,,,,,
Avi,,Cohen,,,,,,,,,,,,,https://lh3.googleusercontent.com/contacts/AG6tpzH3tyj6HxknAGYV3dr6Ka_ZGUcha9ceIqoprycImnI2G_s0bBEK,Imported 8/1/13 ::: Imported on 4/29 ::: * myContacts,* Other,Avi.Cohen@comverse.com,Other,avicoh@gmail.com,,,,,,,Mobile,+972 (54) 4398390,Other,+1 (305) 7752574,Work,+972 3-767-8211,Work Fax,+972 3-766-3243,,,,,,,,,,,,,,,,,,,,,,,,,,,,,,,,,,,,,,,,,,,,,
Avi,,Eliassaf,,,,,,,,BMC,,,,<sn>id:731407235/friendof:809988573</sn>,,Imported 8/1/13 ::: Imported on 4/29 ::: * myContacts,* Other,Avi_Eliassaf@bmc.com,Other,avi.eliassaf@gmail.com,,,,,,,,,,,,,,,,,,,,,,,,,,,,,,,,,,,,,,,,,,,,,,,,,,Other,fb://profile/731407235,,,,,,,,
Avi,,Idis,,,,,,,,,,,,strange guy with a startup (from Shlomo),,Imported 8/1/13 ::: Imported on 4/29 ::: * myContacts,,,,,,,,,,,Mobile,92-54-5757066,,,,,,,,,,,,,,,,,,,,,,,,,,,,,,,,,,,,,,,,,,,,,,,,,,,
Avi,,Lavi,,,,,,,,,,,,,https://lh3.googleusercontent.com/contacts/AG6tpzH0vC0uU0bP9970zq1TacFuKdImYiaSMoBVDxjFRJOH8hBZNKd2,Imported 8/1/13 ::: Imported on 4/29 ::: * myContacts,* Other,nyurkadu@hotmail.com,Other,nyurkadu@gmail.com,,,,,,,Mobile,+972 (54) 7685906,,,,,,,,,,,,,,,,,,,,,,,,,,,,,,,,,,,,,,,,,,Other,fb://profile/707406049,,,,,,,,
Avi,,Lazar,,,,,,,,,,,,,,Imported 8/1/13 ::: Imported on 4/29 ::: * myContacts,* ,avi@pulm-one.com,,,,,,,,,Mobile,052-5532277,,,,,,,,,,,,,,,,,,,,,,,,,,,,,,,,,,,,,,,,,,,,,,,,,,,
AVi,,MPC,,,,,,,,,,,,,,* myContacts,* ,avi@mpc.co.il,,,,,,,,,,,,,,,,,,,,,,,,,,,,,,,,,,,,,,,,,,,,,,,,,,,,,,,,,,,,,
Avi,,Ofir,,,,,,,,,,,,Exchange E-mail Address: /o=BetterPlace/ou=Exchange Administrative Group (FYDIBOHF23SPDLT)/cn=Recipients/cn=avio,,* myContacts,* Other,Avi.Ofir@betterplace.com,,,,,,,,,Work,054-8395699,,,,,,,,,,,,,,,,,,,,,,,,,,,,,,,,,,,,,,Manager,Yariv Tal,,,,,,,,,,,,
Avi,,Romano,,,,,,,,waze,Software Developer,,,"Group: R&D 
Israeli Mobile: 972.54.7733486
Mobile: +972.54.7733486",https://lh3.googleusercontent.com/contacts/AG6tpzGJr5i-781Me3LiZ-EMf0uczPDUBlWbFV6rNMeJSoetgGGsSUIj,Imported 8/1/13 ::: Waze ::: Imported 3/19/12 ::: Imported on 4/29 ::: * myContacts,* Obsolete,avir@waze.com,Other,ar0903@gmail.com,Work,aromano@google.com,,avir@wazearchive.goog,,,Home,+972-8-9318098,Mobile,+972-54-7733486,,,,,,,,,Home,"דקל 3, רחובות",3 דקל,רחובות,,,,,,,,,,,,,,,,,,,,,,,,,,,,Profile,http://www.google.com/profiles/112214220986272724029,Sync.ME profile,http://sync.me/profile/llOGxWEmJdM42aOJvkf_Lc_oPputoz73FmbwuFIXcULJBbabN12-eEUI,,,,,,
Avi,,Schwartz,,,,,,,,OpCo,BSS global deployment manager,Global Deploymant,,Exchange E-mail Address: /o=BetterPlace/ou=Exchange Administrative Group (FYDIBOHF23SPDLT)/cn=Recipients/cn=avis,,* myContacts,* Other,Avi.Schwartz@betterplace.com,,,,,,,,,Mobile,054-8300625,Work,972 73 790 2257,,,,,,,,,,,,,,,,,,,,,,,,,,,,,,,,,,,,Manager,Tal Agassi,,,,,,,,,,,,
Avi,,Shemesh,,,,,,,,,Real Estate Agent,,,Gil's friend,,* myContacts,* Other,shemeshavi@aol.com,null,shemeshavi@aol.com,,,,,,,Mobile,+14046633735,Other,+14046633735,Work,+97237225654,,,,,,,,,,,,,,,,,,,,,,,,,,,,,,,,,,,,,,,,,,,,,,,
Avi,,Zigdon,,,,,,,,,,,,Exchange E-mail Address: /o=BetterPlace/ou=Exchange Administrative Group (FYDIBOHF23SPDLT)/cn=Recipients/cn=aviz,,* myContacts,* Other,Avi.Zigdon@betterplace.com,,,,,,,,,,,,,,,,,,,,,,,,,,,,,,,,,,,,,,,,,,,,,,,,,,,,,,,,,,,,,
Aviad,,Ohayon,,,,,,,,OpCo,Transportation Cordinator,Regulations,,Exchange E-mail Address: /o=BetterPlace/ou=Exchange Administrative Group (FYDIBOHF23SPDLT)/cn=Recipients/cn=aviado,https://lh3.googleusercontent.com/contacts/AG6tpzFo_OleXqW6dl5PLw6BmOhAbeolt7k_FDewrSHh6UiNLrYIC96a,* myContacts,* Other,Aviad.Ohayon@betterplace.com,,,,,,,,,Mobile,972 52 786 8586,Work,972 73 790  2210,,,,,,,,,,,,,,,,,,,,,,,,,,,,,,,,,,,,Manager,Eran zini,,,,,,,,,,,,
Avihai,,Marchiano,,,,,,,,,,,,,https://lh3.googleusercontent.com/contacts/AG6tpzEN59Gx2z1xK38NFhJ5WyGU1ZIKuIthR0evul853hiIVG6xTK_b,Imported 8/1/13 ::: Imported on 4/29 ::: * myContacts,* Other,avihai@waze.com,Other,avihai@waze.co.il ::: avihai@google.com,,,,,,,Mobile,+972544414907,,,,,,,,,,,,,,,,,,,,,,,,,,,,,,,,,,,,,,,,,,Profile,http://www.google.com/profiles/108126610576234527959,,,,,,,,
Avishai,,Henley,,,,,,,,Perseus-BioMed,System & HW Engineer,,,,,Imported 8/1/13 ::: Imported on 4/29 ::: * myContacts,* Other,avishai_h@yahoo.com,,,,,,,,,Mobile,+972 (52) 2318101,Home,+972 (9) 7441447,Other,avishai_henley,,,,,,,,,,,,,,,,,,,,,,,,,,,,,,,,,,,,,,Sync.ME profile,http://sync.me/profile/17SrHXdltiamtZwMTykP2eBSQ-NGcYOwm1QAafBcUWYK_qHEn-ge,,,,,,,,
Avital,,Lustig Shaharabani *321,,,,,,,,,,,,,,* myContacts,* ,avitalalsh1@gmail.com,,,,,,,,,Other,+972546205622,,,,,,,,,,,,,,,,,,,,,,,,,,,,,,,,,,,,,,,,,,,,,,,,,,,
,,,,,,,,,,Aviv Movers,,,,אביב הובלות,,Imported 8/1/13 ::: Imported on 4/29 ::: * myContacts,* Work,aviv-hovalot@barak.net.il,,,,,,,,,Mobile,+972 577704559,Work,+972 3 6026161,,,,,,,,,,,,,,,,,,,,,,,,,,,,,,,,,,,,,,,,,,,,,,,,,
Aviva,,,,,,,,,,Beit Frankfurt,,,,,https://lh3.googleusercontent.com/contacts/AG6tpzHvfxkfIUttTdSs2OjGMIMn8biSCjEzpoWKQ4t5CMqKUewXO72M,Imported 8/1/13 ::: wednesdaynightsoccer ::: Imported on 4/29 ::: * myContacts,,,,,,,,,,,Mobile,03-6487818,,,,,,,,,,,,,,,,,,,,,,,,,,,,,,,,,,,,,,,,,,Sync.ME profile,http://sync.me/profile/_KNVN9zvB1DCDcIlvC-_quysf78jpUfu4lcP_8rKf0E,,,,,,,,
Aviva,,Lipshin,,,,,,,,,,,,,,Imported on 4/29 ::: * myContacts,,,,,,,,,,,Mobile,+972 50-622-1405,,,,,,,,,,,,,,,,,,,,,,,,,,,,,,,,,,,,,,,,,,,,,,,,,,,
Avner,,Aizendorf,,,,,,,,TopCo,RT SW Engineer,R&D,,Exchange E-mail Address: /o=BetterPlace/ou=Exchange Administrative Group (FYDIBOHF23SPDLT)/cn=Recipients/cn=AvnerA,https://lh3.googleusercontent.com/contacts/AG6tpzH0VnFCYWPQtnrNCV1e7zbeSWdzCPysnTJMPUteScxgGU6SvuDX,* myContacts,* Other,Avner.Aizendorf@betterplace.com,,,,,,,,,Pager,Skype: Avner.t4m,Mobile,972 52 483 7416,Work,972 73 790 2183,,,,,,,,,,,,,,,,,,,,,,,,,,,,,,,,,,Manager,Motty Cohen,,,,,,,,,,,,
Avner,,Avidan,,,,,,,,Better Place Australia,Marketing,Marketing,,Exchange E-mail Address: /o=BetterPlace/ou=Exchange Administrative Group (FYDIBOHF23SPDLT)/cn=Recipients/cn=aavidan,,* myContacts,* Other,Avner.Avidan@betterplace.com,,,,,,,,,Work,61 3 86790803,Other Fax,61 3 86790880,,,,,,,,,Work,"114 Balmain Street
Cremorne, VIC 3121
Australia",114 Balmain Street,Cremorne,,VIC,3121,Australia,,,,,,,,,,,,,,,,,,,,Manager,Jess Mison-Smith,,,,,,,,,,,,
Avner,,Cohen,,,,,,,,Iamba Networks,CTO,,,,https://lh3.googleusercontent.com/contacts/AG6tpzG735xPK9WItTzQRvncinye2YDjtm77hZ3sh7OxWLGWUFc2s9Vi,Imported 8/1/13 ::: Imported on 4/29 ::: * myContacts,* Other,avner_cohen@hotmail.com,,,,,,,,,Home,+972 (8) 9722776,Mobile,+972 (54) 4482017,,,,,,,,,,,,,,,,,,,,,,,,,,,,,,,,,,,,,,,,,,,,,,,,,
Avner,,Kafri,,,,,,,,press-sense,press-sense,,,<sn>id:1010279474/friendof:809988573</sn>,https://lh3.googleusercontent.com/contacts/AG6tpzGST2PLBqLLYH3NKNHujp15_AMjRWGjB8v4uisSNMFyICvAb7z7,Imported 8/1/13 ::: Imported on 4/29 ::: * myContacts,* Other,avner@press-sense.com,,,,,,,,,Mobile,+972 50-8594647,,,,,,,,,,,,,,,,,,,,,,,,,,,,,,,,,,,,,,,,,,Other,fb://profile/1010279474,,,,,,,,
Avner,,Levy פאזלים,,,,,,,,,,,,,,* myContacts,,,,,,,,,,,Other,+972525670201,,,,,,,,,,,,,,,,,,,,,,,,,,,,,,,,,,,,,,,,,,,,,,,,,,,
Avner,,Peleg,,,,,,,,,,,,,,Imported 8/1/13 ::: Imported on 4/29 ::: * myContacts,* Other,avner@thePelegs.com,,,,,,,,,,,,,,,,,,,,,,,,,,,,,,,,,,,,,,,,,,,,,,,,,,,,Other,fb://profile/722390355,,,,,,,,
Avraham,,Gillor,,,,,,,,,,,,"Relationship: Erez's uncle
Email Address: gillor_a@netvision.net.il",,Imported 8/1/13 ::: Imported on 4/29 ::: * myContacts,,,,,,,,,,,,,,,,,,,,,,,,,,,,,,,,,,,,,,,,,,,,,,,,,,,,,,,,,,,,,,,
Avraham,,Tamam,,,,,,,,OpCo,Costumer service representative,Costumer service,,Exchange E-mail Address: /o=BetterPlace/ou=Exchange Administrative Group (FYDIBOHF23SPDLT)/cn=Recipients/cn=avrahamt,https://lh3.googleusercontent.com/contacts/AG6tpzGUtZ94_PpiLlNKK0A4WJ7yUyFynFlE3rpCc9wr395g1FtCmBpk,* myContacts,* Other,Avraham.Tamam@betterplace.com,,,,,,,,,Mobile,972 54 634 3701,Work,972 73 790 2545,,,,,,,,,,,,,,,,,,,,,,,,,,,,,,,,,,,,Manager,Einat Rom,,,,,,,,,,,,
Avry,,Bachar,,,,,,,,OpCo,Visitor center manager,Marketing,,Exchange E-mail Address: /o=BetterPlace/ou=Exchange Administrative Group (FYDIBOHF23SPDLT)/cn=Recipients/cn=avryb,,* myContacts,* Other,Avry.Bachar@betterplace.com,,,,,,,,,,,,,,,,,,,,,,,,,,,,,,,,,,,,,,,,,,,,,,,,Manager,Dafna Agassi,,,,,,,,,,,,
Avshalom,,Ehrlich,,,,,,,,,,,,<sn>id:591145010/friendof:809988573</sn>,https://lh3.googleusercontent.com/contacts/AG6tpzH2pbZFteFpIBfwEwKuuLWx49mXHsQHSCk3R_VSiIn-71dx3639,Imported 8/1/13 ::: Imported on 4/29 ::: * myContacts,* Other,avshalome@gmail.com,,,,,,,,,Home,+972 4-9898491,,,,,,,,,,,,,,,,,,,,,,,,,,,,,,,,,,,,,,,,,,,fb://profile/591145010,,,,,,,,
Aya,,Tzarfati,,,,,,,,,,,,Exchange E-mail Address: /o=BetterPlace/ou=Exchange Administrative Group (FYDIBOHF23SPDLT)/cn=Recipients/cn=Ayat,https://lh3.googleusercontent.com/contacts/AG6tpzEvB4RXJt7CXQWd_oc9neNIX2HYKhHii319Cs0flSOYkI_AExXg,* myContacts,* Other,Aya.Tzarfati@betterplace.com,,,,,,,,,Mobile,972 54 839 5463,Work,972 3 916 5463,,,,,,,,,,,,,,,,,,,,,,,,,,,,,,,,,,,,,,,,,,,,,,,,,
Ayal,,Shiran,,,,,,,,Amdocs,VP - Customer Business Executive,,2006-06-13,,https://lh3.googleusercontent.com/contacts/AG6tpzGIOOzrHyIPzr7di4SJUUm-XhW0dQDy2NKJV6FefIMsGwM3Stmp,Imported 8/1/13 ::: Imported on 4/29 ::: * myContacts,* Other,ayal.shiran@Amdocs.com,Other,ayal@tti-telecom.com,,,,,,,Car,+1 (425) 241-1233,Pager,ayal@imcingular.com,Mobile,+1 (404) 735-0000,,,,,,,Home,"1958 Popple Ford Ln.
Atlanta
GA
30338
United States of America",1958 Popple Ford Ln,Atlanta,,GA,30338,United States of America,,,,,,,,,,,,,,,,,,,,Manager,Rami Doron,,,,,,,,,,,,
Ayala,,Brodatch,,,,,,,,,,,,Exchange E-mail Address: /o=BetterPlace/ou=Exchange Administrative Group (FYDIBOHF23SPDLT)/cn=Recipients/cn=ayalab,,* myContacts,* Other,Ayala.Brodatch@betterplace.com,,,,,,,,,,,,,,,,,,,,,,,,,,,,,,,,,,,,,,,,,,,,,,,,,,,,,,,,,,,,,
Ayala,,Dagan,,,,,,,,,,,,,,Imported on 4/29 ::: * myContacts,* ,ayalad@waze.com,,ayalad@google.com,,,,,,,Other,0543185662,,,,,,,,,,,,,,,,,,,,,,,,,,,,,,,,,,,,,,,,,,,,,,,,,,,
Ayala,,Sivan,,,,,,,,,,,,"Group: Map Team
Israeli Mobile: 972.52.4736778
Mobile: +972.52.4736778",,Imported 8/1/13 ::: Imported 3/19/12 ::: Imported on 4/29 ::: * myContacts,* ,ayala@waze.com,Work,ayalasivan@google.com,,ayalasivan@waze.com,,,,,,,,,,,,,,,,,,,,,,,,,,,,,,,,,,,,,,,,,,,,,,,,Profile,http://www.google.com/profiles/104426854769353591267,,,,,,,,
Ayelet,,Arnon,,,,,,,,,,,,,,Imported 8/1/13 ::: Imported on 4/29 ::: * myContacts,* Other,ayelet.arnon@gmail.com,,,,,,,,,,,,,,,,,,,,,,,,,,,,,,,,,,,,,,,,,,,,,,,,,,,,,fb://profile/664233199,,,,,,,,
Ayelet,,Bashan,,,,,,,,,,,,,,* myContacts,,,,,,,,,,,Mobile,+972549694757,,,,,,,,,,,,,,,,,,,,,,,,,,,,,,,,,,,,,,,,,,,,,,,,,,,
Ayelet,,Harari,,,,,,,,Wellana,,,,,,* myContacts,* ,ayelet@wellana.health,,harari.ayelet1@gmail.com•Work,,,,,,,,050-553-2629,,,,,,,,,,,,,,,,,,,,,,,,,,,,,,,,,,,,,,,,,,,,,,,,,,,
Ayelet,,Yamin,,,,,,,,,,,,Exchange E-mail Address: /o=BetterPlace/ou=Exchange Administrative Group (FYDIBOHF23SPDLT)/cn=Recipients/cn=ayelety,https://lh3.googleusercontent.com/contacts/AG6tpzHnKRcwqGvg-sHKZfGr4wW4IGfZFwS8YwMmAOSVpx0ZsQbiuMlI,* myContacts,* Other,Ayelet.Yamin@betterplace.com,,,,,,,,,Mobile,972 54 6349010,Work,972 73 7902599,,,,,,,,,,,,,,,,,,,,,,,,,,,,,,,,,,,,,,,,,,,,,,,,,
Ayelet,,ערבית,,,,,,,,,,,,,,* myContacts,,,,,,,,,,,Mobile,+972 54-533-5024,,,,,,,,,,,,,,,,,,,,,,,,,,,,,,,,,,,,,,,,,,,,,,,,,,,
Barak,,Ben-Rachel,,,,,,,,TopCo,Autos QA Team Leader,R&D Team: QA,,Exchange E-mail Address: /o=BetterPlace/ou=Exchange Administrative Group (FYDIBOHF23SPDLT)/cn=Recipients/cn=barakb,https://lh3.googleusercontent.com/contacts/AG6tpzGqjev34fzOFQT5OZlOr-D_LNGlEC5hmOtOeDTAUXdyhkDqL3qk,* myContacts,* Other,Barak.Ben-Rachel@betterplace.com,,,,,,,,,Mobile,972 54 830 0603,Work,972 73 790 2259,,,,,,,,,,,,,,,,,,,,,,,,,,,,,,,,,,,,Manager,Yoni Danieli,,,,,,,,,,,,
Barak,,Eliassy,,,,,,,,,,,,"Group: R&D 
Israeli Mobile: 972.54.2510851
Mobile: +972.54.2510851",https://lh3.googleusercontent.com/contacts/AG6tpzEcDaldsTCxGkngDesGNr584S768OVubZQcIcadcMwnOMdWFyPK,Imported 8/1/13 ::: Imported 3/19/12 ::: Imported on 4/29 ::: * myContacts,* ,barak@waze.com,Other,manymoon_ctxtk_4752818@manymoon.com,Work,barake@google.com,,,,,,,,,,,,,,,,,,,,,,,,,,,,,,,,,,,,,,,,,,,,,,,,Profile,http://www.google.com/profiles/114514705446851530082,,,,,,,,
Barak,,Hener,,,,,,,,,Trumpet Teacher,,,,https://lh3.googleusercontent.com/contacts/AG6tpzHX1JSCgkyVZN37LXChF0IN5jVmTFDjkntfM823P9AQozqlqxez,Imported 8/1/13 ::: Imported on 4/29 ::: * myContacts,* Work,barak_hener@hotmail.com,,,,,,,,,Mobile,+972-52-8556724,,,,,,,,,,,,,,,,,,,,,,,,,,,,,,,,,,,,,,,,,,,,,,,,,,,
Barak,,Hershkovitz,,,,,,,,TopCo,SW Development Manager/Chief Architect,R&D,,Exchange E-mail Address: /o=BetterPlace/ou=Exchange Administrative Group (FYDIBOHF23SPDLT)/cn=Recipients/cn=barakh,https://lh3.googleusercontent.com/contacts/AG6tpzFWZ4ay36KLqQ-HDzgWv-vAiJWc6cQjCeLbIyjS-goxQZAmo5mA,* myContacts,* Other,Barak.Hershkovitz@betterplace.com,,,,,,,,,Pager,Skype: Barak.Hershkovitz,Mobile,972 54 548 5050,Work,972 73 790 2129,,,,,,,Work,"Building #2
Kiriat Atidim
Tel Aviv
61581
Israel",Building #2 Kiriat Atidim Tel Aviv 61581,,,,,Israel,,,,,,,,,,,,,,,,,,,,Manager,Moshe Kaplinsky,,,,,,,,,,,,
Barak,,Ori,,,,,,,,,,,,,,Imported on 4/29 ::: * myContacts,* ,barakori@waze.com,Other,barakori@google.com,,,,,,,Mobile,054-6550123,,,,,,,,,,,,,,,,,,,,,,,,,,,,,,,,,,,,,,,,,,,,,,,,Photo,https://lh3.googleusercontent.com/-XGDB4GmbBPE/WkulgLLLPnI/AAAAAAAAAAA/WYBX_s3R81YjO5ze4Prpm8T3Y_Ax4rIVgCOQCEAE/photo.jpg,,
Barak,,Pridor,,,,,,,,ClearForest Corp.,CEO,,,,,Imported 8/1/13 ::: Imported on 4/29 ::: * myContacts,* Other,barak@clearforest.com,Other,bpridor@hotmail.com ::: barak.pridor@thomsonreuters.com,,,,,,,Other,+1 (917) 86393145,Home,+972 (3) 6054358,Mobile,+972 (52) 2901525,Radio,bpridor,,,,,,,,,,,,,,,,,,,,,,,,,,,,,,,,,,,,,,,,,,,,,
Barbara,,Potter,,,,,,,,,,,,,,Imported 8/1/13 ::: Imported on 4/29 ::: * myContacts,* Other,Barbara.Potter@BellSouth.com,Other,barbarapotter@imcingular.com,,,,,,,Work,+14049278274,,,,,,,,,,,,,,,,,,,,,,,,,,,,,,,,,,,,,,,,,,,,,,,,,,,
Barry,,Haffner,,,,,,,,UBS Financial Services Inc.,"Senior Vice President   Investments, Private Client Group",,,PaineWebber Incorporated,,Imported 8/1/13 ::: Imported on 4/29 ::: * myContacts,* Other,barry.haffner@ubs.com,Other,Barry.Haffner@UBSPaineWebber.com,,,,,,,Work,+1 (202) 5855440 ::: +1 (800) 3829989,Home,+1 (800) 3829989,,,,,,,,,Work,"The Investment Building
1501 K Street
N.W. Suite 1100
Washington
D.C.
20005
United States of America ::: The Investment Building
1501 K Street
N.W. Suite 1100
Washington
D.C.
20005
United States of America",Suite 1100 The Investment Building 1501 K Street N.W ::: Suite 1100 The Investment Building 1501 K Street N.W,Washington D.C ::: Washington D.C, ::: ,D.C. ::: D.C.,20005 ::: 20005,United States of America ::: United States of America, ::: ,,,,,,,,,,,,,,,,,,,,,,,,,,,,,,,,
Barry?,,,,,,,,,,Glass Doctor,,,,,,* myContacts,,,,,,,,,,,Other,+17707670281,,,,,,,,,,,,,,,,,,,,,,,,,,,,,,,,,,,,,,,,,,,,,,,,,,,
Bat-El,,Yaakov,,,,,,,,,,,,Exchange E-mail Address: /o=BetterPlace/ou=Exchange Administrative Group (FYDIBOHF23SPDLT)/cn=Recipients/cn=bat-ely,,* myContacts,* Other,Bat-El.Yaakov@betterplace.com,,,,,,,,,,,,,,,,,,,,,,,,,,,,,,,,,,,,,,,,,,,,,,,,,,,,,,,,,,,,,
Batia,,Ofer,,,,,,,,OpCo,External Relationships Manager,G&A,,Exchange E-mail Address: /o=BetterPlace/ou=Exchange Administrative Group (FYDIBOHF23SPDLT)/cn=Recipients/cn=batia,,* myContacts,* Other,Batia.Ofer@betterplace.com,,,,,,,,,Pager,Skype: Batia.Ferry,Mobile,972 54 480 4250,Work,972 73 790 2108,,,,,,,Work,"Building #2
Kiriat Atidim
Tel Aviv 61581
Israel",Building #2,Tel Aviv,,,61581,Israel,Kiriat Atidim,,,,,,,,,,,,,,,,,,,Manager,Moshe Kaplinsky,,,,,,,,,,,,
Bauz,,Eileen,,,,,,,,"Al, El",New York,,,,,Imported 8/1/13 ::: Imported on 4/29 ::: * myContacts,* Other,ebauz@elalusa.com,,,,,,,,,Work Fax,+1 (212) 8520641,Work,+1 (212) 8520634,,,,,,,,,,,,,,,,,,,,,,,,,,,,,,,,,,,,,,,,,,,,,,,,,
Ben,,Chin,,,,,,,,Better Place Inc.,Legal,G&A - Legal,,Exchange E-mail Address: /o=BetterPlace/ou=Exchange Administrative Group (FYDIBOHF23SPDLT)/cn=Recipients/cn=bchin,,* myContacts,* Other,Ben.Chin@betterplace.com,,,,,,,,,Work,1 650 845 2800,,,,,,,,,,,Work,"1070 Arastradero Road, Suite 220
Palo Alto, CA 94304
United States",Suite 220 1070 Arastradero Road,Palo Alto,,CA,94304,United States,,,,,,,,,,,,,,,,,,,,,,,,,,,,,,,,,
Ben,,Keneally,,,,,,,,Better Place Australia,Head of Marketing & External Affairs,Marketing,,Exchange E-mail Address: /o=BetterPlace/ou=Exchange Administrative Group (FYDIBOHF23SPDLT)/cn=Recipients/cn=Benk,https://lh3.googleusercontent.com/contacts/AG6tpzGiu5khElDl8wr8Zkuo6kN49D-26ozTRvq-48dot7-82-IHkORj,* myContacts,* Other,Ben.Keneally@betterplace.com,,,,,,,,,Pager,Skype: benedict.keneally,Mobile,61 416 277 598,Other Fax,61 2 9316 7423,,,,,,,Work,"2A Lord Street
Botany, NSW 2109
Australia",2A Lord Street,Botany,,NSW,2109,Australia,,,,,,,,,,,,,,,,,,,,Manager,Evan Thornley,,,,,,,,,,,,
Ben,,Mann,,,,,,,,,,,,,,Imported on 4/29 ::: * myContacts,* Work,bmann@google.com,Other,8enmann@gmail.com,,,,,,,,,,,,,,,,,,,,,,,,,,,,,,,,,,,,,,,,,,,,,,,,,,,,,,,,Photo,https://lh3.googleusercontent.com/-vl8SZqFbZ6U/WC6dEgH2hcI/AAAAAAAAAAA/rLuEATzTM6EtCoIPZ-PucM6rX7TAVfidgCOQCEAE/photo.jpg,,
Ben,,Miller,,,,,,,,Data Connection Ltd,"Business Unit Manager, Network Convergence Group",,,,,Imported 8/1/13 ::: Imported on 4/29 ::: * myContacts,* Other,bmm@dataconnection.com,,,,,,,,,Work,+44 (20) 83661177,,,,,,,,,,,,,,,,,,,,,,,,,,,,,,,,,,,,,,,,,,,,,,,,,,,
Benjamin,,Bondi,,,,,,,,,,,,,https://lh3.googleusercontent.com/contacts/AG6tpzHg2ni2JS-yCteypMUFD_KHo7GAPHyRPzqIt3hzLIQ3mM1B6HsG,Imported 8/1/13 ::: Imported on 4/29 ::: * myContacts,* Other,bondib@gmail.com,Other,benjamin@press-sense.com,,,,,,,Home,+972 77-4030018,Mobile,+972 57-7366617,,,,,,,,,,,,,,,,,,,,,,,,,,,,,,,,,,,,,,,,Other,fb://profile/100001153027673,,,,,,,,
Benjamin KRIEF,,Tour Mont Blanc,,,,,,,,,,,,,,* myContacts,,,,,,,,,,,Mobile,+33760908098,,,,,,,,,,,,,,,,,,,,,,,,,,,,,,,,,,,,,,,,,,,,,,,,,,,
Benji,,Selano,,,,,,,,TopCo,Integration QA Team Leader,R&D Team: QA,,Exchange E-mail Address: /o=BetterPlace/ou=Exchange Administrative Group (FYDIBOHF23SPDLT)/cn=Recipients/cn=Benjis,,* myContacts,* Other,Benji.Selano@betterplace.com,,,,,,,,,Mobile,972 54 8300645,Work,972 73 7902299,,,,,,,,,,,,,,,,,,,,,,,,,,,,,,,,,,,,Manager,Yoni Danieli,,,,,,,,,,,,
Benny,,Libman,,,,,,,,Bookkeeping And,,Tax,,,,* myContacts,,,,,,,,,,,Mobile,+972 52-820-0022,Work,+972 9-740-7955,,,,,,,,,,,,,,,,,,,,,,,,,,,,,,,,,,,,,,,,,,,,,,,,,
Benny,,Schlesinger,,,,,,,,Jacada,,,1969-07-19,<sn>id:694871251/friendof:809988573</sn>,https://lh3.googleusercontent.com/contacts/AG6tpzEF7h2XKRVlSkWf0MNffFMvlQnIbNKuqvLqfmOltV3mL05sawFD,Imported 8/1/13 ::: Imported on 4/29 ::: * myContacts,* Other,bschles@microsoft.com,Other,bschles@gmail.com,,bschles@google.com,,,,,Mobile,+972 54-6246896,,,,,,,,,,,,,,,,,,,,,,,,,,,,,,,,,,,,,,,,,,Other,fb://profile/694871251,,,,,,,,
Benzi,,Farbstein,,,,,,,,,,,,,https://lh3.googleusercontent.com/contacts/AG6tpzGYZhrUx9vyDpsJgTRVVNQhfBP086NQVJnuS8HgkQQchF60qT7O,Imported 8/1/13 ::: Imported on 4/29 ::: * myContacts,* Other,BENZIF@amdocs.com,,,,,,,,,Mobile,+972 (547) 540 500,Assistant,2-979-64406,Work,+972 (9) 7765303,Other Fax,2-979-61501,,,,,,,,,,,,,,,,,,,,,,,,,,,,,,,,Manager,Yossi Shay,,,,,,,,,,,,
Bernhard,,Schmidt,,,,,,,,,,,,,,Imported 8/1/13 ::: Imported on 4/29 ::: * myContacts,* Other,schmidtb@securitas.net,Other,schmidtb@wirecard.com,,,,,,,,,,,,,,,,,,,,,,,,,,,,,,,,,,,,,,,,,,,,,,,,,,,,,,,,,,,
BESAdmin,,,,,,,,,,,Service Account for BES,,,Exchange E-mail Address: /o=BetterPlace/ou=Exchange Administrative Group (FYDIBOHF23SPDLT)/cn=Recipients/cn=BESAdmin,,* myContacts,* Other,BESAdmin@betterplace.com,,,,,,,,,,,,,,,,,,,,,,,,,,,,,,,,,,,,,,,,,,,,,,,,,,,,,,,,,,,,,
Betina,,Osander,,,,,,,,Better Place Denmark A/S,PA & Office Manager,CEO office,,Exchange E-mail Address: /o=BetterPlace/ou=Exchange Administrative Group (FYDIBOHF23SPDLT)/cn=Recipients/cn=Betinao,https://lh3.googleusercontent.com/contacts/AG6tpzEI4reKL7YpxzQHHA_IzT1_OvxrH4ArfXB_e5pnLYcQ5hcDGCuE,* myContacts,* Other,Betina.Osander@betterplace.com,,,,,,,,,Pager,Skype: betina.osander,Mobile,45 40304644,Work,45 702 702 47,,,,,,,Work,"Enigheden
Bygmestervej 57
DK-2400 København NV
Denmark",Enigheden Bygmestervej 57,,,,DK-2400,Denmark,København NV,,,,,,,,,,,,,,,,,,,Manager,Jens Moberg,,,,,,,,,,,,
Better Place,,Australia,,,,,,,,,,,,Exchange E-mail Address: /o=BetterPlace/ou=Exchange Administrative Group (FYDIBOHF23SPDLT)/cn=Recipients/cn=BPAus,,* myContacts,* Other,Australia@betterplace.com,,,,,,,,,,,,,,,,,,,,,,,,,,,,,,,,,,,,,,,,,,,,,,,,,,,,,,,,,,,,,
better place center,place,center,,,,,,,,,,,,Exchange E-mail Address: /o=BetterPlace/ou=Exchange Administrative Group (FYDIBOHF23SPDLT)/cn=Recipients/cn=sales,,* myContacts,* Other,betterplacecenter@betterplace.com,,,,,,,,,Mobile,054-3013402,,,,,,,,,,,,,,,,,,,,,,,,,,,,,,,,,,,,,,,,,,,,,,,,,,,
Better,Place Charge,Spot,,,,,,,,,,,,Exchange E-mail Address: /o=BetterPlace/ou=Exchange Administrative Group (FYDIBOHF23SPDLT)/cn=Recipients/cn=BetterPlaceChargeSpot,,* myContacts,* Other,BetterPlaceChargeSpot@betterplace.com,,,,,,,,,,,,,,,,,,,,,,,,,,,,,,,,,,,,,,,,,,,,,,,,,,,,,,,,,,,,,
Better Place Team,Place,Team,,,,,,,,,,,,Exchange E-mail Address: /o=BetterPlace/ou=Exchange Administrative Group (FYDIBOHF23SPDLT)/cn=Recipients/cn=pbpteam,,* myContacts,* Other,betterplaceteam@betterplace.com,,,,,,,,,,,,,,,,,,,,,,,,,,,,,,,,,,,,,,,,,,,,,,,,,,,,,,,,,,,,,
Bhavik,,Joshi,,,,,,,,Better Place Inc.,Global Infrastructure Deployment,Global Planning and Operations,,Exchange E-mail Address: /o=BetterPlace/ou=Exchange Administrative Group (FYDIBOHF23SPDLT)/cn=Recipients/cn=bjoshi,,* myContacts,* Other,Bhavik.Joshi@betterplace.com,,,,,,,,,Pager,Skype: joshibhavik,Mobile,1 650 644 8183,Work,1 650 845 2830,,,,,,,Work,"1070 Arastradero Road, Suite 220
Palo Alto, California 94304
United States",Suite 220 1070 Arastradero Road,Palo Alto,,CA,94304,United States,,,,,,,,,,,,,,,,,,,,Manager,Tal Agassi,,,,,,,,,,,,
Bill Kitchen Cabinett Turkey,,,,,,,,,,,,,,,,* myContacts,,,,,,,,,,,Mobile,+14045675003,,,,,,,,,,,,,,,,,,,,,,,,,,,,,,,,,,,,,,,,,,,,,,,,,,,
Biswajit,,Guha,,,,,,,,,,,,Exchange E-mail Address: /o=BetterPlace/ou=Exchange Administrative Group (FYDIBOHF23SPDLT)/cn=Recipients/cn=biswajitg,,* myContacts,* Other,Biswajit.Guha@betterplace.com,,,,,,,,,Work,91-033-44498928,,,,,,,,,,,,,,,,,,,,,,,,,,,,,,,,,,,,,,Manager,Yariv Tal,,,,,,,,,,,,
biuser,,,,,,,,,,,,,,Exchange E-mail Address: /o=BetterPlace/ou=Exchange Administrative Group (FYDIBOHF23SPDLT)/cn=Recipients/cn=biuser,,* myContacts,* Other,biuser@betterplace.com,,,,,,,,,,,,,,,,,,,,,,,,,,,,,,,,,,,,,,,,,,,,,,,,,,,,,,,,,,,,,
Boaz,,Behar,,,,,,,,,,,,,https://lh3.googleusercontent.com/contacts/AG6tpzESLU-gygWRQbPUbytAWSUhDT6bYqVxQS27je-U66mkLc7PoBWp,Imported 8/1/13 ::: Imported on 4/29 ::: * myContacts,* Other,boaz.behar@gmail.com,,,,,,,,,,,,,,,,,,,,,,,,,,,,,,,,,,,,,,,,,,,,,,,,,,,,,fb://profile/800969099,,,,,,,,
Boaz,,Gabay,,,,Dr.,,,,,Skin Doctor,,,SD,https://lh3.googleusercontent.com/contacts/AG6tpzG7NQxxDN3WsakgmRM2lqD3KWAXkwKVOy7bK9YOLbAIa1M8Lwzl,Imported 8/1/13 ::: Imported on 4/29 ::: * myContacts,* Other,boazgabay@gmail.com,,,,,,,,,Mobile,+972 505312354,Work,+972 9 7727297,,,,,,,,,,,,,,,,,,,,,,,,,,,,,,,,,,,,,,,,,,,,,,,,,
Boaz,,Gofer,,,,,,,,,,,,,https://lh3.googleusercontent.com/contacts/AG6tpzFC4pVDL7yop5hI1U-TMILKB486AZ1UX8czv6GIogGGbiS0KNju,Imported 8/1/13 ::: Imported on 4/29 ::: * myContacts,* Other,boazg@google.com,Work,boaz@waze.com,,,,,,,Mobile,054-560-8860,,,,,,,,,,,,,,,,,,,,,,,,,,,,,,,,,,,,,,,,,,,,,,,,,,,
Boaz,,Hamo,,,,,,,,BackWeb Technologies Ltd.,"Vice President, R&D",,2006-11-02,,https://lh3.googleusercontent.com/contacts/AG6tpzHmAt56jLf9piaqWh4FES__fz853qFk--x-jVDB-OCRybxCAPeJ,Imported 8/1/13 ::: Imported on 4/29 ::: * myContacts,* Other,boaz.hamo@gmail.com,Other,boazh@backweb.com,,,,,,,Home,+972 3-6298476,Mobile,+972 54-5636916,Work,+972 3-9002705 ::: +972 3-9002700,Work Fax,+972 3-9002702,,,,,Home,"8 George Eliot st.
Tel-Aviv
65235
Israel",8 George Eliot st,Tel-Aviv,,,65235,Israel,,Work,"Haamal 10,
Park Afek, Rosh Haayin
Israel","Afek
Haamal 10, Park",Rosh Haayin,,,,Israel,,,,,,,,,,,,,,,Other,http://www.backweb.com,,,,,,,,
Boaz,,Ogen,,,,,,,,TopCo,Solution Program Manager,R&D Team: PMO,,Exchange E-mail Address: /o=BetterPlace/ou=Exchange Administrative Group (FYDIBOHF23SPDLT)/cn=Recipients/cn=boazo,https://lh3.googleusercontent.com/contacts/AG6tpzGKCukPve9_KNrShR9RPMMvpD4pIb1Qt2mWSfFQVG6QZYOcjDNK,* myContacts,* Other,Boaz.Ogen@betterplace.com,,,,,,,,,Pager,skype: ogen_boaz,Mobile,972 52 854 9842,Work,972 73 790 2579,,,,,,,,,,,,,,,,,,,,,,,,,,,,,,,,,,Manager,Shahaf Kieselstein,,,,,,,,,,,,
Boaz,,Spektor,,,,,,,,,,,,,,Imported 8/1/13 ::: Imported on 4/29 ::: * myContacts,* ,boaz@hasadna.co.il,,,,,,,,,,,,,,,,,,,,,,,,,,,,,,,,,,,,,,,,,,,,,,,,,,,,,,,,,,,,,
Boris,,Kabisher,,,,,,,,TopCo,Senior SW Architect,R&D,,Exchange E-mail Address: /o=BetterPlace/ou=Exchange Administrative Group (FYDIBOHF23SPDLT)/cn=Recipients/cn=borisk,,* myContacts,* Other,Boris.Kabisher@betterplace.com,,,,,,,,,Pager,Skype: Boris.Kavisher,Mobile,+972 (54) 7515695,Work,972 73 7902176,,,,,,,,,,,,,,,,,,,,,,,,,,,,,,,,,,Manager,Yuval Gilboa,,,,,,,,,,,,
Boris,,Svetlisky,,,,,,,,Press-sense,iWay Prime R&D Manager,,,,https://lh3.googleusercontent.com/contacts/AG6tpzGApdPJ3dLK-MbDyCQ3HG71Z6zln2Rg0ycj6dkhIOuGjcMEIoOz,Imported 8/1/13 ::: Imported on 4/29 ::: * myContacts,* Other,Boris@press-sense.com,,,,,,,,,Home,+972 (4) 627 3496,Mobile,+972 (54) 5831146,Work,+972 (4) 6260318 x 124,Work Fax,+972 4-6361540,,,,,Work,United States of America,,,,,,United States of America,,,,,,,,,,,,,,,,,,,,,,,,Other,fb://profile/619658056 ::: http://www.press-sense.com,Sync.ME profile,http://sync.me/profile/UmsgnNNVbRDXHPwO0p-O0NaAqpFaOkVe6XooY5Tjt8A2dygamtwUCvJ9ZgsHCn1jFH-fLHl65hOe,Profile,http://www.google.com/profiles/103776332038303408385,,,,
boxmanager,,,,,,,,,,,,,,Exchange E-mail Address: /o=BetterPlace/ou=Exchange Administrative Group (FYDIBOHF23SPDLT)/cn=Recipients/cn=boxmanager,,* myContacts,* Other,boxmanager@betterplace.com,,,,,,,,,,,,,,,,,,,,,,,,,,,,,,,,,,,,,,,,,,,,,,,,,,,,,,,,,,,,,
BP,Prizma Demo,Room,,,,,,,,,,,,Exchange E-mail Address: /o=BetterPlace/ou=Exchange Administrative Group (FYDIBOHF23SPDLT)/cn=Recipients/cn=pdemo,,* myContacts,* Other,pdemo@betterplace.com,,,,,,,,,,,,,,,,,,,,,,,,,,,,,,,,,,,,,,,,,,,,,,,,,,,,,,,,,,,,,
Branch688-Team737,,,,,,,,,,בנק לאומי - בנקאות פרטית,,,,"עו""ש 16021/30 מספר הסניף 688

מיכל זכאי
מנהלת לקוחות צוות 737
מרכזבנקאות פרטית השרון - 688",,Imported on 4/29 ::: * myContacts,* Other,Branch688.Team737@bankleumi.co.il,,,,,,,,,Work,076-866-8837,,,,,,,,,,,,,,,,,,,,,,,,,,,,,,,,,,,,,,,,,,,,,,,,,,,
Brandon,,Kung-Fu,,,,,,,,,,,,,,Imported 8/1/13 ::: Imported on 4/29 ::: * myContacts,,,,,,,,,,,Work,+1 (404) 7239771,,,,,,,,,,,,,,,,,,,,,,,,,,,,,,,,,,,,,,,,,,,,,,,,,,,
Brendon,,Smith,,,,,,,,Fuji Xerox Australia Pty Limited,Senior Account Executive - Pcs/sae - WA Sales,,,,,Imported 8/1/13 ::: Imported on 4/29 ::: * myContacts,* Other,Brendon.Smith@aus.fujixerox.com,,,,,,,,,Mobile,+61 407068811,Work,+61 (8) 93659555,,,,,,,,,,,,,,,,,,,,,,,,,,,,,,,,,,,,,,,,,,,,,,,,,
Brent,,McDonald,,,,,,,,Kodak Graphic Communications,"Project Manager, Unified Workflow",,,,,Imported 8/1/13 ::: Imported on 4/29 ::: * myContacts,* Other,Brent.McDonald@creo.com,,,,,,,,,Work,+1 (604) 676.4589,,,,,,,,,,,,,,,,,,,,,,,,,,,,,,,,,,,,,,,,,,,,,,,,,,,
Brian,,Goldstein,,,,,,,,Better Place Inc.,Business Development,Better Place North America,,Exchange E-mail Address: /o=BetterPlace/ou=Exchange Administrative Group (FYDIBOHF23SPDLT)/cn=Recipients/cn=bgoldstein,https://lh3.googleusercontent.com/contacts/AG6tpzGjDacSPfY_KuLP46_AGksTHgUQPpbvmZz61zpUttrIAiA8f9aE,* myContacts,* Other,Brian.Goldstein@betterplace.com,,,,,,,,,Mobile,1 808 291 3450,,,,,,,,,,,Work,"1070 Arastradero Road, Suite 220
Palo Alto, CA 94304
United States",Suite 220 1070 Arastradero Road,Palo Alto,,CA,94304,United States,,,,,,,,,,,,,,,,,,,,Manager,Jason Wolf,,,,,,,,,,,,
brian,,ltech,,,,,,,,,,,,Exchange E-mail Address: /o=BetterPlace/ou=Exchange Administrative Group (FYDIBOHF23SPDLT)/cn=Recipients/cn=brian.ltech,,* myContacts,* Other,bltech@agilemigrate.com,,,,,,,,,,,,,,,,,,,,,,,,,,,,,,,,,,,,,,,,,,,,,,,,,,,,,,,,,,,,,
Brian,,Luong,,,,,,,,BellSouth,,,,testing,,Imported 8/1/13 ::: Imported on 4/29 ::: * myContacts,* Other,Brian.Luong@BellSouth.com,Other,bluong@imcingular.com,,,,,,,Work,+1 (404) 9869818,,,,,,,,,,,,,,,,,,,,,,,,,,,,,,,,,,,,,,,,,,,,,,,,,,,
Brimag,,,,,,,,,,ברימאג מקרר,,,,,,Imported on 4/29 ::: * myContacts,,,,,,,,,,,Work Fax,+97235595414,Mobile,+972528220222 ::: +972528828404,,,,,,,,,,,,,,,,,,,,,,,,,,,,,,,,,,,,,,,,,,,,,,,,,
British Airways,,Israel,,,,,,,,,,,,,,* myContacts,,,,,,,,,,,Other,+9721809344536,,,,,,,,,,,,,,,,,,,,,,,,,,,,,,,,,,,,,,,,,,,,,,,,,,,
Bruria,,Miron,,,,,,,,"Freelancer, HR",Human Resources Consultant,,,,https://lh3.googleusercontent.com/contacts/AG6tpzEHtLWSx1JeE_-7R455ivta-oFf2tVJ8Tqj0_18zlWELWJ2FI__,Imported 8/1/13 ::: Imported on 4/29 ::: * myContacts,* Other,bruria@gemini.co.il,Other,Bruria.Miron@gmail.com,,,,,,,Mobile,972 525 421110,Work,+972 (9) 9719109,,,,,,,,,,,,,,,,,,,,,,,,,,,,,,,,,,,,,,,,,,,,,,,,,
Bunker Tour,,,,,,,,,,,,,,,,* myContacts,,,,,,,,,,,Mobile,+355685033117,,,,,,,,,,,,,,,,,,,,,,,,,,,,,,,,,,,,,,,,,,,,,,,,,,,
Byron,,Scaf,,,,,,,,Better Place Australia,Technology,Technology,,Exchange E-mail Address: /o=BetterPlace/ou=Exchange Administrative Group (FYDIBOHF23SPDLT)/cn=Recipients/cn=bscaf,,* myContacts,* Other,Byron.Scaf@betterplace.com,,,,,,,,,Home,61 3 8679 0818,Mobile,61 413 132 492,Other Fax,61 3 86790880,,,,,,,Work,"114 Balmain Street
Cremorne, VIC 3121
Australia",114 Balmain Street,Cremorne,,VIC,3121,Australia,,,,,,,,,,,,,,,,,,,,Manager,Alan Finkel,,,,,,,,,,,,
California,,,,,,,,,,,TEMP,,,Exchange E-mail Address: /o=BetterPlace/ou=Exchange Administrative Group (FYDIBOHF23SPDLT)/cn=Recipients/cn=california,,* myContacts,* Other,california@betterplace.com,,,,,,,,,,,,,,,,,,,,,,,,,,,,,,,,,,,,,,,,,,,,,,,,,,,,,,,,,,,,,
CallCenter,,,,,,,,,,,,,,Exchange E-mail Address: /o=BetterPlace/ou=Exchange Administrative Group (FYDIBOHF23SPDLT)/cn=Recipients/cn=callcenter,,* myContacts,* Other,callcenter@betterplace.com,,,,,,,,,,,,,,,,,,,,,,,,,,,,,,,,,,,,,,,,,,,,,,,,,,,,,,,,,,,,,
Calling Card,,Temp,,,,,,,,,,,,,,Imported 8/1/13 ::: Imported on 4/29 ::: * myContacts,,,,,,,,,,,Work,+18663289880,,,,,,,,,,,,,,,,,,,,,,,,,,,,,,,,,,,,,,,,,,,,,,,,,,,
Carlo,,Tursi,,,,,,,,Better Place Inc.,Strategic Initiatives,Strategic Initiatives,,Exchange E-mail Address: /o=BetterPlace/ou=Exchange Administrative Group (FYDIBOHF23SPDLT)/cn=Recipients/cn=ctursi,https://lh3.googleusercontent.com/contacts/AG6tpzH5rVMMw2PzgdHiOdGhxF1merKlM2vtLebUr_EuNXT0DwePzk8Z,* myContacts,* Other,Carlo.Tursi@betterplace.com,,,,,,,,,Pager,Skype: carlotursi,Mobile,1 617 331 6362,Work,1 650 845 2800,,,,,,,Work,"1070 Arastradero Road, Suite 220
Palo Alto, CA 94304
United States",Suite 220 1070 Arastradero Road,Palo Alto,,CA,94304,United States,,,,,,,,,,,,,,,,,,,,,,,,,,,,,,,,,
Carmit,,Bar-Tov,,,,,,,,Press-Sense,HR,,,,,Imported 8/1/13 ::: Imported on 4/29 ::: * myContacts,* Other,carmit@press-sense.com,Other,carmirb@bezeqint.net,,,,,,,Home,+972 (9) 7437698,Mobile,+972 (54) 5490593,,,,,,,,,,,,,,,,,,,,,,,,,,,,,,,,,,,,,,,,,,,,,,,,,
Carolina,,Berstein,,,,,,,,,,,,,,Imported on 4/29 ::: * myContacts,* ,caroberstein@google.com,,,,,,,,,Mobile,+972 52-606-5671,,,,,,,,,,,,,,,,,,,,,,,,,,,,,,,,,,,,,,,,,,,,,,,,,,,
Catherine,,Haddad,,,,,,,,,,,,,,Imported 8/1/13 ::: Imported on 4/29 ::: * myContacts,* Other,catherin_haddad@yahoo.com,,,,,,,,,,,,,,,,,,,,,,,,,,,,,,,,,,,,,,,,,,,,,,,,,,,,,fb://profile/1068877507,,,,,,,,
cellcom,energy,שירן,,,,,,,,,,,,,,* myContacts,,,,,,,,,,,Mobile,+972529772188,,,,,,,,,,,,,,,,,,,,,,,,,,,,,,,,,,,,,,,,,,,,,,,,,,,
CEO,,Fax,,,,,,,,,,,,Exchange E-mail Address: /o=BetterPlace/ou=Exchange Administrative Group (FYDIBOHF23SPDLT)/cn=Recipients/cn=CEOFax,,* myContacts,* Other,CEO.Fax@betterplace.com,,,,,,,,,,,,,,,,,,,,,,,,,,,,,,,,,,,,,,,,,,,,,,,,,,,,,,,,,,,,,
cep,,onboarding,,,,,,,,,,,,Exchange E-mail Address: /o=BetterPlace/ou=Exchange Administrative Group (FYDIBOHF23SPDLT)/cn=Recipients/cn=ceponboarding,,* myContacts,* Other,cep.onboarding@betterplace.com,,,,,,,,,,,,,,,,,,,,,,,,,,,,,,,,,,,,,,,,,,,,,,,,,,,,,,,,,,,,,
Champion,,Visit,,,,,,,,,,,,Exchange E-mail Address: /o=BetterPlace/ou=Exchange Administrative Group (FYDIBOHF23SPDLT)/cn=Recipients/cn=championv,,* myContacts,* Other,Champion.Visit@betterplace.com,,,,,,,,,,,,,,,,,,,,,,,,,,,,,,,,,,,,,,,,,,,,,,,,,,,,,,,,,,,,,
champions,,,,,,,,,,,,,,Exchange E-mail Address: /o=BetterPlace/ou=Exchange Administrative Group (FYDIBOHF23SPDLT)/cn=Recipients/cn=champions,,* myContacts,* Other,champions@betterplace.com,,,,,,,,,,,,,,,,,,,,,,,,,,,,,,,,,,,,,,,,,,,,,,,,,,,,,,,,,,,,,
Chanan,,Gabay,,,,,,,,Better Place,,,,Exchange E-mail Address: /o=BetterPlace/ou=Exchange Administrative Group (FYDIBOHF23SPDLT)/cn=Recipients/cn=chanang,,* myContacts,* Other,Chanan.Gabay@betterplace.com,,,,,,,,,Mobile,972 54 452 5972,,,,,,,,,,,,,,,,,,,,,,,,,,,,,,,,,,,,,,,,,,,,,,,,,,,
Charles,,Shepard,,,,,,,,Accenture,,,,,,Imported 8/1/13 ::: Imported on 4/29 ::: * myContacts,* Other,Charles.Shepard@BellSouth.com,Other,charlesshepard@imcingular.com,,,,,,,Mobile,+1 (404) 927-8272,Work,+1 (404) 927-8838,,,,,,,,,,,,,,,,,,,,,,,,,,,,,,,,,,,,,,,,,,,,,,,,,
Charles,,Stonehill,,,,,,,,Better Place Inc.,Chief Finance Officer,G&A,,Exchange E-mail Address: /o=BetterPlace/ou=Exchange Administrative Group (FYDIBOHF23SPDLT)/cn=Recipients/cn=cstonehill,,* myContacts,* Other,Charles.Stonehill@betterplace.com,,,,,,,,,Mobile,1 646 331 7045,Work,1 650 845 2858,,,,,,,,,Work,"1070 Arastradero Road, Suite 220
Palo Alto, CA 94304
United States",Suite 220 1070 Arastradero Road,Palo Alto,,CA,94304,United States,,,,,,,,,,,,,,,,,,,,Manager,Shai Agassi,,,,,,,,,,,,
Chen,,Andler,,,,,,,,"5 Hadas St.,North Industrial",,,,,,Imported 8/1/13 ::: Imported on 4/29 ::: * myContacts,* Other,chen@press-sense.com,Other,e.jenny@gmail.com,,,,,,,Mobile,+1 (201) 6737773,,,,,,,,,,,Work,"P.O. Box 11043
30600",P.O. Box 11043 30600,,,,,,,,,,,,,,,,,,,,,,,,,,,,,Other,http://www.press-sense.com,,,,,Photo,https://lh4.googleusercontent.com/-644f1HaUtUg/V4yoed82uPI/AAAAAAAAAAA/M04qkja3RZgnQgvLWAEcVuiHpcMqEal9QCOQCEAE/photo.jpg,,
Chen,,Barshai,,,,,,,,,,,,"Group: Support
Israeli Mobile: 972.50.2001338
Mobile: +972.50.2001338",https://lh3.googleusercontent.com/contacts/AG6tpzFSQAxdmtFQsB2bnST6TGIm9vFC8e-9sDYvnwgTEWbKBePVvZGB,Imported 8/1/13 ::: Imported 3/19/12 ::: Imported on 4/29 ::: * myContacts,* ,chen@waze.com,Other,ken@waze.com,Obsolete,chenb@waze.com,Work,cbarshai@google.com,,chenb@wazearchive.goog,Mobile,+972 50-200-1338,,,,,,,,,,,,,,,,,,,,,,,,,,,,,,,,,,,,,,,,,,Profile,http://www.google.com/profiles/111868830301036604410,,,,,,,,
Chen,,Dan,,,,,,,,,,,,,,Imported on 4/29 ::: * myContacts,* ,cdan@google.com,,,,,,,,,,,,,,,,,,,,,,,,,,,,,,,,,,,,,,,,,,,,,,,,,,,,,,,,,,,,,
Chen,,Kaufman,,,,,,,,,,,,"Group: Admin
Israeli Mobile: 972.54.6325788
Mobile: +972.54.6325788",,Imported 8/1/13 ::: Imported 3/19/12 ::: Imported on 4/29 ::: * myContacts,* ,chen@waze.com,,,,,,,,,,,,,,,,,,,,,,,,,,,,,,,,,,,,,,,,,,,,,,,,,,,,,,,,,,,,,
Chi-Chao,,Chang,,,,,,,,xAd,"President, Products and Technology",,,,,Imported 8/1/13 ::: Imported on 4/29 ::: * myContacts,* Work,chichao@xad.com,,,,,,,,,Work,+1 408.910.8533,,,,,,,,,,,,,,,,,,,,,,,,,,,,,,,,,,,,,,,,,,,,,,,,,,,
Chris,,Blanchard,,,,,,,,"Digital People, The",,,,,,Imported 8/1/13 ::: Imported on 4/29 ::: * myContacts,* Other,chris.blanchard@thedigitalpeople.com,,,,,,,,,Work,+44 (845) 130 1445,,,,,,,,,,,,,,,,,,,,,,,,,,,,,,,,,,,,,,,,,,,,,,,,,,,
Chris,,Butler,,,,,,,,,,,,,https://lh3.googleusercontent.com/contacts/AG6tpzHhkKP3KQm4Wv2Wl_Bb9DFlvoMiCt-bT2dtT7h5yHSB-L9w-30z,Imported 8/1/13 ::: Imported 3/19/12 ::: Imported on 4/29 ::: * myContacts,* Primary,Chris@waze.com,Work,chrizbo@hotmail.com,,,,,,,Home,+1.415.5779130,,,,,,,,,,,,,,,,,,,,,,,,,,,,,,,,,,,,,,,,,,Profile,http://www.google.com/profiles/115309657963835558930,,,,,,,,
Chris,,Pearce,,,,,,,,Better Place Australia,Finance and Strategy,Finance,,Exchange E-mail Address: /o=BetterPlace/ou=Exchange Administrative Group (FYDIBOHF23SPDLT)/cn=Recipients/cn=chrisp,,* myContacts,* Other,Chris.Pearce@betterplace.com,,,,,,,,,Pager,Skype: chris.pearce.bp,Mobile,61 408 578 340,Work,61 3 86790810,Other Fax,61 3 86790880,,,,,Work,"114 Balmain Street
Cremorne, VIC 3121
Australia",114 Balmain Street,Cremorne,,VIC,3121,Australia,,,,,,,,,,,,,,,,,,,,Manager,Antony Cohen,,,,,,,,,,,,
Christian,,Breth,,,,,,,,Better Place Denmark,Site Acquisition & Installation Manager,Deployment,,Exchange E-mail Address: /o=BetterPlace/ou=Exchange Administrative Group (FYDIBOHF23SPDLT)/cn=Recipients/cn=christianb,,* myContacts,* Other,Christian.Breth@betterplace.com,,,,,,,,,Mobile,45 30 37 25 11,Work,45 702 702 47,,,,,,,,,Work,"København NV 2400
Denmark",,,,,2400,Denmark,København NV,,,,,,,,,,,,,,,,,,,Manager,Torben Bjerre,,,,,,,,,,,,
Christian,,Egenfeldt,,,,,,,,Better Place Denmark A/S,Business Developement Europe,Strategic Initiatives,,Exchange E-mail Address: /o=BetterPlace/ou=Exchange Administrative Group (FYDIBOHF23SPDLT)/cn=Recipients/cn=cegenfeldt,https://lh3.googleusercontent.com/contacts/AG6tpzFO8hN6RngYvzTq1wLTVKSCSgxchGzhD5Hxvvf59XchFWRSC5hb,* myContacts,* Other,Christian.Egenfeldt@betterplace.com,,,,,,,,,Pager,Skype: egenfeldt,Mobile,45 28 91 95 95,Work,45 702 702 47,,,,,,,Work,"Enigheden
Bygmestervej 57
DK-2400 København NV
Denmark",Enigheden Bygmestervej 57,,,,DK-2400,Denmark,København NV,,,,,,,,,,,,,,,,,,,,,,,,,,,,,,,,
Christina,,Garcia,,,,,,,,Office Max,"Manager, Development, Print and Document Services",,,,,Imported 8/1/13 ::: Imported on 4/29 ::: * myContacts,* Other,ChristinaGarcia@OfficeMax.com,,,,,,,,,Work,+1 (630) 4387646,,,,,,,,,,,,,,,,,,,,,,,,,,,,,,,,,,,,,,,,,,,,,,,,,,,
Chwan-cheng,,Liu,,,,,(Nelson),,,Xerox,,,,,,Imported 8/1/13 ::: Imported on 4/29 ::: * myContacts,* Other,Chwan-Cheng.Liu@xerox.com,,,,,,,,,Mobile,+1 (562) 599 9301,Work,+1 (310) 3339762,,,,,,,,,,,,,,,,,,,,,,,,,,,,,,,,,,,,,,,,,,,,,,,,,
Cindy,,Azoulay,,,,,,,,Kan-Tor & Schwartz,,,,,,Imported 8/1/13 ::: Imported on 4/29 ::: * myContacts,* Other,cidny@ksvisa.com,,,,,,,,,Mobile,+972 (54) 4218989,Work,+972 (3) 6138202 x 24,,,,,,,,,,,,,,,,,,,,,,,,,,,,,,,,,,,,,,,,,,,,,,,,,
,,Cityden Bolo Didtrict,,,,,,,,,,,,,,* myContacts,,,,,,,,,,,Mobile,+310203101011,,,,,,,,,,,,,,,,,,,,,,,,,,,,,,,,,,,,,,,,,,,,,,,,,,,
Claudia Gonçalves (nov,obanco,Sede),,,,,,,,NOVO,ACCOUNT MANAGER,BANK,,,,* myContacts,* אחר,claudia.maria.goncalves@novobanco.pt,,,,,,,,,בית,+351 21 883 4548,נייד,+351 962 148 812,,,,,,,,,,,,,,,,,,,,,,,,,,,,,,,,,,,,,,,,,,,,,,,,,
Claudio,,Schapsis,,,,,,,,TTI Team Telecom International,AVP Associate Vice President Sales Latin America & Caribbean,,2006-01-16,LinkedIn Profile: https://www.linkedin.com/profile?viewProfile=&key=233685,https://lh3.googleusercontent.com/contacts/AG6tpzF3NXrRQDPcKfO9llhTxPxnfBKmoeIQYZGo01C2pPhiqZ6oUud3,Imported 8/1/13 ::: Imported on 4/29 ::: * myContacts,* Other,claudio.g@schapsis.com,Other,claudio.schapsis@bdnooz.com,,,,,,,Home,954-327-8870,Mobile,+1 (954) 648-9213,Radio,claudio-sch,Work Fax,+1 (815) 425-1211,,,,,Home,"7461 sw 15 st
Plantation, FL 33317
USA",7461 sw 15 st,Plantation,,FL,33317,USA,,,,,,,,,,,,,,,,,,,,,,,,Profile,http://www.google.com/profiles/116912273033467156297,,,,,,,,
,,CLC Optica,,,,,,,,,,,,,,* myContacts,,,,,,,,,,,Mobile,+972525340948,,,,,,,,,,,,,,,,,,,,,,,,,,,,,,,,,,,,,,,,,,,,,,,,,,,
Clifford,,Traisman,,,,,,,,,,,,Exchange E-mail Address: /o=BetterPlace/ou=Exchange Administrative Group (FYDIBOHF23SPDLT)/cn=Recipients/cn=ctraisman,,* myContacts,* Other,Clifford.Traisman@betterplace.com,,,,,,,,,,,,,,,,,,,,,,,,,,,,,,,,,,,,,,,,,,,,,,,,,,,,,,,,,,,,,
Community,,,,,,,,,,,,,,Exchange E-mail Address: /o=BetterPlace/ou=Exchange Administrative Group (FYDIBOHF23SPDLT)/cn=Recipients/cn=community,,* myContacts,* Other,community@betterplace.com,,,,,,,,,,,,,,,,,,,,,,,,,,,,,,,,,,,,,,,,,,,,,,,,,,,,,,,,,,,,,
Con,,Dalamangas,,,,,,,,ManageNet,CTO,,,Exchange E-mail Address: /o=BetterPlace/ou=Exchange Administrative Group (FYDIBOHF23SPDLT)/cn=Recipients/cn=a_cdalamangas,,* myContacts,* Other,Con.Dalamangas@betterplace.com,,,,,,,,,Work,61294250022,,,,,,,,,,,,,,,,,,,,,,,,,,,,,,,,,,,,,,,,,,,,,,,,,,,
Connie,,Pinder,,,,,,,,,,,,,,Imported 8/1/13 ::: Imported on 4/29 ::: * myContacts,* Other,Connie.Pinder@BellSouth.com,Other,conniepinder@imcingular.com,,,,,,,Work,+14049860961,,,,,,,,,,,,,,,,,,,,,,,,,,,,,,,,,,,,,,,,,,,,,,,,,,,
Connor,,Moran,,,,,,,,CJ King AUS,,,,,,Imported 8/1/13 ::: Imported on 4/29 ::: * myContacts,* Other,connor.moran@emedia.com.au,,,,,,,,,Mobile,+61419928750,,,,,,,,,,,,,,,,,,,,,,,,,,,,,,,,,,,,,,,,,,,,,,,,,,,
Content-Quarantine,,,,,,,,,,,,,,Exchange E-mail Address: /o=BetterPlace/ou=Exchange Administrative Group (FYDIBOHF23SPDLT)/cn=Recipients/cn=Content-Quarantine,,* myContacts,* Other,Content-Quarantine@betterplace.com,,,,,,,,,,,,,,,,,,,,,,,,,,,,,,,,,,,,,,,,,,,,,,,,,,,,,,,,,,,,,
Corin,Sarfati,Peled,,,,,,,,,,,,"Group: Map Team 
Israeli Mobile: 972.54.6484965
Mobile: +972.54.6484965",https://lh3.googleusercontent.com/contacts/AG6tpzEl76treqNL6fnbuXM9qrM4Hu-bXHS-KQ3RL3XPcMMZaIMV4sxQ,Imported 8/1/13 ::: Waze ::: Imported 3/19/12 ::: Imported on 4/29 ::: * myContacts,* Work,corins@google.com,,corin@waze.com,,,,,,,Home,+972-9-7967128,Mobile,+972-54-6484965,,,,,,,,,Home,מושב משמרת,,מושב משמרת,,,,,,,,,,,,,,,,,,,,,,,,,,,,,,,,,,,,,
Corporate,,Calendar,,,,,,,,,,,,Exchange E-mail Address: /o=BetterPlace/ou=Exchange Administrative Group (FYDIBOHF23SPDLT)/cn=Recipients/cn=corpcalendar,,* myContacts,* Other,corpcalendar@betterplace.com,,,,,,,,,,,,,,,,,,,,,,,,,,,,,,,,,,,,,,,,,,,,,,,,,,,,,,,,,,,,,
CR,DK Abbey Road DK Abbey,Road,,,,,,,,,,,,Exchange E-mail Address: /o=BetterPlace/ou=Exchange Administrative Group (FYDIBOHF23SPDLT)/cn=Recipients/cn=CRDKAbbeyRoad,,* myContacts,* Other,CRDKAbbeyRoad@betterplace.com,,,,,,,,,,,,,,,,,,,,,,,,,,,,,,,,,,,,,,,,,,,,,,,,,,,,,,,,,,,,,
CR DK Crossroads (study),DK,Crossroads,,,,,(study),,,,,,,Exchange E-mail Address: /o=BetterPlace/ou=Exchange Administrative Group (FYDIBOHF23SPDLT)/cn=Recipients/cn=CRDKCrossroads,,* myContacts,* Other,study) (CRDKCrossroads@betterplace.com,,,,,,,,,,,,,,,,,,,,,,,,,,,,,,,,,,,,,,,,,,,,,,,,,,,,,,,,,,,,,
CR DK Cruising,DK,Cruising,,,,,,,,,,,,Exchange E-mail Address: /o=BetterPlace/ou=Exchange Administrative Group (FYDIBOHF23SPDLT)/cn=Recipients/cn=CRDKCruising,,* myContacts,* Other,CRDKCruising@betterplace.com,,,,,,,,,,,,,,,,,,,,,,,,,,,,,,,,,,,,,,,,,,,,,,,,,,,,,,,,,,,,,
CR,DK Easy Rider DK Easy,Rider,,,,,,,,,,,,Exchange E-mail Address: /o=BetterPlace/ou=Exchange Administrative Group (FYDIBOHF23SPDLT)/cn=Recipients/cn=CRDKEasyRider,,* myContacts,* Other,CRDKEasyRider@betterplace.com,,,,,,,,,,,,,,,,,,,,,,,,,,,,,,,,,,,,,,,,,,,,,,,,,,,,,,,,,,,,,
CR DK Fast Car,DK Fast,Car,,,,,,,,,,,,Exchange E-mail Address: /o=BetterPlace/ou=Exchange Administrative Group (FYDIBOHF23SPDLT)/cn=Recipients/cn=CRDKFastCar,,* myContacts,* Other,CRDKFastCar@betterplace.com,,,,,,,,,,,,,,,,,,,,,,,,,,,,,,,,,,,,,,,,,,,,,,,,,,,,,,,,,,,,,
CR DK Freeway of Love,DK,Freeway of Love,,,,,,,,,,,,Exchange E-mail Address: /o=BetterPlace/ou=Exchange Administrative Group (FYDIBOHF23SPDLT)/cn=Recipients/cn=CRDKFreewayofLove,,* myContacts,* Other,CRDKFreewayofLove@betterplace.com,,,,,,,,,,,,,,,,,,,,,,,,,,,,,,,,,,,,,,,,,,,,,,,,,,,,,,,,,,,,,
CR DK Herbie (study),DK,Herbie,,,,,(study),,,,,,,Exchange E-mail Address: /o=BetterPlace/ou=Exchange Administrative Group (FYDIBOHF23SPDLT)/cn=Recipients/cn=CRDKHerbie,,* myContacts,* Other,study) (CRDKHerbie@betterplace.com,,,,,,,,,,,,,,,,,,,,,,,,,,,,,,,,,,,,,,,,,,,,,,,,,,,,,,,,,,,,,
CR,DK Hit the CR DK Hit the Road (workshop) Road,(workshop),,,,,,,,,,,,Exchange E-mail Address: /o=BetterPlace/ou=Exchange Administrative Group (FYDIBOHF23SPDLT)/cn=Recipients/cn=CRDKHittheRoad,,* myContacts,* Other,workshop),,,,,,,,,,,,,,,,,,,,,,,,,,,,,,,,,,,,,,,,,,,,,,,,,,,,,,,,,,,,,
CR,DK Rain Man DK Rain,Man,,,,,,,,,,,,Exchange E-mail Address: /o=BetterPlace/ou=Exchange Administrative Group (FYDIBOHF23SPDLT)/cn=Recipients/cn=CRDKRainMan,,* myContacts,* Other,CRDKRainMan@betterplace.com,,,,,,,,,,,,,,,,,,,,,,,,,,,,,,,,,,,,,,,,,,,,,,,,,,,,,,,,,,,,,
CR,DK Roadhouse Blues DK Roadhouse,Blues,,,,,,,,,,,,Exchange E-mail Address: /o=BetterPlace/ou=Exchange Administrative Group (FYDIBOHF23SPDLT)/cn=Recipients/cn=CRDKRoadhouseBlues,,* myContacts,* Other,CRDKRoadhouseBlues@betterplace.com,,,,,,,,,,,,,,,,,,,,,,,,,,,,,,,,,,,,,,,,,,,,,,,,,,,,,,,,,,,,,
CR,DK Route 66 DK Route,66,,,,,,,,,,,,Exchange E-mail Address: /o=BetterPlace/ou=Exchange Administrative Group (FYDIBOHF23SPDLT)/cn=Recipients/cn=CRDKRoute66,,* myContacts,* Other,CRDKRoute66@betterplace.com,,,,,,,,,,,,,,,,,,,,,,,,,,,,,,,,,,,,,,,,,,,,,,,,,,,,,,,,,,,,,
CR DK Sideways (media study),DK,Sideways,,,,,(media study),,,,,,,Exchange E-mail Address: /o=BetterPlace/ou=Exchange Administrative Group (FYDIBOHF23SPDLT)/cn=Recipients/cn=CRDKSideways,,* myContacts,* Other,media study) (CRDKSideways@betterplace.com,,,,,,,,,,,,,,,,,,,,,,,,,,,,,,,,,,,,,,,,,,,,,,,,,,,,,,,,,,,,,
CR,DK Thelma & Louise (project room) DK Thelma & Louise (project,room),,,,,,,,,,,,Exchange E-mail Address: /o=BetterPlace/ou=Exchange Administrative Group (FYDIBOHF23SPDLT)/cn=Recipients/cn=CRThelma&Louise,,* myContacts,* Other,project room),,,,,,,,,,,,,,,,,,,,,,,,,,,,,,,,,,,,,,,,,,,,,,,,,,,,,,,,,,,,,
CR US CA PA Australia,US CA PA,Australia,,,,,,,,,,,,Exchange E-mail Address: /o=BetterPlace/ou=Exchange Administrative Group (FYDIBOHF23SPDLT)/cn=Recipients/cn=CRUSCAPAAustralia,,* myContacts,* Other,CRUSCAPAAustralia@betterplace.com,,,,,,,,,,,,,,,,,,,,,,,,,,,,,,,,,,,,,,,,,,,,,,,,,,,,,,,,,,,,,
CR US CA PA Beijing,US CA PA,Beijing,,,,,,,,,,,,Exchange E-mail Address: /o=BetterPlace/ou=Exchange Administrative Group (FYDIBOHF23SPDLT)/cn=Recipients/cn=CRUSCAPABeijing,,* myContacts,* Other,CRUSCAPABeijing@betterplace.com,,,,,,,,,,,,,,,,,,,,,,,,,,,,,,,,,,,,,,,,,,,,,,,,,,,,,,,,,,,,,
CR US CA PA BIG AIR,US CA PA BIG,AIR,,,,,,,,,,,,Exchange E-mail Address: /o=BetterPlace/ou=Exchange Administrative Group (FYDIBOHF23SPDLT)/cn=Recipients/cn=CRUSBIGAIR,,* myContacts,* Other,CRUSCAPABIGAIR@betterplace.com,,,,,,,,,,,,,,,,,,,,,,,,,,,,,,,,,,,,,,,,,,,,,,,,,,,,,,,,,,,,,
CR US CA PA Denmark,US CA PA,Denmark,,,,,,,,,,,,Exchange E-mail Address: /o=BetterPlace/ou=Exchange Administrative Group (FYDIBOHF23SPDLT)/cn=Recipients/cn=CRUSCAPADenmark,,* myContacts,* Other,CRUSCAPADenmark@betterplace.com,,,,,,,,,,,,,,,,,,,,,,,,,,,,,,,,,,,,,,,,,,,,,,,,,,,,,,,,,,,,,
CR US CA PA Israel,US CA PA,Israel,,,,,,,,,,,,Exchange E-mail Address: /o=BetterPlace/ou=Exchange Administrative Group (FYDIBOHF23SPDLT)/cn=Recipients/cn=CRUSCAPAIsrael,,* myContacts,* Other,CRUSCAPAIsrael@betterplace.com,,,,,,,,,,,,,,,,,,,,,,,,,,,,,,,,,,,,,,,,,,,,,,,,,,,,,,,,,,,,,
CR US CA PA London,US CA PA,London,,,,,,,,,,,,Exchange E-mail Address: /o=BetterPlace/ou=Exchange Administrative Group (FYDIBOHF23SPDLT)/cn=Recipients/cn=CRUSCAPALondon,,* myContacts,* Other,CRUSCAPALondon@betterplace.com,,,,,,,,,,,,,,,,,,,,,,,,,,,,,,,,,,,,,,,,,,,,,,,,,,,,,,,,,,,,,
CR US CA PA New York,US CA PA New,York,,,,,,,,,,,,Exchange E-mail Address: /o=BetterPlace/ou=Exchange Administrative Group (FYDIBOHF23SPDLT)/cn=Recipients/cn=CRUSCAPANewYork,,* myContacts,* Other,CRUSCAPANewYork@betterplace.com,,,,,,,,,,,,,,,,,,,,,,,,,,,,,,,,,,,,,,,,,,,,,,,,,,,,,,,,,,,,,
CR US CA PA Paris,US CA PA,Paris,,,,,,,,,,,,Exchange E-mail Address: /o=BetterPlace/ou=Exchange Administrative Group (FYDIBOHF23SPDLT)/cn=Recipients/cn=CRUSCAPAParis,,* myContacts,* Other,CRUSCAPAParis@betterplace.com,,,,,,,,,,,,,,,,,,,,,,,,,,,,,,,,,,,,,,,,,,,,,,,,,,,,,,,,,,,,,
CR,US CA PA RM303 US CA PA,RM303,,,,,,,,,,,,Exchange E-mail Address: /o=BetterPlace/ou=Exchange Administrative Group (FYDIBOHF23SPDLT)/cn=Recipients/cn=CRUSCAPARM303,,* myContacts,* Other,CRUSCAPARM303@betterplace.com,,,,,,,,,,,,,,,,,,,,,,,,,,,,,,,,,,,,,,,,,,,,,,,,,,,,,,,,,,,,,
CR,US CA PA RM307 US CA PA,RM307,,,,,,,,,,,,Exchange E-mail Address: /o=BetterPlace/ou=Exchange Administrative Group (FYDIBOHF23SPDLT)/cn=Recipients/cn=CRUSCAPARM307,,* myContacts,* Other,CRUSCAPARM307@betterplace.com,,,,,,,,,,,,,,,,,,,,,,,,,,,,,,,,,,,,,,,,,,,,,,,,,,,,,,,,,,,,,
CR US CA PA San Francisco,US CA PA,San Francisco,,,,,,,,,,,,Exchange E-mail Address: /o=BetterPlace/ou=Exchange Administrative Group (FYDIBOHF23SPDLT)/cn=Recipients/cn=CRUSCAPASanFrancisco,,* myContacts,* Other,CRUSCAPASanFrancisco@betterplace.com,,,,,,,,,,,,,,,,,,,,,,,,,,,,,,,,,,,,,,,,,,,,,,,,,,,,,,,,,,,,,
CR US CA PA Tokyo,US CA PA,Tokyo,,,,,,,,,,,,Exchange E-mail Address: /o=BetterPlace/ou=Exchange Administrative Group (FYDIBOHF23SPDLT)/cn=Recipients/cn=CRUSCAPATokyo,,* myContacts,* Other,CRUSCAPATokyo@betterplace.com,,,,,,,,,,,,,,,,,,,,,,,,,,,,,,,,,,,,,,,,,,,,,,,,,,,,,,,,,,,,,
CR,US Prizma US Prizma,Room,,,,,,,,,,,,"Room used by Prizma Demo team 
- Luiz S, Akhtar J, and Aaron P
Exchange E-mail Address: /o=BetterPlace/ou=Exchange Administrative Group (FYDIBOHF23SPDLT)/cn=Recipients/cn=crusprizmaroom",,* myContacts,* Other,crusprizmaroom@betterplace.com,,,,,,,,,,,,,,,,,,,,,,,,,,,,,,,,,,,,,,,,,,,,,,,,,,,,,,,,,,,,,
cretevasion,,,,,,,,,,cretevasion,,,,,,* myContacts,,,,,,,,,,,Mobile,+306939539165,,,,,,,,,,,,,,,,,,,,,,,,,,,,,,,,,,,,,,,,,,,,,,,,,,,
CustomerserviceDK,,,,,,,,,,,,,,Exchange E-mail Address: /o=BetterPlace/ou=Exchange Administrative Group (FYDIBOHF23SPDLT)/cn=Recipients/cn=customerservicedk,,* myContacts,* Other,customerservicedk@betterplace.com,,,,,,,,,,,,,,,,,,,,,,,,,,,,,,,,,,,,,,,,,,,,,,,,,,,,,,,,,,,,,
D3,,,,,,,,,,,,,,Exchange E-mail Address: /o=BetterPlace/ou=Exchange Administrative Group (FYDIBOHF23SPDLT)/cn=Recipients/cn=D3,,* myContacts,* Other,D3@betterplace.com,,,,,,,,,,,,,,,,,,,,,,,,,,,,,,,,,,,,,,,,,,,,,,,,,,,,,,,,,,,,,
Dafna,,Agassi,,,,,,,,OpCo,Marketing Manager,Marketing,,Exchange E-mail Address: /o=BetterPlace/ou=Exchange Administrative Group (FYDIBOHF23SPDLT)/cn=Recipients/cn=dafnag,https://lh3.googleusercontent.com/contacts/AG6tpzFCP45fhCkc-7Rel3771GUCSX3friLWRi4pdEubPBIvN_egJZfR,* myContacts,* Other,Dafna.Agassi@betterplace.com,,,,,,,,,Pager,Skype: Dafna.Agassi,Mobile,972 54 324 5555,Work,972 73 790 2111,,,,,,,Work,"Building #2
Kiriat Atidim
Tel Aviv 61581
Israel",Building #2 Kiriat Atidim Tel Aviv 61581,,,,,Israel,,,,,,,,,,,,,,,,,,,,Manager,Moshe Kaplinsky,,,,,,,,,,,,
Dahan,,Eli,,,,,,,,Singleton Technologies Ltd.,,,,LinkedIn Profile: https://www.linkedin.com/profile?viewProfile=&key=2651652,,Imported 8/1/13 ::: Imported on 4/29 ::: * myContacts,* Other,eli.dahan@singleton.co.il,Other,edahan12000@yahoo.com,,,,,,,Home,+1 (248) 6810332,Mobile,+972 (50) 4980767,Work,+972 (9) 8359555 x 103,,,,,,,,,,,,,,,,,,,,,,,,,,,,,,,,,,,,,,,,,,,,,,,
Dai,,Fukami,,,,,,,,,,,,,,Imported 8/1/13 ::: Imported on 4/29 ::: * myContacts,* Other,dai.fukami@fujixerox.co.jp,,,,,,,,,,,,,,,,,,,,,,,,,,,,,,,,,,,,,,,,,,,,,,,,,,,,,,,,,,,,,
Daisey,,Meiri,,,,,,Daisey,,,,,,,,Imported 8/1/13 ::: Imported on 4/29 ::: * myContacts,,,,,,,,,,,,,,,,,,,,,,,,,,,,,,,,,,,,,,,,,,,,,,,,,,,,,,,,,,,,,,,
Dalia,,Avivi,,,,,,,,,,,,metapelet,,Imported 8/1/13 ::: Imported on 4/29 ::: * myContacts,,,,,,,,,,,Mobile,+972 (50) 7863760,,,,,,,,,,,,,,,,,,,,,,,,,,,,,,,,,,,,,,,,,,,,,,,,,,,
Daliah,,Dombrowski,,,,,,,,,,,,,,Imported on 4/29 ::: * myContacts,* ,daliahd@google.com,,daliahd@waze.com,,,,,,,Mobile,+972 54-217-7768,,,,,,,,,,,,,,,,,,,,,,,,,,,,,,,,,,,,,,,,,,,,,,,,,,,
Dalit,,Boutboul,,,,,,,,,,,,Next Door Neighbour,https://lh3.googleusercontent.com/contacts/AG6tpzHwpVOkr3QLDEexYTVNXvrEdXPqgds7OF43EcGApSzLFjHXMzNj,Imported 8/1/13 ::: Imported on 4/29 ::: * myContacts,* Home,dalit.boutboul@gmail.com,,,,,,,,,Mobile,+972 54-9789749,,,,,,,,,,,,,,,,,,,,,,,,,,,,,,,,,,,,,,,,,,,,,,,,,,,
Dalit,,BT,,,,,,,,,,,,,,* myContacts,,,,,,,,,,,Mobile,+972 52-336-4281,,,,,,,,,,,,,,,,,,,,,,,,,,,,,,,,,,,,,,,,,,,,,,,,,,,
Damian,,Abramovich,,,,,,,,,,,,"Group: Map Team - Supervisor
Israeli Mobile: 972.52.8140008
Mobile: +972.52.8140008",https://lh3.googleusercontent.com/contacts/AG6tpzHKcoSVuBRR4kH5Of3-8DJAqh_dj2d6YPih6PjshQODYUmyeE63,Imported 8/1/13 ::: Waze ::: Imported 3/19/12 ::: Imported on 4/29 ::: * myContacts,* Other,damian@waze.com,Work,damianabra@google.com,,,,,,,Mobile,+972-52-8140008,,,,,,,,,,,Home,אגוז 451 נוה ימין,451 אגוז,נוה ימין,,,,,,,,,,,,,,,,,,,,,,,,,,,,Profile,http://www.google.com/profiles/111398885261321623929,,,,,,,,
Dan,,,,,,,,,,(elish),,,,,,Imported on 4/29 ::: * myContacts,,,,,,,,,,,Mobile,0525633571,,,,,,,,,,,,,,,,,,,,,,,,,,,,,,,,,,,,,,,,,,,,,,,,,,,
Dan,,Avida,,,,,,,,,,,,,,Imported 8/1/13 ::: Imported on 4/29 ::: * myContacts,* Other,dan@iavida.com,,,,,,,,,,,,,,,,,,,,,,,,,,,,,,,,,,,,,,,,,,,,,,,,,,,,,,,,,,,,,
Dan,,Bahir,,,,,,,,,,,,,,Imported 8/1/13 ::: Imported on 4/29 ::: * myContacts,* Other,Dannybahir@yahoo.com,,,,,,,,,,,,,,,,,,,,,,,,,,,,,,,,,,,,,,,,,,,,,,,,,,,,,,,,,,,,,
Dan,,Bar-Yehuda,,,,,,,,TopCo,QA tester,QA Team: Grid Testing,,Exchange E-mail Address: /o=BetterPlace/ou=Exchange Administrative Group (FYDIBOHF23SPDLT)/cn=Recipients/cn=danb,,* myContacts,* Other,Dan.Bar-Yehuda@betterplace.com,,,,,,,,,Work,972 73 7902710,,,,,,,,,,,,,,,,,,,,,,,,,,,,,,,,,,,,,,Manager,Stephane Roubach,,,,,,,,,,,,
Dan,,Carlin,,,,,,,,,,,1965-11-14,,,Imported 8/1/13 ::: Imported on 4/29 ::: * myContacts,* ,dan@dancarlin.com,,,,,,,,,,,,,,,,,,,,,Home,"1430 Willamette St #22
Eugene, Oregon 97401
United States",#22 1430 Willamette St,Eugene,,OR,97401,United States,,,,,,,,,,,,,,,,,,,,,,,,,,,,,,Photo,https://lh5.googleusercontent.com/-OHCupjgTFcw/WceTOCBVWQI/AAAAAAAAAAA/YJh9fRHHswU4SPIFxlfmj_ahzlPhJIMoACOQCEAE/photo.jpg,,
Dan,,Cohen,,,,,,,,Better Place Inc.,VP of Strategic Initiatives,Strategic Initiatives,,Exchange E-mail Address: /o=BetterPlace/ou=Exchange Administrative Group (FYDIBOHF23SPDLT)/cn=Recipients/cn=dcohen,https://lh3.googleusercontent.com/contacts/AG6tpzFckVuP_5mE8d4N1aFaVV9PZmxku_bpOLDFHEOVssyyjNLKCcmt,* myContacts,* Other,Dan.Cohen@betterplace.com,,,,,,,,,Home,1 908 470 1410,Mobile,1 650 704 3727,Work,1 650 845 2875,,,,,,,Work,"1070 Arastradero Road, Suite 220
Palo Alto, CA 94304
United States",Suite 220 1070 Arastradero Road,Palo Alto,,CA,94304,United States,,,,,,,,,,,,,,,,,,,,Manager,Shai Agassi,,,,,,,,,,,,
Dan,,Ram,,,,,,,,TopCo,Industrial/vehicle designer,R&D,,Exchange E-mail Address: /o=BetterPlace/ou=Exchange Administrative Group (FYDIBOHF23SPDLT)/cn=Recipients/cn=danr,https://lh3.googleusercontent.com/contacts/AG6tpzGyp0E5E0S4VchoigdvbCMXmYZUmyG9MCPYmeKjyNCd2AWQ3TuU,* myContacts,* Other,Dan.Ram@betterplace.com,,,,,,,,,Pager,Skype: Dan.Ram1,Mobile,972 54 628 3412,Work,972 73 790 2131,,,,,,,,,,,,,,,,,,,,,,,,,,,,,,,,,,Manager,Barak Hershkovitz,,,,,,,,,,,,
Dan,,Rapoport,,,,,,,,Tlamim,,,,,,Imported on 4/29 ::: * myContacts,* Home,rapoportdan@yahoo.it,,,,,,,,,Mobile,+972 58-418-8256,,,,,,,,,,,,,,,,,,,,,,,,,,,,,,,,,,,,,,,,,,,,,,,,,,,
Dan,,Weinstock,,,,,,,,OpCo,Electricity Engineer,Ops,,Exchange E-mail Address: /o=BetterPlace/ou=Exchange Administrative Group (FYDIBOHF23SPDLT)/cn=Recipients/cn=danw,https://lh3.googleusercontent.com/contacts/AG6tpzEWV4IU5WVakpMRQ2Ak9Vcr2lDBLrP6-pWYf-F3z0nZZNOXwGQC,* myContacts,* Other,Dan.Weinstock@betterplace.com,,,,,,,,,Pager,Skype: Dan.Weinstock2,Mobile,972 50 620 6077,Work,972 73 790 2144,,,,,,,,,,,,,,,,,,,,,,,,,,,,,,,,,,Manager,Pini Liberman,,,,,,,,,,,,
Dana,,Elgarisi,,,,,,,,,,,,Exchange E-mail Address: /o=BetterPlace/ou=Exchange Administrative Group (FYDIBOHF23SPDLT)/cn=Recipients/cn=danae,,* myContacts,* Other,Dana.Elgarisi@betterplace.com,,,,,,,,,,,,,,,,,,,,,,,,,,,,,,,,,,,,,,,,,,,,,,,,,,,,,,,,,,,,,
Dana,,Gerner,,,,,,,,,,,,,,Imported 8/1/13 ::: Imported on 4/29 ::: * myContacts,* Other,dana.gerner@polymerlogistics.com,,danagerner@gmail.com,,,,,,,,,,,,,,,,,,,,,,,,,,,,,,,,,,,,,,,,,,,,,,,,,,,fb://profile/1524011561,,,,,,,,
Dana,,Kramer,,,,,,,,"Better Place, Inc.",Global Plannig and Reporting,Global Operations and Planning,,Exchange E-mail Address: /o=BetterPlace/ou=Exchange Administrative Group (FYDIBOHF23SPDLT)/cn=Recipients/cn=dkramer,,* myContacts,* Other,Dana.Kramer@betterplace.com,,,,,,,,,Pager,Skype: danahkramer,Mobile,1 415 823 0037,Work,1 650 845 2800,,,,,,,Work,"1070 Arastradero Road, Suite 220
Palo Alto, CA 94304
United States",Suite 220 1070 Arastradero Road,Palo Alto,,CA,94304,United States,,,,,,,,,,,,,,,,,,,,,,,,,,,,,,,,,
Dana,,Lener,,,,,,,,,,,,,,Imported on 4/29 ::: * myContacts,* ,dlener@google.com,,dlener@waze.com,,,,,,,Home,054-4806364,,,,,,,,,,,,,,,,,,,,,,,,,,,,,,,,,,,,,,,,,,,,,,,,,,,
Dana,,shemesh,,,,,,,,,,,,,,* myContacts,* ,rosenblattdana@aol.com,,danaleshemesh@gmail.com,,,,,,,Mobile,+14045790197,,,,,,,,,,,,,,,,,,,,,,,,,,,,,,,,,,,,,,,,,,,,,,,,,,,
Dana,,Spektor,,,,,,,,,,,,,,Imported 8/1/13 ::: Imported on 4/29 ::: * myContacts,* Home,spektor@zahav.net.il,,,,,,,,,Mobile,+972 54-4498480,,,,,,,,,,,,,,,,,,,,,,,,,,,,,,,,,,,,,,,,,,,,,,,,,,,
Dani,,Fox,,,,,,,,,,,,,https://lh3.googleusercontent.com/contacts/AG6tpzETNSpJijmYXh5S5Y1l5zhyLieTRC-ojx48E0wdzH4PsMfbumZH,Imported 8/1/13 ::: Imported on 4/29 ::: * myContacts,* ,foxdani@gmail.com,,,,,,,,,Mobile,097442031,,,,,,,,,,,,,,,,,,,,,,,,,,,,,,,,,,,,,,,,,,,,,,,,,,,
Dani,,Hutterer,,,,,,,,,,,,Exchange E-mail Address: /o=BetterPlace/ou=Exchange Administrative Group (FYDIBOHF23SPDLT)/cn=Recipients/cn=danih,,* myContacts,* Other,Dani.Hutterer@betterplace.com,,,,,,,,,Work,972 73 790 2270,,,,,,,,,,,,,,,,,,,,,,,,,,,,,,,,,,,,,,,,,,,,,,,,,,,
Daniel,,Feldman,,,,,,,,Waze,Social Media and Evangelism,,,"Group: Product & Marketing
Israeli Mobile: 972.52.6316899
Mobile: +972.52.6316899

Group: Product & Marketing
Israeli Mobile: 972.52.6316899
Mobile:+972.52.6316899",https://lh3.googleusercontent.com/contacts/AG6tpzH5kEY5Ov7YIRDfzPwNJ6Ytxve-Dic-AN02ITTDIwYHyGNwyFRd,Imported 8/1/13 ::: Waze ::: Imported 3/19/12 ::: Imported on 4/29 ::: * myContacts,* Other,Daniel@waze.com,Work,danielfelds@google.com,,danfeldman01@gmail.com,,,,,Mobile,+972-54-4569657,,,,,,,,,,,Home,"מסריק 7, תל אביב",7 מסריק,תל אביב,,,,,,,,,,,,,,,,,,,,,,,,,,,,Profile,http://www.google.com/profiles/101417819782458297028,Sync.ME profile,http://sync.me/profile/Xj8gYpvGav9Yla1dQJJihzrhOvShl4B9rgtR8MeH9dM79A,,,,,,
Daniel,,Mor,,,,,,,,,,,,,,Imported on 4/29 ::: * myContacts,* ,danielmor@google.com,Other,danielmor@waze.com,,,,,,,Mobile,+972 52-868-9960,,,,,,,,,,,,,,,,,,,,,,,,,,,,,,,,,,,,,,,,,,,,,,,,,,,
Daniela,,Garelick,,,,,,Daniela,,,,,,<sn>id:515908839/friendof:809988573</sn>,https://lh3.googleusercontent.com/contacts/AG6tpzFUWrh1qiFrDYo7qxOFP6tkJRkJRyAnvNgSMZT4wXp1Uca7Nwx0,Imported 8/1/13 ::: Imported on 4/29 ::: * myContacts,* Home,superflysuperstar@hotmail.com,Home,dgarelick@gmail.com,,,,,,,Other,+447812538266 ::: +447859027542,,,,,,,,,,,,,,,,,,,,,,,,,,,,,,,,,,,,,,,,,,Other,fb://profile/515908839,Sync.ME profile,http://sync.me/profile/RajdvRiM8HqCVe2kC3M-qi16GuOBKLLF2dFnaNYcjutsp4ZNUzAs,,,,,,
Daniela Israel,,,,,,,,,,,,,,,,* myContacts,,,,,,,,,,,Mobile,+972527366361,,,,,,,,,,,,,,,,,,,,,,,,,,,,,,,,,,,,,,,,,,,,,,,,,,,
Daniella,,BarSela,,,,,,,,תעצומות ,,,,,,* myContacts,,,,,,,,,,,Custom,+972 52-289-8479,,,,,,,,,,,,,,,,,,,,,,,,,,,,,,,,,,,,,,,,,,,,,,,,,,,
Daniella,,Gutlansky,,,,,,,,,,,,,,Imported on 4/29 ::: * myContacts,* ,daniellag@google.com,,,,,,,,,Other,0547668620,,,,,,,,,,,,,,,,,,,,,,,,,,,,,,,,,,,,,,,,,,,,,,,,,,,
danko,,,,,,,,,,,,,,,,Imported 8/1/13 ::: Imported on 4/29 ::: * myContacts,* Other,danko@agilesparks.com,,,,,,,,,,,,,,,,,,,,,,,,,,,,,,,,,,,,,,,,,,,,,,,,,,,,,,,,,,,,,
Danmark,,Info,,,,,,,,,,,,Exchange E-mail Address: /o=BetterPlace/ou=Exchange Administrative Group (FYDIBOHF23SPDLT)/cn=Recipients/cn=Danmark,,* myContacts,* Other,Danmark@betterplace.com,,,,,,,,,,,,,,,,,,,,,,,,,,,,,,,,,,,,,,,,,,,,,,,,,,,,,,,,,,,,,
Danny,,furst,,,,,,,,TopCo,Mechanical expert,R&D,,Exchange E-mail Address: /o=BetterPlace/ou=Exchange Administrative Group (FYDIBOHF23SPDLT)/cn=Recipients/cn=Dannyf,,* myContacts,* Other,Danny.furst@betterplace.com,,,,,,,,,Pager,Skype: Danny.Furst,Mobile,972 52 277 4939,Work,972 73 790 2164,,,,,,,,,,,,,,,,,,,,,,,,,,,,,,,,,,,,,,,,,,,,,,,
Danny,,Itzigsohn,,,,,,,,TEOCO,Senior Director Solution Engineering,,,LinkedIn Profile: https://www.linkedin.com/profile?viewProfile=&key=1866569,https://lh3.googleusercontent.com/contacts/AG6tpzHZ2I5CjadVO1ZX7RRifVBPca3UI3h2vxVuIGszp3EnLF6ywdB2,Imported 8/1/13 ::: Imported on 4/29 ::: * myContacts,* Other,Daniel.itzigsohn@gmail.com,Other,danny@tti-telecom.com,,,,,,,Mobile,(917) 743-1041,Work,(201) 795-3883 Ext.232,Radio,daniel.itzigsohn,Work Fax,(201) 795-3920,,,,,Work,"2 Hudson Pl.
6th FL.
Hoboken
NJ
07030
United States of America",6th FL 2 Hudson Pl,Hoboken,,NJ,07030,United States of America,,,,,,,,,,,,,,,,,,,,,,,,Sync.ME profile,http://sync.me/profile/IwXBmfMSm0jkdwLs4O0BsEv4ISNLL-p3pZaghMijETwH-PdlMTy0EkpH9O3LzKgvpQ,,,,,,,,
Danny KG,😎👍,Google,,,,,,,,,,,,,,* myContacts,,,,,,,,,,,Mobile,+972 52-332-9512,,,,,,,,,,,,,,,,,,,,,,,,,,,,,,,,,,,,,,,,,,,,,,,,,,,
Daphna,,Kook,,,,,,,,מרחב,ו,יסודית,,ManagersName: דפנה ואורי,,Imported 8/1/13 ::: מרחב ::: Imported on 4/29 ::: * myContacts,* Other,daphnakook@gmail.com,,,,,,,,,Mobile,054-4461491,Home,09-7461491,Other,054-4461492,,,,,,,Home,"רמב""ם 27, רעננה","27 רמב""ם",רעננה,,,,,,,,,,,,,,,,,,,,,,,,,,,,,,,,,,,,,
David,,Granfors,,,,,,,,BellSouth,,,,"NMLI

Dave

Bill Gates

Performance",,Imported 8/1/13 ::: Imported on 4/29 ::: * myContacts,* Other,David.Granfors@BellSouth.com,Other,dgranfors@imcingular.com,,,,,,,Work,+1 (404) 9869804,,,,,,,,,,,,,,,,,,,,,,,,,,,,,,,,,,,,,,,,,,,,,,,,,,,
David,,Guenzburger,,,,,,,,,,,,,,Imported 8/1/13 ::: Waze ::: Imported on 4/29 ::: * myContacts,,,,,,,,,,,,,,,,,,,,,,,,,,,,,,,,,,,,,,,,,,,,,,,,,,,,,,,,,,,,,,,
David,,Haberfeld,,,,,,,,,,,2006-04-28,<sn>id:830778591/friendof:809988573</sn>,https://lh3.googleusercontent.com/contacts/AG6tpzHqkJvRF4I49MWAHocWy2KwvOdgMe_y9omlE34PObqalAMMmLTg,Imported 8/1/13 ::: Imported on 4/29 ::: * myContacts,* Other,dadyhb@hotmail.com,Other,David.Haberfeld@amdocs.com ::: DAVIDH@amdocs.com,,,,,,,Other,2-979-65055,Mobile,+972 (52) 5522861,Assistant,65375,Work,+972 (9) 77 67246,Radio,dadyhb,,,,,,,,,,,,,,,,,,,,,,,,,,,,,,Manager,Yaniv Reznik,,,Other,fb://profile/830778591,,,,,,,,
David,,Katz,,,,,,,,,,,,Exchange E-mail Address: /o=BetterPlace/ou=Exchange Administrative Group (FYDIBOHF23SPDLT)/cn=Recipients/cn=davidk,https://lh3.googleusercontent.com/contacts/AG6tpzGTT1Ea4QUWyT2xvFLE5bEOcmEehZCBPnn_MFj3_ue3MS25gfej,* myContacts,* Other,David.Katz@betterplace.com,,,,,,,,,Mobile,972 54 8300622,Work,972 73 7902552,,,,,,,,,,,,,,,,,,,,,,,,,,,,,,,,,,,,,,,,,,,,,,,,,
David,,Kennedy,,,,,,,,Better Place Inc.,General Counsel,G&A,,Exchange E-mail Address: /o=BetterPlace/ou=Exchange Administrative Group (FYDIBOHF23SPDLT)/cn=Recipients/cn=dkennedy,,* myContacts,* Other,David.Kennedy@betterplace.com,,,,,,,,,Pager,Skype: skypedavidkennedy,Mobile,1 650 387 0119,Work,1 650 845 2859,,,,,,,Work,"1070 Arastradero Road, Suite 220
Palo Alto, CA 94304
United States",Suite 220 1070 Arastradero Road,Palo Alto,,CA,94304,United States,,,,,,,,,,,,,,,,,,,,Manager,Shai Agassi,,,,,,,,,,,,
David,,Kohen,,,,,,,,,,,,"Dudi

Group: R&D 
Israeli Mobile: 972.50.8788214
US Mobile: 1.814.7131284
Mobile: +972.50.8788214",https://lh3.googleusercontent.com/contacts/AG6tpzHxjlOhK1uAcyW3V4-bN_kb5fGia7ryXcvvZ-M9Rr9WxJ_VmRAf,Imported 8/1/13 ::: Imported 3/19/12 ::: Imported on 4/29 ::: * myContacts,* Other,davidk@waze.com,Other,dudy@waze.com ::: dudy@waze.co.il,,,,,,,Home,+1.814.7131284,Mobile,+972 50 8788214,,,,,,,,,,,,,,,,,,,,,,,,,,,,,,,,,,,,,,,,Profile,http://www.google.com/profiles/106816551779149609192,,,,,,,,
David,,Meiri,,,,,,,,EMC,Director of Software Engineering,, --07-21,<sn>id:668286662/friendof:809988573</sn>,https://lh3.googleusercontent.com/contacts/AG6tpzEmFXoYgfXWyvdM8P8kQvp7Bv5g_8I-jJkCN66zOSZ9tHzXSZoN,Imported 8/1/13 ::: Imported on 4/29 ::: * myContacts,* Other,david666@gmail.com,Other,davidm@emc.com,,,,,,,Mobile,+1 (508) 4982849,Work,+1 (800) 4452588 x 44840,,,,,,,,,Home,"392 Franklin st.
Cambridge, Massachusetts 02139
United States",392 Franklin st,Cambridge,,MA,02139,United States,,,,,,,,,,,,,,,,,,,,,,,,,fb://profile/668286662,Other,http://taalul.com ::: http://david-666.blogspot.com/ ::: http://investmentdemystified.blogspot.com/,,,,,,
David,,Michaeli,,,,,,,,Siemens PLM Software,Product Manager,,,,,Imported 8/1/13 ::: Imported on 4/29 ::: * myContacts,* Other,david.michaeli@gmail.com,,,,,,,,,Home,+972 (3) 6440793,,,,,,,,,,,,,,,,,,,,,,,,,,,,,,,,,,,,,,,,,,,,,,,,,,,
David,,Rabinowitz,,,,,,,,,,,,,,Imported on 4/29 ::: * myContacts,* ,davidrab@waze.com,,davidrab@google.com,,,,,,,Mobile,+972 54-538-8355,,,,,,,,,,,,,,,,,,,,,,,,,,,,,,,,,,,,,,,,,,,,,,,,,,,
David,,Shlachter,,,,,,,,Better Place Inc.,Marketing Specialist,Global Marketing,,Exchange E-mail Address: /o=BetterPlace/ou=Exchange Administrative Group (FYDIBOHF23SPDLT)/cn=Recipients/cn=dshlachter,https://lh3.googleusercontent.com/contacts/AG6tpzGJe_4M7TKHd1r0ontQoOaabj6a7XMLGzREgD0pFF7fOnDMNulC,* myContacts,* Other,David.Shlachter@betterplace.com,,,,,,,,,Pager,Skype: david.shlachter,Mobile,1 415 200 6366,Work,1 650 845 2818,,,,,,,Work,"Boston, Massachusetts
United States",,Boston,,MA,,United States,,,,,,,,,,,,,,,,,,,,,,,,,,,,,,,,,
David,,Tolkowsky,,,,,,,,,,,,,,Imported 8/1/13 ::: Imported on 4/29 ::: * myContacts,* Other,davidt@superdimension.com,,,,,,,,,Work,+972 (9) 9511345 x 103,,,,,,,,,,,,,,,,,,,,,,,,,,,,,,,,,,,,,,,,,,,,,,,,,,,
David.,,Deakin,,,,,,,,,,,,,,Imported 8/1/13 ::: Imported on 4/29 ::: * myContacts,* Other,d_deakin@hotmail.com,,,,,,,,,,,,,,,,,,,,,,,,,,,,,,,,,,,,,,,,,,,,,,,,,,,,,,,,,,,,,
DavidShield,,,,,,,,,,,,,,703   0055,,Imported 8/1/13 ::: Imported on 4/29 ::: * myContacts,,,,,,,,,,,Work,+18772964184,,,,,,,,,,,,,,,,,,,,,,,,,,,,,,,,,,,,,,,,,,,,,,,,,,,
Dazy,,Meiri,,,,,,,,,,,,,,Imported on 4/29 ::: * myContacts,,,,,,,,,,,Mobile,053-335-8832,,,,,,,,,,,,,,,,,,,,,,,,,,,,,,,,,,,,,,,,,,,,,,,,,,,
Dean,,Nahum,,,,,,,,,,,,,,Imported on 4/29 ::: * myContacts,* ,deannahum@waze.com,Work,deannahum@google.com,,,,,,,Mobile,+972  506434265,Work,+1 650-214-2083,,,,,,,,,,,,,,,,,,,,,,,,,,,,,,,,,,,,,,,,,,,,,,,,,
Debbie,,Kaye,,,,,,,,OpCo,Executive Assistant to Shai Agassi,G&A,,Exchange E-mail Address: /o=BetterPlace/ou=Exchange Administrative Group (FYDIBOHF23SPDLT)/cn=Recipients/cn=Debbiek,https://lh3.googleusercontent.com/contacts/AG6tpzHzlouEs6vET2SarzMccn5CaVD9EJ12WAvKBEyy9_JU4YEgTuHr,* myContacts,* Other,Debbie.Kaye@betterplace.com,,,,,,,,,Pager,Skype: kaye.debbie,Mobile,972 54 560 4843,Work,972 73 790 2238,,,,,,,,,,,,,,,,,,,,,,,,,,,,,,,,,,,,,,,,,,,,,,,
Debbie,,Swint,,,,,,,,BellSouth,"Technical Manager, Network Transformation",,,,,Imported 8/1/13 ::: Imported on 4/29 ::: * myContacts,* Other,Debbie.Swint@bellsouth.com,Other,dswint@imcingular.com,,,,,,,Pager,dswint@imcingular,Work,+1 (404) 9869910,Home,+1 (404) 2342838,,,,,,,,,,,,,,,,,,,,,,,,,,,,,,,,,,,,,,,,,,,,,,,
Deborah,Laks Du,Bois,,,,,,,,,,,,,,Imported on 4/29 ::: * myContacts,* ,deblaks@waze.com,Work,deblaks@google.com,Home,mailto:deblaks@gmail.com,,,,,Mobile,+972 52‑608‑7667,,,,,,,,,,,,,,,,,,,,,,,,,,,,,,,,,,,,,,,,,,,,,,,,Photo,https://lh5.googleusercontent.com/-LLicr-Ow88I/V4ybeOq8rzI/AAAAAAAAAAA/l2Zo5bRmolg3AMhSV7at_OKhPuMPMRYSgCOQCEAE/photo.jpg,,
Dekalb,,,,,,,,,,,,,,"All kind of things, including DMV",,Imported 8/1/13 ::: Imported on 4/29 ::: * myContacts,,,,,,,,,,,Work,+14042984000,,,,,,,,,,,,,,,,,,,,,,,,,,,,,,,,,,,,,,,,,,,,,,,,,,,
Demi,,Goldberg,,,,,,,,TopCo,SW Configuration Manager,R&D Team: PMO,,Exchange E-mail Address: /o=BetterPlace/ou=Exchange Administrative Group (FYDIBOHF23SPDLT)/cn=Recipients/cn=demig,https://lh3.googleusercontent.com/contacts/AG6tpzHO9-W5_1BcAW1yBxk8s8VAJ5VMp54Xd7Xvk02zJsjYGesnZQuQ,* myContacts,* Other,Demi.Goldberg@betterplace.com,,,,,,,,,Mobile,972 54 222 8459,Work,972 73 790 2293,,,,,,,,,,,,,,,,,,,,,,,,,,,,,,,,,,,,,,,,,,,,,,,,,
Denis,,Bychenko,,,,,,,,TopCo,Senior SW Developer,R&D,,Exchange E-mail Address: /o=BetterPlace/ou=Exchange Administrative Group (FYDIBOHF23SPDLT)/cn=Recipients/cn=denisb,,* myContacts,* Other,Denis.Bychenko@betterplace.com,,,,,,,,,Pager,Skype: huron_pen,Mobile,972 54 499 6671,Work,972 73 790 2225,,,,,,,,,,,,,,,,,,,,,,,,,,,,,,,,,,Manager,Tamir Khason,,,,,,,,,,,,
Denise,,Eichhorn - Tenant,,,,,,,,,,,,,,* myContacts,* ,eichhornd@aol.com,,,,,,,,,,+1 (678) 886-8619,,,,,,,,,,,,,,,,,,,,,,,,,,,,,,,,,,,,,,,,,,,,,,,,,,,
Denist,,Oscar - Tenent,,,,,,,,,,,,,,* myContacts,* ,dentist.oscar@gmail.com,,dentist.oscar@gmail.com,,,,,,,,+1 718 207 2521,,,,,,,,,,,,,,,,,,,,,,,,,,,,,,,,,,,,,,,,,,,,,,,,,,,
Denmark,,Invoice,,,,,,,,,,,,Exchange E-mail Address: /o=BetterPlace/ou=Exchange Administrative Group (FYDIBOHF23SPDLT)/cn=Recipients/cn=Dinvoice,,* myContacts,* Other,Denmark.Invoice@betterplace.com,,,,,,,,,,,,,,,,,,,,,,,,,,,,,,,,,,,,,,,,,,,,,,,,,,,,,,,,,,,,,
Denmark,,Jobs,,,,,,,,,,,,Exchange E-mail Address: /o=BetterPlace/ou=Exchange Administrative Group (FYDIBOHF23SPDLT)/cn=Recipients/cn=Djobs,,* myContacts,* Other,Denmark.Jobs@betterplace.com,,,,,,,,,,,,,,,,,,,,,,,,,,,,,,,,,,,,,,,,,,,,,,,,,,,,,,,,,,,,,
Dennis,,Duffy,,,,,,,,BellSouth,,,,,,Imported 8/1/13 ::: Imported on 4/29 ::: * myContacts,* Other,Dennis.Duffy@BellSouth.com,Other,dduffy@imcingular.com,,,,,,,Pager,dduffy@imcingular.com,Work,+1 (404) 9869899,,,,,,,,,,,,,,,,,,,,,,,,,,,,,,,,,,,,,,,,,,,,,,,,,
Dennis,,Medlin,,,,,,,,BellSouth Technology Group-ASPG,Functional Architect,,,,,Imported 8/1/13 ::: Imported on 4/29 ::: * myContacts,* Other,dennis.medlin@bellsouth.com,Other,dmedlin@imcingular.com,,,,,,,Work,+1 (404) 9277813,,,,,,,,,,,,,,,,,,,,,,,,,,,,,,,,,,,,,,,,,,,,,,,,,,,
Dganit,,Soroker,,,,,,,,,Physics teacher,,,,,Imported 8/1/13 ::: Imported 6/6/13 ::: Imported on 4/29 ::: * myContacts,* ,dganitsor@gmail.com,,,,,,,,,Home,09-7424523,Mobile,052-3449644,,,,,,,,,,,,,,,,,,,,,,,,,,,,,,,,,,,,,,,,,,,,,,,,,
Di-Ann,,Eisnor,,,,,,,,,,,,"Group: US
US Mobile: 1.503.7298393",https://lh3.googleusercontent.com/contacts/AG6tpzEFX7ZHnltUlYwlJ7HpN2YCxaMwpOrCcX_cq9evxcNRf8g8HbHV,Imported 8/1/13 ::: Waze ::: Imported 3/19/12 ::: Imported on 4/29 ::: * myContacts,* Other,diann@waze.com,Work,diann@google.com,,,,,,,Home,+1.503.7298393,Other,+1 729 8393 503,,,,,,,,,,,,,,,,,,,,,,,,,,,,,,,,,,,,,,,,Profile,http://www.google.com/profiles/105447036777109274227,,,,,,,,
Diana,,Babb,,,,,,,,Better Place Inc.,Executive Assistant,Global Planning and Operations,,Exchange E-mail Address: /o=BetterPlace/ou=Exchange Administrative Group (FYDIBOHF23SPDLT)/cn=Recipients/cn=dbabb,,* myContacts,* Other,Diana.Babb@betterplace.com,,,,,,,,,Pager,Skype: diana.babb,Mobile,1 650 740 3141,Work,1 650 845 2847,,,,,,,Work,"1070 Arastradero Road, Suite 220
Palo Alto, California 94304",Suite 220 1070 Arastradero Road,Palo Alto,,CA,94304,,,,,,,,,,,,,,,,,,,,,Manager,Aliza Peleg,,,,,,,,,,,,
Diana,,Holt,,,,,,,,Better Place Australia,Executive Assistant to the CEO,Administration,,Exchange E-mail Address: /o=BetterPlace/ou=Exchange Administrative Group (FYDIBOHF23SPDLT)/cn=Recipients/cn=dholt,,* myContacts,* Other,Diana.Holt@betterplace.com,,,,,,,,,Pager,Skype: dianajillianholt,Mobile,61 413 463 321,Work,61 3 86790801,Other Fax,61 3 86790880,,,,,Work,"114 Balmain Street
Cremorne, VIC 3121
Australia",114 Balmain Street,Cremorne,,VIC,3121,Australia,,,,,,,,,,,,,,,,,,,,Manager,Evan Thornley,,,,,,,,,,,,
Dima,,Zevelev,,,,,,,,TopCo,SW Engineer,R&D,,Exchange E-mail Address: /o=BetterPlace/ou=Exchange Administrative Group (FYDIBOHF23SPDLT)/cn=Recipients/cn=dimaz,https://lh3.googleusercontent.com/contacts/AG6tpzHCROyj6q0CA_og2I92yFp-XEIXQZccnNsm9tQI61bQ1fEuIdqG,Imported 8/1/13 ::: Imported on 4/29 ::: * myContacts,* Other,Dima.Zevelev@betterplace.com,,,,,,,,,Pager,Skype: dima.zevelev.bp,Mobile,+972 54 7360456,Work,972 73 790 2227,,,,,,,,,,,,,,,,,,,,,,,,,,,,,,,,,,Manager,Guy Tzur,,,Profile,http://www.google.com/profiles/105685224442364521319,,,,,,,,
Dimitri,,Dadiomov,,,,,,,,Better Place Inc.,Business Development,Global Alliances,,Exchange E-mail Address: /o=BetterPlace/ou=Exchange Administrative Group (FYDIBOHF23SPDLT)/cn=Recipients/cn=ddadiomov,https://lh3.googleusercontent.com/contacts/AG6tpzG8Ky13K3dquu21fH0z3XpFCi5yHTWnwT49RmUzBooPsjvgqoMU,* myContacts,* Other,Dimitri.Dadiomov@betterplace.com,,,,,,,,,Pager,Skype: Dadiomov,Mobile,1 650 387 7162,Work,1 650 845 2854,,,,,,,Work,"1070 Arastradero Road, Suite 220
Palo Alto, California 94304
United States",Suite 220 1070 Arastradero Road,Palo Alto,,CA,94304,United States,,,,,,,,,,,,,,,,,,,,,,,,,,,,,,,,,
DK Customerservice,,Customerservice,,,,,,,,,,,,Exchange E-mail Address: /o=BetterPlace/ou=Exchange Administrative Group (FYDIBOHF23SPDLT)/cn=Recipients/cn=kundeservice,,* myContacts,* Other,kundeservice@betterplace.com,,,,,,,,,,,,,,,,,,,,,,,,,,,,,,,,,,,,,,,,,,,,,,,,,,,,,,,,,,,,,
DK Meeting service,Meeting,service,,,,,,,,,,,,Exchange E-mail Address: /o=BetterPlace/ou=Exchange Administrative Group (FYDIBOHF23SPDLT)/cn=Recipients/cn=DKMeetingService,,* myContacts,* Other,DKMeetingService@betterplace.com,,,,,,,,,,,,,,,,,,,,,,,,,,,,,,,,,,,,,,,,,,,,,,,,,,,,,,,,,,,,,
DKBogholderi,,,,,,,,,,,,,,Exchange E-mail Address: /o=BetterPlace/ou=Exchange Administrative Group (FYDIBOHF23SPDLT)/cn=Recipients/cn=dkbogholderi,,* myContacts,* Other,dkbogholderi@betterplace.com,,,,,,,,,,,,,,,,,,,,,,,,,,,,,,,,,,,,,,,,,,,,,,,,,,,,,,,,,,,,,
DKDeployment,,,,,,,,,,,,,,Exchange E-mail Address: /o=BetterPlace/ou=Exchange Administrative Group (FYDIBOHF23SPDLT)/cn=Recipients/cn=dkdeployment,,* myContacts,* Other,dkdeployment@betterplace.com,,,,,,,,,,,,,,,,,,,,,,,,,,,,,,,,,,,,,,,,,,,,,,,,,,,,,,,,,,,,,
DKMangelliste,,,,,,,,,,,,,,Exchange E-mail Address: /o=BetterPlace/ou=Exchange Administrative Group (FYDIBOHF23SPDLT)/cn=Recipients/cn=dkmangelliste,,* myContacts,* Other,dkmangelliste@betterplace.com,,,,,,,,,,,,,,,,,,,,,,,,,,,,,,,,,,,,,,,,,,,,,,,,,,,,,,,,,,,,,
DKmassage,,,,,,,,,,,,,,Exchange E-mail Address: /o=BetterPlace/ou=Exchange Administrative Group (FYDIBOHF23SPDLT)/cn=Recipients/cn=DKmassage,,* myContacts,* Other,DKmassage@betterplace.com,,,,,,,,,,,,,,,,,,,,,,,,,,,,,,,,,,,,,,,,,,,,,,,,,,,,,,,,,,,,,
DKPayroll,,,,,,,,,,,,,,Exchange E-mail Address: /o=BetterPlace/ou=Exchange Administrative Group (FYDIBOHF23SPDLT)/cn=Recipients/cn=dkpayroll,,* myContacts,* Other,dkpayroll@betterplace.com,,,,,,,,,,,,,,,,,,,,,,,,,,,,,,,,,,,,,,,,,,,,,,,,,,,,,,,,,,,,,
DKPCMeeting1,,,,,,,,,,,,,,Exchange E-mail Address: /o=BetterPlace/ou=Exchange Administrative Group (FYDIBOHF23SPDLT)/cn=Recipients/cn=dkmeeting,,* myContacts,* Other,dkmeeting@betterplace.com,,,,,,,,,,,,,,,,,,,,,,,,,,,,,,,,,,,,,,,,,,,,,,,,,,,,,,,,,,,,,
Dmytro,,Krikun,,,,,,,,,,,1985-06-18,,,Imported on 4/29 ::: * myContacts,* Other,krikun.de@gmail.com,,,,,,,,,,,,,,,,,,,,,,,,,,,,,,,,,,,,,,,,,,,,,,,,,,,,,,,,,,Photo,https://lh3.googleusercontent.com/-NN5EzypNtHk/WceSfemCbkI/AAAAAAAAAAA/CDKpeIZ2JggIVjxxqLpuEJIMHJnD0l6wACOQCEAE/photo.jpg,,
Done,,,,,,,,,,,,,,,,* myContacts,,,,,,,,,,,Mobile,+972723930955,,,,,,,,,,,,,,,,,,,,,,,,,,,,,,,,,,,,,,,,,,,,,,,,,,,
Dor,,Havkin,,,,,,,,,יישומים אקולוגים,,,,https://lh3.googleusercontent.com/contacts/AG6tpzFctrD4xywcWgWakau38KwWRy9CaRra2I2YzZpG2kw7hf2ytPVn,Imported 8/1/13 ::: Imported on 4/29 ::: * myContacts,* Home,permador@gmail.com,,,,,,,,,Mobile,052 6633095,,,,,,,,,,,,,,,,,,,,,,,,,,,,,,,,,,,,,,,,,,,,,,,,,,,
Dor,,Perry,,,,,,,,,,,,Exchange E-mail Address: /o=BetterPlace/ou=Exchange Administrative Group (FYDIBOHF23SPDLT)/cn=Recipients/cn=dorp,,* myContacts,* Other,Dor.Perry@betterplace.com,,,,,,,,,Mobile,970 54 729 9811,Work,972 73 790 2589,,,,,,,,,,,,,,,,,,,,,,,,,,,,,,,,,,,,,,,,,,,,,,,,,
Dorit,,Bitter,,,,,,,,Amdocs,,GMSG,,,,Imported 8/1/13 ::: Imported on 4/29 ::: * myContacts,* Other,dorit.bitter@amdocs.com,,,,,,,,,Mobile,+972 (52) 6592478,Assistant,64406 Yuval,Work,+972 (9) 77-64692,Other Fax,61424,,,,,,,,,,,,,,,,,,,,,,,,,,,,,,,,Manager,Irit Vilensky,,,,,,,,,,,,
Dorit,,Samocha-Bonet,,,,,,,,,,,,,,* myContacts,* ,dorit@wellana.health,,,,,,,,,Mobile,+61416316111,,,,,,,,,,,,,,,,,,,,,,,,,,,,,,,,,,,,,,,,,,,,,,,,,,,
Doron,,Eshel,,,,,,,,,,,,Exchange E-mail Address: /o=BetterPlace/ou=Exchange Administrative Group (FYDIBOHF23SPDLT)/cn=Recipients/cn=dorone,,* myContacts,* Other,Doron.Eshel@betterplace.com,,,,,,,,,Mobile,972 54 634 5508,Work,972 73 790 2580,,,,,,,,,,,,,,,,,,,,,,,,,,,,,,,,,,,,Manager,Sima Drori,,,,,,,,,,,,
Doron ,,Goldshtein,,,,,,,,,,,,,,* myContacts,* ,dorong@altshare.com,,,,,,,,,Mobile,052-375-1872,,,,,,,,,,,,,,,,,,,,,,,,,,,,,,,,,,,,,,,,,,,,,,,,,,,
Doron,,Gordon,,,,,,,,Continuity Software,VP Sales & Marketing,,,LinkedIn Profile: https://www.linkedin.com/profile?viewProfile=&key=17386,https://lh3.googleusercontent.com/contacts/AG6tpzEG4nlImSAaRtlFr0y8DyirIOF30Fvkm6edSyUu1E6cN9PkWUhn,Imported 8/1/13 ::: Imported on 4/29 ::: * myContacts,* Other,dorong@continuitysoftware.com,Other,Doron@SAManage.com,,,,,,,Mobile,+972 54-433-4599,Work,+972 9-962-0602,Radio,gordodo,Work Fax,+972 9-962-0601,,,,,Work,"91 Medinat Hayehudim
POB 12002,
Hertzelia, 46733 Israel
United States of America ::: 91 Medinat Hayehudim
POB 12002
Hertzelia, 46733 Israel, United States of America","91 Medinat Hayehudim POB 12002, Hertzelia, 46733 Israel ::: 91 Medinat Hayehudim POB 12002 Hertzelia, 46733 Israel", ::: , ::: , ::: , ::: ,United States of America ::: United States of America, ::: ,,,,,,,,,,,,,,,,,,,,,,,,http://www.ContinuitySoftware.com,,,,,,,,
Doron,,Peleg,,,,,,,,wednesdaynightsoccer,,,,Dori,https://lh3.googleusercontent.com/contacts/AG6tpzEwkMgiVwGwTMyMKoViuBxnhUDZftNhWKmU7NywIRTXY_v3a4Ad,Imported 8/1/13 ::: wednesdaynightsoccer ::: Imported on 4/29 ::: * myContacts,* Other,doron.peleg@gmail.com,,Doron.peleg@comverse.com,,,,,,,Mobile,+972-54-4323386,,,,,,,,,,,,,,,,,,,,,,,,,,,,,,,,,,,,,,,,,,,,,,,,,,,
Doron,,Pick,,,,,,,,,,,,Exchange E-mail Address: /o=BetterPlace/ou=Exchange Administrative Group (FYDIBOHF23SPDLT)/cn=Recipients/cn=Doronp,https://lh3.googleusercontent.com/contacts/AG6tpzFo_W8CGM-Kimw9njs8v8YUAmB_2UwREoDTC3HuKVGxpbEVxPWF,* myContacts,* Other,Doron.Pick@betterplace.com,,,,,,,,,Mobile,972 54 839 5356,Work,972 3 916 5356,,,,,,,,,,,,,,,,,,,,,,,,,,,,,,,,,,,,,,,,,,,,,,,,,
Doron,,Somer,,,,,,,,angel sense,Founder and CEO,,2006-04-27,,,Imported 8/1/13 ::: Imported on 4/29 ::: * myContacts,* Other,doronsomer@yahoo.com,Other,doron@b-events.com,,,,,,,Work Fax,+972 9-9583494,Mobile,+972 (54) 6869906,Work,+972 9-9583404,Home,+972 (4) 6294114,Other,+972 (58) 531108,,,Work,"Glil-Yam 46905
Israel",,Glil-Yam,,,46905,Israel,,,,,,,,,,,,,,,,,,,,,,,,Home Page,http://www.b-events.com,,,,,,,,
Doron,,Somer,,,,,,,,Business Events,VP R&D and GM Israel,,2006-04-27,,https://lh3.googleusercontent.com/contacts/AG6tpzEaJH50k8-aEazbBjxxDhF-2ePcFeC4OT_Z_5vAyiOQEENJ_mmI,* myContacts,* Other,doron@b-events.com,Other,doronsomer@yahoo.com,,,,,,,Home,+972 (4) 6294114,Mobile,+972 (54) 6869906,Other,+972 (58) 531108,Work,+972 9-9583404,Work Fax,+972 9-9583494,,,Work,"Glil-Yam 46905
Israel",,Glil-Yam,,,46905,Israel,,,,,,,,,,,,,,,,,,,,,,,,Home Page,http://www.b-events.com,,,,,,,,
Doron,,Tsuberi,,,,,,,,TopCo,System Engineer,R&D,,Exchange E-mail Address: /o=BetterPlace/ou=Exchange Administrative Group (FYDIBOHF23SPDLT)/cn=Recipients/cn=DoronT,,* myContacts,* Other,Doron.Tsuberi@betterplace.com,,,,,,,,,Mobile,972 52 455 5891,Work,972 73 790 2252,,,,,,,,,,,,,,,,,,,,,,,,,,,,,,,,,,,,Manager,Eli Kamhine,,,,,,,,,,,,
Doron,,Yerushalmi,,,,,,,,,,,,Exchange E-mail Address: /o=BetterPlace/ou=Exchange Administrative Group (FYDIBOHF23SPDLT)/cn=Recipients/cn=dorony,,* myContacts,* Other,Doron.Yerushalmi@betterplace.com,,,,,,,,,,,,,,,,,,,,,,,,,,,,,,,,,,,,,,,,,,,,,,,,,,,,,,,,,,,,,
Dr Yasmin,,,,,,,,,,Ichilov ,,,,,,* myContacts,,,,,,,,,,,Mobile,052-426-6782,,,,,,,,,,,,,,,,,,,,,,,,,,,,,,,,,,,,,,,,,,,,,,,,,,,
Dr. ,Gadi,Alon,,,,,,,,שלוותה,Psychiatrist ,,,,,* myContacts,,,,,,,,,,,נייד,+972 52-945-5833,,,,,,,,,,,,,,,,,,,,,,,,,,,,,,,,,,,,,,,,,,,,,,,,,,,
Drac,,Rebmun,,,,,,,,,,,,,,Imported 8/1/13 ::: Imported on 4/29 ::: * myContacts,,,,,,,,,,,Mobile,+17181483305,,,,,,,,,,,,,,,,,,,,,,,,,,,,,,,,,,,,,,,,,,,,,,,,,,,
Dror,,Birzon,,,,,,,,Press-sense,Implementation,,,,https://lh3.googleusercontent.com/contacts/AG6tpzGtZIgZDngh4KcL43ni3MFtd6PGRo92bTVMIJ222v9cuCWHeMuR,Imported 8/1/13 ::: Imported on 4/29 ::: * myContacts,* Other,dror@press-sense.com,,,,,,,,,Mobile,+972 54-771-9182,,,,,,,,,,,,,,,,,,,,,,,,,,,,,,,,,,,,,,,,,,Other,fb://profile/729832734,,,,,,,,
Dror,,Cohen,,,,,,,,,,,,"Group: Support
Israeli Mobile: 972.52.4447997
Mobile: +972.52.4447997",https://lh3.googleusercontent.com/contacts/AG6tpzFVpSsLyTec229K2fwFDu3vBz3WLBwJqg1VDLdPQAdtIsgmdrYk,* myContacts,* Other,dror@waze.com,Other,dror@linqmap.com,Work,drorco@google.com,,support@wazearchive.goog,Obsolete,support@waze.com,Mobile,+972-52-4447997,,,,,,,,,,,Home,"בית צורי 18 ת""א",18 בית צורי,"ת""א",,,,,,,,,,,,,,,,,,,,,,,,,,,,Profile,http://www.google.com/profiles/115671638198135342261 ::: http://www.google.com/profiles/110151298439423969081,,,,,,,,
Dror,,Cohen,,,,,,,,,,,,"Group: Support
Israeli Mobile: 972.52.4447997
Mobile: +972.52.4447997",,Imported 8/1/13 ::: Waze ::: Imported 3/19/12 ::: new version ::: Imported on 4/29 ::: * myContacts,* ,mcdror@gmail.com,Obsolete,drorco@google.com ::: dror@waze.com,,,,,,,Mobile,+972-52-4447997,,,,,,,,,,,Home,"18 בית צורי
ת""א
IL",18 בית צורי,"ת""א",,,,IL,,,,,,,,,,,,,,,,,,,,,,,,Profile,http://www.google.com/profiles/115671638198135342261 ::: http://www.google.com/profiles/110151298439423969081,,,,,Photo,https://www.google.com/s2/photos/private/AIbEiAIAAAAgCKP_6_LYlPDnERCcibGNydSnTxi3lZrRlr_Yg7QBMAGH2pbF4qLSe1WxM_uImzIWjZ03tQ,,
Dror,,Efraim,,,,,,,,TopCo,Integration Engineer,R&D Team: Grid Components,,Exchange E-mail Address: /o=BetterPlace/ou=Exchange Administrative Group (FYDIBOHF23SPDLT)/cn=Recipients/cn=Drore,https://lh3.googleusercontent.com/contacts/AG6tpzHO4QKRijhZF867p9-iUd6mV7QrB5K0bDice6Ezb9oUVLACp20N,* myContacts,* Other,Dror.Efraim@betterplace.com,,,,,,,,,Mobile,972 50 654 4544,Work,972 73 790 2253,,,,,,,,,,,,,,,,,,,,,,,,,,,,,,,,,,,,Manager,Eli Kamhine,,,,,,,,,,,,
Dror,,Einav,,,,,,Dror,,,,,1986-04-14,"Relationship: Erez's wife's first cousin
Email Address: lehavoth@walla.com",https://lh3.googleusercontent.com/contacts/AG6tpzEn_YttOl1FbSzu8vA3-ir3QBIXPihXbqohMcuGGorDYsOCxay_,Imported 8/1/13 ::: Imported on 4/29 ::: * myContacts,* Home,dror.e.photo@gmail.com,Home,lehavoth@walla.co.il,,,,,,,Mobile,+972 52-8629764,,,,,,,,,,,,,,,,,,,,,,,,,,,,,,,,,,,,,,,,,,Other,fb://profile/1040626831 ::: http://www.droreinav.com/ ::: http://www.culinaryphotos.co.il/,,,,,,,,
Dror,,Gal-Ed,,,,,,,,,Drummer,,,,https://lh3.googleusercontent.com/contacts/AG6tpzGTToFEHOq3chYeK1dOIlJaGe_94HNCwigd-4OIrMJ0fZ1Jv280,Imported 8/1/13 ::: Imported on 4/29 ::: * myContacts,* Other,ponpon135@hotmail.com,,,,,,,,,Mobile,+972 52-3652620,,,,,,,,,,,,,,,,,,,,,,,,,,,,,,,,,,,,,,,,,,,,,,,,,,,
Dror,,Harel,,,,,,,,,,,,,,Imported 8/1/13 ::: Imported on 4/29 ::: * myContacts,* Other,Dror@TheHarels.com,,,,,,,,,,,,,,,,,,,,,,,,,,,,,,,,,,,,,,,,,,,,,,,,,,,,Other,fb://profile/749143594,,,,,,,,
Dror,,Helper,,,,,,,,,,,,,https://lh3.googleusercontent.com/contacts/AG6tpzFVi9LVmCMYtNIfykOlrFOp2_Trs2SfvBGwFXTQzXpjk_o092E8,Imported 8/1/13 ::: Imported on 4/29 ::: * myContacts,* Other,Dror.Helper@betterplace.com,,,,,,,,,Mobile,+972 50 7668543,Work,2717,,,,,,,,,,,,,,,,,,,,,,,,,,,,,,,,,,,,Manager,Guy Tzur,,,Profile,http://www.google.com/profiles/112947459279630002147,,,,,,,,
Dror,,Miller,,,,,,,,,,,,Exchange E-mail Address: /o=BetterPlace/ou=Exchange Administrative Group (FYDIBOHF23SPDLT)/cn=Recipients/cn=drorm,,* myContacts,* Other,Dror.Miller@betterplace.com,,,,,,,,,Mobile,972 54 922 5290,Work,972 73 7902596,,,,,,,,,,,,,,,,,,,,,,,,,,,,,,,,,,,,,,,,,,,,,,,,,
Dror,,Poliak,,,,,,,,,,,,,https://lh3.googleusercontent.com/contacts/AG6tpzF23KgSv-ogjpwHAqTU-hhockahgoXAY8AHtTdByZE3t_GmWqLE,Imported 8/1/13 ::: Imported on 4/29 ::: * myContacts,* Other,drorp24@yahoo.com,,,,,,,,,,,,,,,,,,,,,,,,,,,,,,,,,,,,,,,,,,,,,,,,,,,,,,,,,,,,,
Dror,,Shenhav,,,,,,,,TTI Telecom,,,2006-08-29,<sn>id:1021723626/friendof:809988573</sn>,https://lh3.googleusercontent.com/contacts/AG6tpzGuwQvmkCuBXoez36x3A63PPbTXpocapz9PWuDtukSYAgi-0q4z,Imported 8/1/13 ::: Imported on 4/29 ::: * myContacts,* Other,dror.shenhav@gmail.com,Other,drorsh@tti-telecom.com,,,,,,,Home,+972 (8) 9911344,Mobile,054-6614643,Work,03-9269014,,,,,,,Home,"6833 Glenlake pkwy
Apt. 33-B
Atlanta
GA
30328
United States of America",Apt. 33-B 6833 Glenlake pkwy,Atlanta,,GA,30328,United States of America,,,,,,,,,,,,,,,,,,,,,,,,Other,fb://profile/1021723626,,,,,,,,
Dudi,,Predelski,,,,,,,,,,,,,,Imported on 4/29 ::: * myContacts,,,,,,,,,,,Mobile,+972 50-384-2332,,,,,,,,,,,,,,,,,,,,,,,,,,,,,,,,,,,,,,,,,,,,,,,,,,,
Dudu,,Kagan,,,,,,,,,,,,,,Imported on 4/29 ::: * myContacts,,,,,,,,,,,Mobile,+972546620596,,,,,,,,,,,,,,,,,,,,,,,,,,,,,,,,,,,,,,,,,,,,,,,,,,,
Dwight,,Kelly,,,,,,,,"Apago, Inc.",President,,,,,Imported 8/1/13 ::: Imported on 4/29 ::: * myContacts,* Other,dkelly@apago.com,,,,,,,,,Work Fax,(770) 619-1885,Work,(770) 619-1884,,,,,,,,,Work,"4080 McGinnis Ferry Road
Suite 601
Alpharetta, GA 30005
USA",Suite 601 4080 McGinnis Ferry Road,Alpharetta,,GA,30005,USA,,,,,,,,,,,,,,,,,,,,,,,,Home Page,http://www.apago.com,,,,,,,,
Earl,,Polison,,,,,,,,,,,,Exchange E-mail Address: /o=BetterPlace/ou=Exchange Administrative Group (FYDIBOHF23SPDLT)/cn=Recipients/cn=EarlP,,* myContacts,* Other,Earl.Polison@betterplace.com,,,,,,,,,Mobile,972 52 839 5607,Work,972 3 916 5421,,,,,,,,,,,,,,,,,,,,,,,,,,,,,,,,,,,,,,,,,,,,,,,,,
East West Bank,,,,,,,,,,,,,,,,* myContacts,* Home,stacey.thomas@eastwestbank.com,,,,,,,,,Mobile,+9727705820705,,,,,,,,,,,,,,,,,,,,,,,,,,,,,,,,,,,,,,,,,,,,,,,,,,,
Ed,,Greissle,,,,,,,,"USADATA, Inc.",Solution Sales Representative,,,,,Imported 8/1/13 ::: Imported on 4/29 ::: * myContacts,* Other,EGreissle@usadata.com,,,,,,,,,Work,+1 (212) 6791411 x244,,,,,,,,,,,,,,,,,,,,,,,,,,,,,,,,,,,,,,,,,,,,,,,,,,,
Eddy,,Pincu,,,,,,,,Airspan Networks,Digital HW Group Manager,,,,,Imported 8/1/13 ::: Imported on 4/29 ::: * myContacts,* Other,Eddy.Pincu@ecitele.com,,,,,,,,,Home,+972 (3) 9663923,Mobile,972-52-2946380,Work,972-9-7766366 xt. 9-158,,,,,,,Work,"3 Hatidhar st.
Raanana
Israel",3 Hatidhar st,Raanana,,,,Israel,,,,,,,,,,,,,,,,,,,,,,,,Sync.ME profile,http://sync.me/profile/K_FzZpYQjuVOYv7wBQ3HGa1Z9Uw85h50YYGJznv0Zk3HfHhmUGnRrV8Z6d1z,,,,,,,,
Edith,,Saban,,,,,,,,,Gym Teacher,,,,https://lh3.googleusercontent.com/contacts/AG6tpzEncQ-C5SNp79eNz-xQEezgJaSyD0W17Rze9mfm6Z5YQZ1DnZpi,Imported 8/1/13 ::: Imported on 4/29 ::: * myContacts,* Work,edithsaban@yahoo.com,,,,,,,,,Mobile,0544887144,,,,,,,,,,,,,,,,,,,,,,,,,,,,,,,,,,,,,,,,,,,,,,,,,,,
Eduardo,,,,,,,,,,,Cleaner,,,,,Imported 8/1/13 ::: Imported on 4/29 ::: * myContacts,,,,,,,,,,,Home,054-674-6762,,,,,,,,,,,,,,,,,,,,,,,,,,,,,,,,,,,,,,,,,,,,,,,,,,,
Efi,,,,,,,,,,wednesdaynightsoccer,,,,,,Imported 8/1/13 ::: wednesdaynightsoccer ::: Imported on 4/29 ::: * myContacts,* Other,yoji@netvision.net.il,,,,,,,,,Mobile,052-3636903,,,,,,,,,,,,,,,,,,,,,,,,,,,,,,,,,,,,,,,,,,,,,,,,,,,
Efrat,,,,,,,,,,,,,,,,Imported on 4/29 ::: * myContacts,* Other,efratl3@fnx.co.il,,,,,,,,,Mobile,054-900-8055 ::: 035-746-843,,,,,,,,,,,,,,,,,,,,,,,,,,,,,,,,,,,,,,,,,,,,,,,,,,,
Efrat,,Fuchs,,,,,,,,,,,,"Group: Map Team & HR
Israeli Mobile: 972.54.6734658
Mobile: +972.54.6734658",https://lh3.googleusercontent.com/contacts/AG6tpzG0ycJqqwXW9vHXrHoRsrY4IZhujlx-roC0M3SdT35IuKV_cdFA,Imported 8/1/13 ::: Waze ::: Imported 3/19/12 ::: Imported on 4/29 ::: * myContacts,* ,manymoon_ctxtk_3040565@manymoon.com,Other,efrat@linqmap.com,,,,,,,Mobile,+972-54-6734658,,,,,,,,,,,Home,שלנינגר 6 תל אביב,6 שלנינגר,תל אביב,,,,,,,,,,,,,,,,,,,,,,,,,,,,,,,,,,,,,
Egon,Donia,Donia Nota,,,,,,,,,,,,,,Imported 8/1/13 ::: Imported on 4/29 ::: * myContacts,* Other,egon@press-sense.com,,,,,,,,,Mobile,+31 (638) 541 352,,,,,,,,,,,,,,,,,,,,,,,,,,,,,,,,,,,,,,,,,,,,,,,,,,,
Ehud,,,,,,,,,,wednesdaynightsoccer,,,,,,Imported 8/1/13 ::: wednesdaynightsoccer ::: Imported on 4/29 ::: * myContacts,* Other,ehud_p@hotmail.com,,,,,,,,,Mobile,050-8803164,,,,,,,,,,,,,,,,,,,,,,,,,,,,,,,,,,,,,,,,,,,,,,,,,,,
Ehud,,Kafri,,,,,,,,,,,,,https://lh3.googleusercontent.com/contacts/AG6tpzG-yF92eeVZquXT1G47YejlT3inxHgQZRl3gqYNFAvhxvyf_911,Imported 8/1/13 ::: Imported on 4/29 ::: * myContacts,* Other,udikafri@gmail.com,Other,udik@press-sense.com,,,,,,,Mobile,+972 50 8594560,,,,,,,,,,,,,,,,,,,,,,,,,,,,,,,,,,,,,,,,,,,fb://profile/617047140,Sync.ME profile,http://sync.me/profile/jE3YibQRyKfjBgKnGJN9GCWrP3ur-tYvPCYYmZUc,,,,,,
Ehud,,Shabtai,,,,,,,,waze,Founder and CTO,,1977-06-14,"Group: R&D
Israeli Mobile: 972.54.4348374
Mobile: +972.54.4348374",https://lh3.googleusercontent.com/contacts/AG6tpzGOTDv0YCn9HjYaFWYTqOBaCZlinoeVgI3fGiavI8vTswEi6m1i,Imported 8/1/13 ::: Waze ::: Imported 3/19/12 ::: new version ::: Imported on 4/29 ::: Server Developers ::: * myContacts,* Work,ehud@waze.com,Other,ehud@linqmap.com ::: eshabtai@gmail.com,Home,eshabtai.rss@gmail.com,Work,ehuds@google.com,,,Home,+,Mobile,+972-54-4348374,,,,,,,,,Home,"שדרות נורדאו 22, ת""א ::: Tel Aviv, Tel Aviv
Israel",22 שדרות נורדאו ::: ,"ת""א ::: Tel Aviv", ::: , ::: Tel Aviv, ::: , ::: Israel, ::: ,,,,,,,,,,,,,,,,,,,,,,,Profile,http://www.google.com/profiles/108121336274206404674 ::: http://www.google.com/profiles/118405381914647931668,Other,www.waze.com,,,,,,
Eilon,,Tirosh,,,,,,,,moment.me,Chairman & Co-founder,, --08-29,,,Imported 8/1/13 ::: Imported on 4/29 ::: * myContacts,* Other,eilon@exaltoventures.com,Other,Eilon@gingerbit.com ::: eilon@moment.me,,,,,,,Mobile,054-755485,Work,09-9725600,Home,09-7603840,,,,,,,,,,,,,,,,,,,,,,,,,,,,,,,,,,,,,,Sync.ME profile,http://sync.me/profile/JO6kU0o5uTfiNXolR7-WzvC23KapQRsNH48-BiYb7Pw33cVMuOO0T-Yj,Other,www.yuvalim.org ::: www.giantstep.net,,,Photo,https://lh4.googleusercontent.com/-X38Kuo3iG08/WceUG8WdF2I/AAAAAAAAAAA/ow5DAez0GUcJkeLkwcawG-PDyIDy2NbowCOQCEAE/photo.jpg,,
Einat,,Einav,,,,,,,,,,,,,,Imported on 4/29 ::: * myContacts,,,,,,,,,,,Mobile,+972524272728,,,,,,,,,,,,,,,,,,,,,,,,,,,,,,,,,,,,,,,,,,,,,,,,,,,
Einat,,Ifergan,,,,,,,,TopCo,KM Associate,KM,,Exchange E-mail Address: /o=BetterPlace/ou=Exchange Administrative Group (FYDIBOHF23SPDLT)/cn=Recipients/cn=einati,https://lh3.googleusercontent.com/contacts/AG6tpzFh8bfZNKswNYl8GaiktByXBXsX-BZZNlbWLeK_TMOKO2HoCixY,* myContacts,* Other,Einat.Ifergan@betterplace.com,,,,,,,,,Mobile,972 54 922 2447,Work,972 73 790 2271,,,,,,,,,,,,,,,,,,,,,,,,,,,,,,,,,,,,,,,,,,,,,,,,,
Einat,,Klafter,,,,,,,,Babylon,Marketing Communications Coordinator,,,,https://lh3.googleusercontent.com/contacts/AG6tpzGzVV4WhOITGRY4gX2OQeKJYzP0S5Q7Nfz1I1UXNEwk1W6-6GiK,Imported 8/1/13 ::: Imported on 4/29 ::: * myContacts,* Other,einat@babylon.com,Other,einat_klafter@hotmail.com,,,,,,,Mobile,+972 (52) 2995769,,,,,,,,,,,,,,,,,,,,,,,,,,,,,,,,,,,,,,,,,,Other,fb://profile/558043656,Sync.ME profile,http://sync.me/profile/kFWQ9CQO6XqRCZLlbyP18D6MzhGMsznD_rlZBKWbvXIlCg,,,,,,
Einat,,Maron,,,,,,,,OpCo,Business Process Engineer,Customer Care,,Exchange E-mail Address: /o=BetterPlace/ou=Exchange Administrative Group (FYDIBOHF23SPDLT)/cn=Recipients/cn=einatm,https://lh3.googleusercontent.com/contacts/AG6tpzH6s2dC6_8oQ_vUP-wH1ukjKlpHPxLS2N3Ivy_ykkr6E_qMGce7,* myContacts,* Other,Einat.Maron@betterplace.com,,,,,,,,,Mobile,972 50 738 7849,Work,972 73 790 2262,,,,,,,,,,,,,,,,,,,,,,,,,,,,,,,,,,,,Manager,Einat Rom,,,,,,,,,,,,
Einat,,Nitzan,,,,,,,,EVI - Management Company,,,,Exchange E-mail Address: /o=BetterPlace/ou=Exchange Administrative Group (FYDIBOHF23SPDLT)/cn=Recipients/cn=einatn,,* myContacts,* Other,Einat.Nitzan@betterplace.com,,,,,,,,,Pager,skype: EinatND,Mobile,972 54 206 0447,Work,972 54 901 2438,,,,,,,Work,Israel,,,,,,Israel,,,,,,,,,,,,,,,,,,,,Manager,Pini Liberman,,,,,,,,,,,,
Einat,,Rom,,,,,,,,OpCo,Head of Customer Services,Costumer Service,,Exchange E-mail Address: /o=BetterPlace/ou=Exchange Administrative Group (FYDIBOHF23SPDLT)/cn=Recipients/cn=einatr,,* myContacts,* Other,Einat.Rom@betterplace.com,,,,,,,,,Pager,Skype: einat.rom,Mobile,972 50 590 9000,Work,972 73 790 2118,,,,,,,,,,,,,,,,,,,,,,,,,,,,,,,,,,Manager,Moshe Kaplinsky,,,,,,,,,,,,
Einat,,Shechter,,,,,,,,,,,,"Group: Map Team
Israeli Mobile: 972.52.8550350
Mobile: +972.52.8550350",https://lh3.googleusercontent.com/contacts/AG6tpzGL6WCkqNi6xjWH_7hSxP9p3DE9Zt5bBo7vgfF3pD1_YGzImq34,Imported 8/1/13 ::: Waze ::: Imported 3/19/12 ::: Imported on 4/29 ::: * myContacts,* ,eshechter@google.com,,,,,,,,,Home,+972-3-9508581,Mobile,+972-52-8550350,,,,,,,,,Home,"יהודה המכבי 97, תל אביב",97 יהודה המכבי,תל אביב,,,,,,,,,,,,,,,,,,,,,,,,,,,,Profile,http://www.google.com/profiles/110854212615575150745,,,,,,,,
Einav,,Bahat,,,,,,,,OpCo,Account Manager,Sales,,Exchange E-mail Address: /o=BetterPlace/ou=Exchange Administrative Group (FYDIBOHF23SPDLT)/cn=Recipients/cn=einavb,https://lh3.googleusercontent.com/contacts/AG6tpzEj9Kmk3rx905WbdvKZryxKIfuGBEe0tqRvpadaFkh9Ptk1Hk39,* myContacts,* Other,Einav.Bahat@betterplace.com,,,,,,,,,Mobile,972 54 485 0009,Work,972 73 790 2122,,,,,,,,,,,,,,,,,,,,,,,,,,,,,,,,,,,,Manager,Asaf Onn,,,,,,,,,,,,
Eitan,,Gutkind,,,,,,,,,,,,basketball,,Imported 8/1/13 ::: Imported on 4/29 ::: * myContacts,* Other,gutkind@zahav.net.il,,,,,,,,,Mobile,+972 54-4498493,,,,,,,,,,,,,,,,,,,,,,,,,,,,,,,,,,,,,,,,,,,,,,,,,,,
Eitan,,Hess,,,,,,,,FREEMIND,,,,,,Imported 8/1/13 ::: Imported on 4/29 ::: * myContacts,* Other,eitan@freemindconsultants.com,,,,,,,,,Mobile,+972 52-8555519,,,,,,,,,,,,,,,,,,,,,,,,,,,,,,,,,,,,,,,,,,,,,,,,,,,
Eitan,,Hon,,,,,,,,OpCo,Chief Operating Officer,G&A,,Exchange E-mail Address: /o=BetterPlace/ou=Exchange Administrative Group (FYDIBOHF23SPDLT)/cn=Recipients/cn=eitanh,,* myContacts,* Other,Eitan.Hon@betterplace.com,,,,,,,,,Pager,Skype: Eitan.Hon,Mobile,972 54 971 6061,Work,972 73 790 2104,,,,,,,Work,"Building #2
Kiriat Atidim
Tel Aviv 61581
Israel",Building #2,Tel Aviv,,,61581,Israel,Kiriat Atidim,,,,,,,,,,,,,,,,,,,Manager,Moshe Kaplinsky,,,,,,,,,,,,
Eitan,,Kenneth,,,,,,,,"MediViz Systems, Inc.",VP R&D,,2006-10-24,,,Imported 8/1/13 ::: Imported on 4/29 ::: * myContacts,* Other,eitan.kenneth@mediviz.net,Other,eitank@tti-telecom.com,,,,,,,Home,+1 (301) 2992889,Mobile,(703) 887-3983,Work,+1 (770) 206-4680,Work Fax,+1 (770) 206-4701,,,,,Home,"12012 Coldstream dr.
Potomac, MD 20854
United States of America",12012 Coldstream dr,Potomac,,MD,20854,United States of America,,Work,"6427 San Vicente Blvd.
Los Angeles, CA 90048
United States of America",6427 San Vicente Blvd,Los Angeles,,CA,90048,United States of America,,,,,,,,,,,Manager,Orit Ben Har,,,Home Page,http://www.tti-telecom.com,,,,,,,,
Eitan,,Rousso (מחאה וואטסאפ),,,,,,,,,,,,,,* myContacts,,,,,,,,,,,Mobile,+972546152365,,,,,,,,,,,,,,,,,,,,,,,,,,,,,,,,,,,,,,,,,,,,,,,,,,,
EJ,,Liao,,,,,,,,Yahoo!,Sr. Product Manager for Global News,,,,,Imported 8/1/13 ::: Imported on 4/29 ::: * myContacts,* Other,ej.liao@xerox.com,,,,,,,,,Work,+1 3103338062,,,,,,,,,,,,,,,,,,,,,,,,,,,,,,,,,,,,,,,,,,Sync.ME profile,http://sync.me/profile/2fQ0fIrbE_2FiaxCkjZcPW7ITe42w1x1Awe0YA4l,,,,,,,,
Elad,,,,,,,,,,wednesdaynightsoccer,,,,,,Imported 8/1/13 ::: wednesdaynightsoccer ::: Imported on 4/29 ::: * myContacts,* Other,eladduschak@hotmail.com,,,,,,,,,,,,,,,,,,,,,,,,,,,,,,,,,,,,,,,,,,,,,,,,,,,,,,,,,,,,,
Elad,,Bar-Elli,,,,,,,,,,,,Exchange E-mail Address: /o=BetterPlace/ou=Exchange Administrative Group (FYDIBOHF23SPDLT)/cn=Recipients/cn=eladb,https://lh3.googleusercontent.com/contacts/AG6tpzGVbcrGLqdioljZUnSdN-PN0dFwcbuuga2Jb1VAn58TFNs2iAoE,* myContacts,* Other,Elad.Bar-Elli@betterplace.com,,,,,,,,,Mobile,972 54 8300691,Work,972 73 790 2547,,,,,,,,,,,,,,,,,,,,,,,,,,,,,,,,,,,,,,,,,,,,,,,,,
Elad,,Mezuman,,,,,,,,,,,,,,Imported on 4/29 ::: * myContacts,* Work,eladmezuman@google.com,,,,,,,,,Work,+972 74-746-6638,Home,+972  509787697,,,,,,,,,,,,,,,,,,,,,,,,,,,,,,,,,,,,,,,,,,,,,,,,,
Elad,,Shmidov,,,,,,,,,,,,,https://lh3.googleusercontent.com/contacts/AG6tpzHU4ctAUViNXhxzzymtPykWFzgQdb9y5UKzl5Ksb_qXP2Qah7Oo,Imported 8/1/13 ::: Waze ::: Imported on 4/29 ::: * myContacts,* Other,elads@waze.com,,,,,,,,,Mobile,+972-54-6904324,,,,,,,,,,,Home,"הגבעה 13, אבן יהודה",13 הגבעה,אבן יהודה,,,,,,,,,,,,,,,,,,,,,,,,,,,,,,,,,,,,,
Elad,,Tayar,,,,,,,,,,,,"Group: Product & Marketing
Israeli Mobile: 972.54.6800959
Mobile: +972.54.6800959

Group: Product & Marketing
Israeli Mobile: 972.54.6800959
Mobile:+972.54.6800959",https://lh3.googleusercontent.com/contacts/AG6tpzH0DLpMQF9j91KG1OL05mPpqxSx8VBmgknyRkO6kI30l9Achdu1,Imported 8/1/13 ::: Waze ::: Imported 3/19/12 ::: Imported on 4/29 ::: * myContacts,* Other,elad@waze.com,Work,eladt@google.com,,,,,,,Mobile,+972-54-6800959,,,,,,,,,,,Home,"48 ויצמן
נתניה",48 ויצמן,נתניה,,,,,,,,,,,,,,,,,,,,,,,,,,,,Profile,http://www.google.com/profiles/102779870097660142438,,,,,,,,
Elaine,,Chang,,,,,,,,Better Place Inc.,Intern,Automotive Allianceces/Battery Technology,,Exchange E-mail Address: /o=BetterPlace/ou=Exchange Administrative Group (FYDIBOHF23SPDLT)/cn=Recipients/cn=echang,,* myContacts,* Other,Elaine.Chang@betterplace.com,,,,,,,,,,,,,,,,,,,,,,,,,,,,,,,,,,,,,,,,,,,,,,,,Manager,Michal  Vakrat Wolkin,,,,,,,,,,,,
Elaine,,Stroud,,,,,,,,Elevate,IT Manager,,,,,Imported 8/1/13 ::: Imported on 4/29 ::: * myContacts,* Other,elaine.stroud@elevateyou.co.uk,,,,,,,,,Radio,iwayprime,Mobile,+44 1314585090,Work,+44 1314537666,,,,,,,,,,,,,,,,,,,,,,,,,,,,,,,,,,,,,,,,,,,,,,,
Elbasan Hotel,,,,,,,,,,,,,,,,* myContacts,,,,,,,,,,,Mobile,+355698017777,,,,,,,,,,,,,,,,,,,,,,,,,,,,,,,,,,,,,,,,,,,,,,,,,,,
Elchay,,Efraim,,,,,,,,,,,,,,Imported 8/1/13 ::: Imported on 4/29 ::: * myContacts,* Other,elchay@gmail.com,,,,,,,,,Mobile,+972 54-7766629,,,,,,,,,,,,,,,,,,,,,,,,,,,,,,,,,,,,,,,,,,,,,,,,,,,
Eldad,,Bronshtein,,,,,,,,,,,,,,Imported 8/1/13 ::: Imported on 4/29 ::: * myContacts,* ,eldad@cellact.com,,,,,,,,,,,,,,,,,,,,,,,,,,,,,,,,,,,,,,,,,,,,,,,,,,,,,,,,,,,,,
Eldad,,Mor,,,,,,,,,,,,,https://lh3.googleusercontent.com/contacts/AG6tpzFqvZjQ3prpSMXFesz1B2Z6sAIEhryZxFz1IRJAzfZxekJBOR52,Imported on 4/29 ::: * myContacts,* Other,eldadm@google.com,,,,,,,,,Mobile,+972 50-630-0779,,,,,,,,,,,,,,,,,,,,,,,,,,,,,,,,,,,,,,,,,,Profile,http://www.google.com/profiles/113022876786421414142,,,,,,,,
Eli,,Amitai,,,,,,,,,,,,,,Imported 8/1/13 ::: Imported on 4/29 ::: * myContacts,* Other,rnna@bezeqint.net,,,,,,,,,Home,+972 (3) 6749995,Mobile,+972 (52) 3655800,,,,,,,,,,,,,,,,,,,,,,,,,,,,,,,,,,,,,,,,,,,,,,,,,
Eli,,Bago,,,,,,Eli,,Gaya Game,,,,,,Imported 8/1/13 ::: Imported on 4/29 ::: * myContacts,* Home,eli@gaya-game.com,,,,,,,,,Work,+972 (3) 9033122,,,,,,,,,,,,,,,,,,,,,,,,,,,,,,,,,,,,,,,,,,,,,,,,,,,
Eli,,Efrat,,,,,,,,"Axxana, Inc.",CEO,,2006-12-03,,https://lh3.googleusercontent.com/contacts/AG6tpzFswYmiPck5W16LzkAW-F2yo6PEeWAXeJZFjcpAK9SZSYU7us5V,Imported 8/1/13 ::: Imported on 4/29 ::: * myContacts,* Other,eefrat2@zahav.net.il,Other,eli.efrat@axxana.com,,,,,,,Home,+972 3-5474271,Mobile,+972 54-4316171,Work,+972 9-9725600,Work Fax,+972 9-9725605,Radio,eefrat2,,,Home,"26 Averbuch St.#2
Ramat-Hasharon,
47400
Israel","#2
26 Averbuch St",Ramat-Hasharon,,,47400,Israel,,,,,,,,,,,,,,,,,,,,,,,,Other,http://www.axxana.com,,,,,,,,
Eli,,Elias,,,,,,,,,,,,,,Imported 8/1/13 ::: Imported on 4/29 ::: * myContacts,* ,elie@pel-ins.com,Other,elie@pelins.com,,,,,,,,,,,,,,,,,,,,,,,,,,,,,,,,,,,,,,,,,,,,,,,,,,,,,,,,,,,
Eli,,Frayberg,,,,,,,,,Dentist,,,Recommended by Yael Elish,,Imported 8/1/13 ::: Imported on 4/29 ::: Imported 5/14/12 ::: * myContacts,* Work,dr-eli-f@zahav.net.il,,,,,,,,,Home,(054) 444 3694,Mobile,097406667,,,,,,,,,Home,יהונתן 6 הוד השרון,6 יהונתן,הוד השרון,,,,,,,,,,,,,,,,,,,,,,,,,,,,,,,,,,,,,
Eli,,Gazit,,,,,,,,Softwear Suit Ltd. Israel,Project Manager,,,,https://lh3.googleusercontent.com/contacts/AG6tpzEFbDfaZnK1OS2LznGRl-5AEjYP0OmFdOxQ9pSm9hRTL0Ji2cET,Imported 8/1/13 ::: Imported on 4/29 ::: * myContacts,* Other,eli.gazit@softwear.co.il,,,,,,,,,Mobile,(972) 54-7262621,Work,(972) 9-7650444,,,,,,,,,,,,,,,,,,,,,,,,,,,,,,,,,,,,,,,,Sync.ME profile,http://sync.me/profile/wpfZhHc2qBK5oGiptg4wN3qULP0sTCKyU3ukCWJBLZOVYImV7g,,,,,,,,
Eli,,Hisdai,,,,,,,,TopCo,SW developer,R&D,,Exchange E-mail Address: /o=BetterPlace/ou=Exchange Administrative Group (FYDIBOHF23SPDLT)/cn=Recipients/cn=elih,https://lh3.googleusercontent.com/contacts/AG6tpzEiPDopW1v_wq7RbUicl19kmA8XaWS5l6dLtqbexICl7wuVPhuz,Imported 8/1/13 ::: Imported on 4/29 ::: * myContacts,* Other,Eli.Hisdai@betterplace.com,,,,,,,,,Mobile,+972 52-617-3222,Work,972 73 790 2215,,,,,,,,,,,,,,,,,,,,,,,,,,,,,,,,,,,,Manager,Motty Cohen,,,,fb://profile/620513539,Profile,http://www.google.com/profiles/118436776964453101667,,,,,,
Eli,,Kamhine,,,,,,,,TopCo,Grid Components Development Manager,R&D,,Exchange E-mail Address: /o=BetterPlace/ou=Exchange Administrative Group (FYDIBOHF23SPDLT)/cn=Recipients/cn=elik,https://lh3.googleusercontent.com/contacts/AG6tpzFjjLihkYsfbhzXBt95-5vGamoNpmh7dcEB7dn-i1wA-jR0AmAj,* myContacts,* Other,Eli.Kamhine@betterplace.com,,,,,,,,,Pager,skype: Eli.kamhine,Mobile,972 52 619 9005,Work,972 73 790 2219,,,,,,,,,,,,,,,,,,,,,,,,,,,,,,,,,,Manager,Barak Hershkovitz,,,,,,,,,,,,
Eli,,Mustacchi,,,,,,,,,,,,,https://lh3.googleusercontent.com/contacts/AG6tpzHeZ9nqgMkK6auCbwz8Grs6wnEq-VmjqlB-hKRxaI5RCP0ZL5gt,Imported 8/1/13 ::: Imported on 4/29 ::: * myContacts,* Other,kikao.sp@gmail.com,,,,,,,,,,,,,,,,,,,,,,,,,,,,,,,,,,,,,,,,,,,,,,,,,,,,,fb://profile/570559316,,,,,,,,
Eli,Ricardo,Mustacchi,,,,,,,,,,,,,https://lh3.googleusercontent.com/contacts/AG6tpzGQaZ9vWoiVRrkdKoOvk_J5F57FI-L9oOO-uJiiapD2VSKotRht,Imported 8/1/13 ::: Imported on 4/29 ::: * myContacts,* Other,elim@press-sense.com,,,,,,,,,Mobile,+972 54-6567355,,,,,,,,,,,,,,,,,,,,,,,,,,,,,,,,,,,,,,,,,,Other,fb://profile/570559316,Profile,http://www.google.com/profiles/112917542182843229696,,,,,,
Eli,,Shre,,,,,,,,,Dentist,,,Recommended by Yael Elish,,* myContacts,,,,,,,,,,,Home,(054) 444 3694,Mobile,097406667,,,,,,,,,,,,,,,,,,,,,,,,,,,,,,,,,,,,,,,,,,,,,,,,,
Eli,,Vahabi,,,,,,,,OpCo,Planning and Control,Ops,,Exchange E-mail Address: /o=BetterPlace/ou=Exchange Administrative Group (FYDIBOHF23SPDLT)/cn=Recipients/cn=EliV,https://lh3.googleusercontent.com/contacts/AG6tpzGwjFr_dfaX0YjABAzZ9P0ei0gZ86Cl0I6wzhwbnWfFsRA8fW9k,* myContacts,* Other,Eli.Vahabi@betterplace.com,,,,,,,,,Mobile,523255890,Work,972 73 790 2184,,,,,,,,,,,,,,,,,,,,,,,,,,,,,,,,,,,,Manager,Pini Liberman,,,,,,,,,,,,
Elina,,Maliarsky,,,,,,,,,,,,,https://lh3.googleusercontent.com/contacts/AG6tpzFXm7JZVlSFP9tQUiK2u2RIzSAF2Cd3XapNQSJRH5BrP_YUK2Im,Imported 8/1/13 ::: Imported on 4/29 ::: * myContacts,* Other,elina@press-sense.com,,,,,,,,,Mobile,+972 52 3465179,,,,,,,,,,,,,,,,,,,,,,,,,,,,,,,,,,,,,,,,,,,,,,,,,,,
Elinor,,Raz-Gur,,,,,,,,,,,,Exchange E-mail Address: /o=BetterPlace/ou=Exchange Administrative Group (FYDIBOHF23SPDLT)/cn=Recipients/cn=elinorr,https://lh3.googleusercontent.com/contacts/AG6tpzHviEj380vAb7IgjKAO_z7uKfFiaIZwh6RSJfP-0ow203xub36Z,* myContacts,* Other,Elinor.Raz-Gur@betterplace.com,,,,,,,,,Mobile,972 52 2255725,,,,,,,,,,,,,,,,,,,,,,,,,,,,,,,,,,,,,,,,,,,,,,,,,,,
Eliran,,Falah,,,,,,,,,,,,,,Imported 8/1/13 ::: Imported on 4/29 ::: * myContacts,* Other,eliran@google.com,,eliran@wazearchive.goog,Obsolete,eliran@waze.com,,,,,Mobile,054-420-2192,,,,,,,,,,,,,,,,,,,,,,,,,,,,,,,,,,,,,,,,,,Profile,http://www.google.com/profiles/103940168542228664154,,,,,,,,
Eliza,,Kimhi,,,,,,,,,,,,Exchange E-mail Address: /o=BetterPlace/ou=Exchange Administrative Group (FYDIBOHF23SPDLT)/cn=Recipients/cn=Elizak,,* myContacts,* Other,Eliza.Kimhi@betterplace.com,,,,,,,,,Mobile,972 54 839 5370,Work,972 3 916 5370,,,,,,,,,,,,,,,,,,,,,,,,,,,,,,,,,,,,,,,,,,,,,,,,,
Elizabeth,,Reato,,,,,,,,,,,,"Group: Product & Marketing
Israeli Mobile: 972.54.5903364
Mobile: +972.54.5903364

Group: Product & Marketing
Israeli Mobile: 972.54.5903364
Mobile:+972.54.5903364",,Imported 8/1/13 ::: Imported 3/19/12 ::: Imported on 4/29 ::: * myContacts,* ,elizabeth@waze.com,Work,elizabethreato@google.com,,,,,,,Mobile,+972 54‑590‑3364,,,,,,,,,,,,,,,,,,,,,,,,,,,,,,,,,,,,,,,,,,Profile,http://www.google.com/profiles/111828268794611023214,,,,,,,,
Ella,,,,,,,,,,,,,,Exchange E-mail Address: /o=BetterPlace/ou=Exchange Administrative Group (FYDIBOHF23SPDLT)/cn=Recipients/cn=Ella,,* myContacts,* Other,Ella@betterplace.com,,,,,,,,,,,,,,,,,,,,,,,,,,,,,,,,,,,,,,,,,,,,,,,,,,,,,,,,,,,,,
Ella & Moshe,,Kedan,,,,,,,,,,,,,,Imported 8/1/13 ::: Imported on 4/29 ::: * myContacts,* Other,KedaN5@aol.com,,,,,,,,,Mobile,+1 (727) 6860360,Home,+1 (727) 5318018,,,,,,,,,Work,"2354 Haddon Hall place
clearwater, FL 33764
United States of America",2354 Haddon Hall place,clearwater,,FL,33764,United States of America,,,,,,,,,,,,,,,,,,,,,,,,,,,,,,,,,
Ella,,Alfassi,,,,,,,,Meitav Dash,,,,,,Imported on 4/29 ::: * myContacts,* ,Ella.Alfassi@meitavdash.co.il,,,,,,,,,Mobile,0737778264,,,,,,,,,,,,,,,,,,,,,,,,,,,,,,,,,,,,,,,,,,,,,,,,,,,
Ella Setton,,,,,,,,,,,,,,,,* myContacts,,,,,,,,,,,Mobile,+972587479111,,,,,,,,,,,,,,,,,,,,,,,,,,,,,,,,,,,,,,,,,,,,,,,,,,,
Ellen,,Konar,,,,,,,,Better Place Inc.,Consumer Marketing and Research,Global Marketing,,Exchange E-mail Address: /o=BetterPlace/ou=Exchange Administrative Group (FYDIBOHF23SPDLT)/cn=Recipients/cn=ekonar,https://lh3.googleusercontent.com/contacts/AG6tpzGIze69f_1KSHahdDLKbaEp57Xv0UEnQLu_e126PVdROj3czyOW,* myContacts,* Other,Ellen.Konar@betterplace.com,,,,,,,,,Pager,Skype: Ellen.konar,Mobile,1 650 391 7665,Work,1 650 845 2879,,,,,,,Work,"1070 Arastradero Road, Suite 220
Palo Alto, California 94304
United States",Suite 220 1070 Arastradero Road,Palo Alto,,CA,94304,United States,,,,,,,,,,,,,,,,,,,,Manager,Joe Paluska,,,,,,,,,,,,
Elliot,,,,,,,,,,,,,,"Nissan Qashqai 1, DK
Exchange E-mail Address: /o=BetterPlace/ou=Exchange Administrative Group (FYDIBOHF23SPDLT)/cn=Recipients/cn=Elliot",,* myContacts,* Other,Elliot@betterplace.com,,,,,,,,,,,,,,,,,,,,,,,,,,,,,,,,,,,,,,,,,,,,,,,,,,,,,,,,,,,,,
Elly,,Perets,,,,,,,,Pageflex,Vice President of Sales and Marketing,,,,,Imported 8/1/13 ::: Imported on 4/29 ::: * myContacts,* Other,ellyperets@yahoo.com,Other,elly@goasialtd.com,,,,,,,Mobile,+972547719120,Home,+19174154768,,,,,,,,,,,,,,,,,,,,,,,,,,,,,,,,,,,,,,,,Other,fb://profile/562668407,,,,,,,,
Elon,,Gecht,,,,,,,,,,,,"Group: R&D 
Israeli Mobile: 972.54.4433976
Mobile: +972.54.4433976",,Imported 8/1/13 ::: Imported 3/19/12 ::: Imported on 4/29 ::: * myContacts,* Work,elongecht@google.com,,elon@waze.com ::: elon.gecht@gmail.com,,,,,,,Mobile,+972544433976,Home,+97235400569,,,,,,,,,,,,,,,,,,,,,,,,,,,,,,,,,,,,,,,,,,,,,,,,,
Emanuel,,Temple,,,,,,,,,,,,Ruth-anne (ext 214) or joy,,Imported 8/1/13 ::: Imported on 4/29 ::: * myContacts,,,,,,,,,,,Work,+1 (770) 352-9303 ::: +1 (770) 395-1340 ext 214,Work Fax,+1 (770) 395-1343,,,,,,,,,Work,"1580 spalding, drive, 30350
United States of America","1580 spalding, drive",,,,30350,United States of America,,,,,,,,,,,,,,,,,,,,,,,,,,,,,,,,,
Emanuel,,Timor,,,,,,,,MultiPhy,Board Member,,,,https://lh3.googleusercontent.com/contacts/AG6tpzG_HDkc7b5E84YgrH6rb73oTLo8MKn_sR0rf2O_HnguJRtSDiLN,Imported 8/1/13 ::: Imported on 4/29 ::: * myContacts,* Other,emanuel@vertexvc.com,,,,,,,,,Mobile,+972 (54) 485 0650,Work,+972 (3) 7378873,,,,,,,,,,,,,,,,,,,,,,,,,,,,,,,,,,,,,,,,,,,,,,,,,
EMEA,,Payroll,,,,,,,,Google,,,,,,* myContacts,* ,emeapayroll@google.com,,,,,,,,,,,,,,,,,,,,,,,,,,,,,,,,,,,,,,,,,,,,,,,,,,,,,,,,,,,,,
,,,,,,,,,,Google,Payroll,,,,,* myContacts,* ,emeapayroll@google.com,,,,,,,,,,,,,,,,,,,,,,,,,,,,,,,,,,,,,,,,,,,,,,,,,,,,,,,,,,,,,
Emek,,Sadot,,,,,,,,TopCo,"System Architect, Energy Management",R&D,,Exchange E-mail Address: /o=BetterPlace/ou=Exchange Administrative Group (FYDIBOHF23SPDLT)/cn=Recipients/cn=emeks,https://lh3.googleusercontent.com/contacts/AG6tpzHM2NN3Eep5SSfczxlcptySppCGbCWiqDvy7QrJ08VYW4_1ezaB,* myContacts,* Other,Emek.Sadot@betterplace.com,,,,,,,,,Pager,Skype: esadot,Mobile,972 54 323 3071,Work,972 73 790 2160,,,,,,,,,,,,,,,,,,,,,,,,,,,,,,,,,,Manager,Barak Hershkovitz,,,,,,,,,,,,
Eran,,,,,,,,,,Dalits Little Helper,,,,,,Imported on 4/29 ::: * myContacts,,,,,,,,,,,Mobile,+972544802445,,,,,,,,,,,,,,,,,,,,,,,,,,,,,,,,,,,,,,,,,,,,,,,,,,,
Eran,,Barzilai,,,,,,,,OpCo,Help Desk Technician,Ops,,Exchange E-mail Address: /o=BetterPlace/ou=Exchange Administrative Group (FYDIBOHF23SPDLT)/cn=Recipients/cn=Bennyc,https://lh3.googleusercontent.com/contacts/AG6tpzGKHCCqZEHzRaQlpIp3NVdatCJ63dvJYNdGRFqGADTPZd5b-sZw,* myContacts,* Other,Eran.Barzilai@betterplace.com,,,,,,,,,Mobile,972 54 830 0656,Work,972 73 790 2541,,,,,,,,,,,,,,,,,,,,,,,,,,,,,,,,,,,,Manager,Eyal Azran,,,,,,,,,,,,
Eran,,Brener,,,,,,,,(כדורגל),,,,,https://lh3.googleusercontent.com/contacts/AG6tpzF32Vdbj6i1AWhFP1CXo70zwFUkIG199qOe79HaOOYHfL3WVFOI,Imported 8/1/13 ::: Imported on 4/29 ::: * myContacts,,,,,,,,,,,Mobile,+972 54-779-9319,,,,,,,,,,,,,,,,,,,,,,,,,,,,,,,,,,,,,,,,,,,,,,,,,,,
Eran,,Brezner,,,,,,,,,,,,,,Imported 8/1/13 ::: Imported on 4/29 ::: * myContacts,* Other,eran.brezner@alumni.insead.edu,,,,,,,,,Home,+972 (9) 8663593,Mobile,+972 (52) 8267066,,,,,,,,,,,,,,,,,,,,,,,,,,,,,,,,,,,,,,,,,,,,,,,,,
Eran,,Burns,,,,,,,,TopCo,Infrastructure Deployment Methodology lead,Global  Deployment,,Exchange E-mail Address: /o=BetterPlace/ou=Exchange Administrative Group (FYDIBOHF23SPDLT)/cn=Recipients/cn=eranb,https://lh3.googleusercontent.com/contacts/AG6tpzH_-JskgToP1BqbAOhF9Cdhd1daEpDqN1kbbMPd3EiNmlzGl62B,* myContacts,* Other,Eran.Burns@betterplace.com,,,,,,,,,Pager,skype: eran.burns,Mobile,972 54 323 3083,Work,972 73 790 2185,,,,,,,,,,,,,,,,,,,,,,,,,,,,,,,,,,Manager,Tal Agassi,,,,,,,,,,,,
Eran,,Chriqui,,,,,,,,,,,,,,* myContacts,* Work,eranc@google.com,,,,,,,,,Home,+972 (50) 2003660,,,,,,,,,,,,,,,,,,,,,,,,,,,,,,,,,,,,,,,,,,,,,,,,,,,
Eran,,Cohen,,,,,,,,,,,,Exchange E-mail Address: /o=BetterPlace/ou=Exchange Administrative Group (FYDIBOHF23SPDLT)/cn=Recipients/cn=eranc,,* myContacts,* Other,Eran.Cohen@betterplace.com,,,,,,,,,Mobile,548300675,Work,972 73 7902549,,,,,,,,,,,,,,,,,,,,,,,,,,,,,,,,,,,,,,,,,,,,,,,,,
Eran,,Davidovich,,,,,,,,,,,,,,Imported on 4/29 ::: * myContacts,* ,erandav@waze.com,Work,erandav@google.com,,,,,,,Work,+972 74-746-6619,,,,,,,,,,,,,,,,,,,,,,,,,,,,,,,,,,,,,,,,,,,,,,,,,,,
Eran,,Dukas,,,,,,,,,,, --03-31,,https://lh3.googleusercontent.com/contacts/AG6tpzEjmGosIAP7xj-sEtBtuNwBPnoWaVJPITm5mKl7dFnma7ZS3sxu,Imported 8/1/13 ::: Imported on 4/29 ::: * myContacts,* Other,eran.dukas@gmail.com,,,,,,,,,,,,,,,,,,,,,,,,,,,,,,,,,,,,,,,,,,,,,,,,,,,,,fb://profile/751279310,,,,,,,,
Eran,,Gat,,,,,,,,,,,,,,Imported on 4/29 ::: * myContacts,* ,erangat@waze.com,Work,erangat@google.com,,,,,,,Mobile,+972545396334,,,,,,,,,,,,,,,,,,,,,,,,,,,,,,,,,,,,,,,,,,,,,,,,,,,
Eran,,Genzel,,,,,,,,TopCo,System Engineer,R&D,,Exchange E-mail Address: /o=BetterPlace/ou=Exchange Administrative Group (FYDIBOHF23SPDLT)/cn=Recipients/cn=EranG,https://lh3.googleusercontent.com/contacts/AG6tpzEDo7oxonJ35Olf5H5cKpK0PN93yqDk6pqBBuFqWVtRjxbWXUDx,* myContacts,* Other,Eran.Genzel@betterplace.com,,,,,,,,,Pager,skype: genzel.eran,Mobile,972 54 809 0766,Work,972 73 790 2186,,,,,,,,,,,,,,,,,,,,,,,,,,,,,,,,,,Manager,Tal Agassi,,,,,,,,,,,,
Eran,,Issler,,,,,,,,Presssense,Professional Services Project Manager,,1973-07-28,<sn>id:724749409/friendof:809988573</sn>,https://lh3.googleusercontent.com/contacts/AG6tpzGAr_LGfRAKdrrTxcVl18J0zMAqUh6vUj89Kb9bKQQT-8bI2ha7,Imported 8/1/13 ::: Imported on 4/29 ::: * myContacts,* Other,eran.issler@gmail.com,,,,,,,,,Mobile,+972 (52) 5816935,Other,eran-issler,Home,972776621135,,,,,,,,,,,,,,,,,,,,,,,,,,,,,,,,,,,,,,Other,fb://profile/724749409,,,,,,,,
Eran,,Schentag,,,,,,,,OpCo,Acquisition Manager,Ops,,Exchange E-mail Address: /o=BetterPlace/ou=Exchange Administrative Group (FYDIBOHF23SPDLT)/cn=Recipients/cn=Erans,https://lh3.googleusercontent.com/contacts/AG6tpzE_cQD5NCQ7l_N3JqLHICLx3J4vbWYGcqqPCbV7sXh3bnrGkUTo,* myContacts,* Other,Eran.Schentag@betterplace.com,,,,,,,,,Pager,Skype: Eran.schentag,Mobile,972 54 323 3073,Work,972 73 790 2134,,,,,,,,,,,,,,,,,,,,,,,,,,,,,,,,,,Manager,Pini Liberman,,,,,,,,,,,,
Eran,,Vaisfiler,,,,,,,,,,,,,,Imported on 4/29 ::: * myContacts,,,,,,,,,,,,+972 50-435-2274,,,,,,,,,,,,,,,,,,,,,,,,,,,,,,,,,,,,,,,,,,,,,,,,,,,
Eran,,Yaniv,,,,,,,,Perfecto Mobile,CEO,,,,https://lh3.googleusercontent.com/contacts/AG6tpzEhWpkuBLuDT1tX1z9TyjBHeUOFO5jw10lQUvEHGthB_teaJntT,Imported 8/1/13 ::: Imported on 4/29 ::: * myContacts,* Other,erany@perfectomobile.com,Other,eyaniv1@yahoo.com,,eyaniv1@gmail.com,,,,,Mobile,eyaniv1 ::: +972547592645,Work,+17815471915,,,,,,,,,Work,United States of America,,,,,,United States of America,,,,,,,,,,,,,,,,,,,,,,,,Other,fb://profile/718213318,,,,,,,,
Eran,,zini,,,,,,,,OpCo,Regulation Manager,G&A,,Exchange E-mail Address: /o=BetterPlace/ou=Exchange Administrative Group (FYDIBOHF23SPDLT)/cn=Recipients/cn=Eranz,https://lh3.googleusercontent.com/contacts/AG6tpzEkL9oOup-CEJ_m6ZVRJXDHT61LQ6MwMfMzyUibXf5aOTrGIsaf,* myContacts,* Other,Eran.zini@betterplace.com,,,,,,,,,Pager,Skype: Eran.zini,Mobile,972 54 323 3062,Work,972 73 790 2165,,,,,,,,,,,,,,,,,,,,,,,,,,,,,,,,,,Manager,Ziva Patir,,,,,,,,,,,,
Erel,,Sherman,,,,,,,,,,,,,,Imported on 4/29 ::: * myContacts,* Work,erel@google.com,Home,erel.sherman@gmail.com,,,,,,,Mobile,+972 54‑227‑5845,,,,,,,,,,,,,,,,,,,,,,,,,,,,,,,,,,,,,,,,,,,,,,,,,,,
Erez,,Bashan,,,,,,,,,,,,"Group: R&D 
Israeli Mobile: 972.52.3680554
Mobile: +972.52.3680554",https://lh3.googleusercontent.com/contacts/AG6tpzHZJJBuef566Hj17cX3FBxkR6BHx5czvnFQseGhQ7xpJvQ2jWIB,* myContacts,* Other,erez@waze.com,,,,,,,,,Mobile,+972-52-3680554,,,,,,,,,,,Home,"1528 Custis Ct
Atlanta, GA
United States of America ::: 40 חפץ חיים
רעננה",1528 Custis Ct ::: 40 חפץ חיים,Atlanta ::: רעננה, ::: ,GA ::: , ::: ,United States of America ::: , ::: ,Other,"325 TROWBRIDGE WALK
ATLANTA, GA 30350
United States of America",325 TROWBRIDGE WALK,ATLANTA,,GA,30350,United States of America,,,,,,,,,,,,,,,Other,fb://profile/809988573,,,,,,,,
Erez,,Bashan,,,,,,,,waze,Programmer,,,"Group: R&D 
Israeli Mobile: 972.52.3680554
Mobile: +972.52.3680554",https://lh3.googleusercontent.com/contacts/AG6tpzFF7ZfLNJxTPMhas9jV4Je6lHaLWgM3rrTXeB_ktKNCwAexdrD3,* myContacts,* Work,erezbashan@google.com,Other,erezb@waze.com,Home,erez.bashan@gmail.com,,,,,Mobile,+972-52-3680554,,,,,,,,,,,Other,"325 TROWBRIDGE WALK
ATLANTA, GA 30350
United States of America",325 TROWBRIDGE WALK,ATLANTA,,GA,30350,United States of America,,Home,"1528 Custis Ct
Atlanta, GA
United States of America ::: 40 חפץ חיים
רעננה",1528 Custis Ct ::: 40 חפץ חיים,Atlanta ::: רעננה, ::: ,GA ::: , ::: ,United States of America ::: , ::: ,,,,,,,,,,,,,,Other,fb://profile/809988573,,,,,,,,
Erez,,Bashan,,,,,,,,קרקז,,,,"Old:

Home 770 913 0174
Mobile 404 386 3982",,Imported 8/1/13 ::: wednesdaynightsoccer ::: Waze ::: Imported 3/19/12 ::: Imported on 4/29 ::: * myContacts,* Home,erez.bashan@gmail.com,,,,,,,,,Mobile,+972-52-3680554,,,,,,,,,,,Home,"1528 Custis Ct
Atlanta, GA
US ::: 325 TROWBRIDGE WALK
ATLANTA, GA 30350
US ::: 412 Parker St Unit 'M'
Newton, MA 02459
US",1528 Custis Ct ::: 325 TROWBRIDGE WALK ::: 412 Parker St Unit 'M',Atlanta ::: ATLANTA ::: Newton, :::  ::: ,GA ::: GA ::: MA, ::: 30350 ::: 02459,US ::: US ::: US, :::  ::: ,,,,,,,,,,,,,,,,,,,,,,,,,,,,,,,,
Erez,,Basketball,,,,,,,,,,,,,,* myContacts,,,,,,,,,,,Mobile,052-264-4250,,,,,,,,,,,,,,,,,,,,,,,,,,,,,,,,,,,,,,,,,,,,,,,,,,,
Erez,,Hershkovitz,,,,,,,,NetTranslators,Project Manager,,,erez@safot.com,,Imported 8/1/13 ::: Imported on 4/29 ::: * myContacts,* Other,erez@safot.com,,,,,,,,,Mobile,+972 (52) 8901818,Radio,erezdorit,,,,,,,,,,,,,,,,,,,,,,,,,,,,,,,,,,,,,,,,,,,,,,,,,
Erez,,Izenberg,,,,,,,,Marvell,Senior Principal Architect,,,,https://lh3.googleusercontent.com/contacts/AG6tpzH4YuD0znuDp6zO3WWUn9zRd3-_BCYK2lmSmv8FSHQmpAet9Rx4,Imported 8/1/13 ::: Imported on 4/29 ::: * myContacts,* Other,erez.izenberg@gmail.com,Other,Erez_Izenberg@iamba.com,,,,,,,Home,+972 (3) 5590586,Mobile,+972 (54) 5881746,,,,,,,,,,,,,,,,,,,,,,,,,,,,,,,,,,,,,,,,Other,fb://profile/643532627,Sync.ME profile,http://sync.me/profile/2RJ_vd1RuVby3gfywylfQTgSJ28TQmK72eP-SpaHpkJ-OEuWBwZazBux,,,,,,
Erez,,Mizrachi,,,,,,,,,,,,,,Imported 8/1/13 ::: Imported on 4/29 ::: * myContacts,* Other,mzerez@gmail.com,,,,,,,,,,,,,,,,,,,,,,,,,,,,,,,,,,,,,,,,,,,,,,,,,,,,,,,,,,,,,
Erez,,Pyetan,,,,,,,,,,,,"ד""ר ארז פייטן
ראש מסלול הפיסיקה
יו""ר ועדת הוראה בתכנית ""מדעני העתיד""
היחידה לנוער שוחר מדע, אוניברסיטת תל אביב",https://lh3.googleusercontent.com/contacts/AG6tpzGMIs3aH5QU0oWJfNgAMERxT7HFRp9TJBIAZMiTcoGm21Vt1IVw,Imported 8/1/13 ::: Imported on 4/29 ::: * myContacts,* ,erezpyet@mail.tau.ac.il,,erezpy@gmail.com,,,,,,,,,,,,,,,,,,,,,,,,,,,,,,,,,,,,,,,,,,,,,,,,,,,,,,,,,,,
Erez,,Shachar,,,,,,,,Evergreen Venture Partners,Managing Partner,,,,https://lh3.googleusercontent.com/contacts/AG6tpzH1oZjPmk33TQmUYdd_hTM4ZC3RynpX8-Rm0ZBh2-4iFg1XRbX-,Imported 8/1/13 ::: Imported on 4/29 ::: * myContacts,* Other,eshachar@evergreen.co.il,,,,,,,,,Mobile,+972 (54) 4273222,Work,+972 3 710 8221 ::: +1 (646) 509 0615,Radio,erez_evergreen,Work Fax,+972 3 710 8212,,,,,Work,"96 Rothchild Blvd.
Tel Aviv 65224
Israel",96 Rothchild Blvd,Tel Aviv,,,65224,Israel,,,,,,,,,,,,,,,,,,,,,,,,Home Page,http://www.evergreen.co.il,Profile,http://www.google.com/profiles/105613042837259939479,,,,,,
Erez,,Tatcher,,,,,,,,AgileSparks,CEO,,,"Monday, August 04, 2008 9:22 PM:


------------------------------------------------------------------",https://lh3.googleusercontent.com/contacts/AG6tpzEmhQxZnq3N1lw9P9moX2qH9GfdbvAn3EfxsmTk1ZiUjfutp85d,Imported 8/1/13 ::: Imported on 4/29 ::: * myContacts,* Other,erez@agilesparks.com,,,,,,,,,Mobile,+972 52-2431404,,,,,,,,,,,,,,,,,,,,,,,,,,,,,,,,,,,,,,,,,,,,,,,,,,,
Erez,,Yehuda,,,,,,,,TEOCO,"Country  Manager, Australia and New Zealand",,,LinkedIn Profile: https://www.linkedin.com/profile?viewProfile=&key=2756623,,Imported 8/1/13 ::: Imported on 4/29 ::: * myContacts,* Other,erez_yehuda@hotmail.com,,,,,,,,,Radio,erez.michal,,,,,,,,,,,,,,,,,,,,,,,,,,,,,,,,,,,,,,,,,,Sync.ME profile,http://sync.me/profile/bH7efuuPm9Mc17v2SK5FZ-GWaNXNtJ3AwA,,,,,,,,
,,,,,,,,,,docs.google.com,,,,,,Imported 8/1/13 ::: Imported on 4/29 ::: * myContacts,* Other,Erez+Bashan-05532600199669606455-Bqt6qsxb@prod.writely.com,,,,,,,,,,,,,,,,,,,,,,,,,,,,,,,,,,,,,,,,,,,,,,,,,,,,,,,,,,,,,
Eric,,Klein,,,,,,,,Greenfield Technology,Sr. Consultant / VP Sales and Marketing,,,LinkedIn Profile: https://www.linkedin.com/profile?viewProfile=&key=1920967,,Imported 8/1/13 ::: Imported on 4/29 ::: * myContacts,* Other,ericlklein.il@gmail.com,Other,ericlklein@softhome.net,,,,,,,Radio,ericlklein,,,,,,,,,,,,,,,,,,,,,,,,,,,,,,,,,,,,,,,,,,Sync.ME profile,http://sync.me/profile/IPi3evVEtt9MCnhheEW-M86CfmidvIpv,,,,,,,,
Eric,M.,Ruiz,,,,,,,,,,,1987-11-10,,,Imported 8/1/13 ::: Imported on 4/29 ::: * myContacts,* ,ericruiz@google.com,Other,eric@waze.com,,,,,,,,,,,,,,,,,,,,,,,,,,,,,,,,,,,,,,,,,,,,,,,,,,Other,www.waze.com ::: www.ericmruiz.com ::: twitter.com/EricMartinRuiz,,,,,Photo,https://lh4.googleusercontent.com/-G2HCdJX4hQo/WceSL7GBX0I/AAAAAAAAAAA/Q2zK96E5zh0vqLyf59JdmTZJeEqSd6fzQCOQCEAE/photo.jpg,,
Eric,,Margolis,,,,,,,,,,,,,,Imported 8/1/13 ::: Imported on 4/29 ::: * myContacts,* Other,margolis@foreigncorrespondent.com,,,,,,,,,,,,,,,,,,,,,,,,,,,,,,,,,,,,,,,,,,,,,,,,,,,,,,,,,,,,,
Eric,,Thibodeau,,,,,,,,Xerox,Workflow Product Manager,,,,,Imported 8/1/13 ::: Imported on 4/29 ::: * myContacts,* Other,Eric.Thibodeau@xerox.com,,,,,,,,,Work,+1 (310) 3337484,,,,,,,,,,,,,,,,,,,,,,,,,,,,,,,,,,,,,,,,,,,,,,,,,,,
erogue,,,,,,,,,,,,,,Exchange E-mail Address: /o=BetterPlace/ou=Exchange Administrative Group (FYDIBOHF23SPDLT)/cn=Recipients/cn=erogue,,* myContacts,* Other,erogue@betterplace.com,,,,,,,,,,,,,,,,,,,,,,,,,,,,,,,,,,,,,,,,,,,,,,,,,,,,,,,,,,,,,
Eshed,,Yehoodit,,,,,,,,,,,,,https://lh3.googleusercontent.com/contacts/AG6tpzFgQD8CQ2OTJ_MJEi1Npt9KNGxsICrydc1IgOXQc2wGcURlbMOU,Imported 8/1/13 ::: Imported on 4/29 ::: * myContacts,,,,,,,,,,,Mobile,+972 (54) 4639000,Work,+972 (3) 5406539,,,,,,,,,Work,"Binyamini Tzvi 2
Ramat, Hasharon
United States of America",2 Binyamini Tzvi,"Ramat, Hasharon",,,,United States of America,,,,,,,,,,,,,,,,,,,,,,,,Profile,http://www.google.com/profiles/106493689708209288193,,,,,,,,
Ester And Dov,,Chacham,,,,,,,,,,,,,,Imported 8/1/13 ::: Imported on 4/29 ::: * myContacts,* ,esther_h@netvision.net.il,,,,,,,,,Home,+ 972 8 9495281,,,,,,,,,,,,,,,,,,,,,,,,,,,,,,,,,,,,,,,,,,,,,,,,,,,
Esther,,Chacham,,,,,,Esther,,,,,,,,Imported 8/1/13 ::: Imported on 4/29 ::: * myContacts,* Home,estherh@netvision.net.il,,,,,,,,,,,,,,,,,,,,,,,,,,,,,,,,,,,,,,,,,,,,,,,,,,,,,,,,,,,,,
Esty,,Agmon,,,,,,,,Retalix,Project Manager,,,<sn>id:625650937/friendof:809988573</sn>,https://lh3.googleusercontent.com/contacts/AG6tpzH6TwO1bYGEhHKtxpcSc8Uqq-RX80hUoqO0ZerqUEVMjPerN-w9,Imported 8/1/13 ::: Imported on 4/29 ::: * myContacts,* Other,esty@press-sense.com,,,,,,,,,Mobile,+972 54-7719062,,,,,,,,,,,,,,,,,,,,,,,,,,,,,,,,,,,,,,,,,,Other,fb://profile/625650937,,,,,,,,
Esty,,Heitner,,,,,,,,Shutafut,Owner,,,,https://lh3.googleusercontent.com/contacts/AG6tpzGxhh6ZJup3nHPoz84C5O9cRxBdGx_BgLooKQQpvDquISteD0D-,Imported 8/1/13 ::: Imported on 4/29 ::: * myContacts,* Other,emda@netvision.net.il,Other,esty@shutafut.co.il,,cb63f430-f700-4986-8295-4583a240399b@reply.linkedin.com,,,,,Mobile,+972 (54) 2382729,,,,,,,,,,,,,,,,,,,,,,,,,,,,,,,,,,,,,,,,,,Other,fb://profile/715812772,,,,,,,,
Ethan,,Groveman,,,,,,,,Better Place Inc.,Contractor,Product Marketing,,Exchange E-mail Address: /o=BetterPlace/ou=Exchange Administrative Group (FYDIBOHF23SPDLT)/cn=Recipients/cn=egroveman,https://lh3.googleusercontent.com/contacts/AG6tpzH6BZ1VHJ8nZUZj1ghafBJZlCu8rroX89prvRX83i-Zsih8DScr,* myContacts,* Other,Ethan.Groveman@betterplace.com,,,,,,,,,Mobile,1 203 339 2955,Work,1 650 845 2800,,,,,,,,,Work,"1070 Arastradero Road, Suite 220
Palo Alto, California 94304
United States",Suite 220 1070 Arastradero Road,Palo Alto,,CA,94304,United States,,,,,,,,,,,,,,,,,,,,,,,,,,,,,,,,,
Etty,,Afriat,,,,,,,,,,,,,,Imported 8/1/13 ::: Imported on 4/29 ::: * myContacts,* Other,etty@press-sense.com,,,,,,,,,Mobile,+972 54-6620320,,,,,,,,,,,,,,,,,,,,,,,,,,,,,,,,,,,,,,,,,,,,,,,,,,,
Etty,,Bielak,,,,,,,,,,,,,,Imported on 4/29 ::: * myContacts,* Work,ettybielak@gmail.com,,,,,,,,,Mobile,054-4929384,,,,,,,,,,,,,,,,,,,,,,,,,,,,,,,,,,,,,,,,,,,,,,,,,,,
Europecar Crete,,,,,,,,,,,,,,,,* myContacts,,,,,,,,,,,Mobile,+30 21 1190 3006,,,,,,,,,,,,,,,,,,,,,,,,,,,,,,,,,,,,,,,,,,,,,,,,,,,
EV_srvbpi-ex,,,,,,,,,,,,,,Exchange E-mail Address: /o=BetterPlace/ou=Exchange Administrative Group (FYDIBOHF23SPDLT)/cn=Recipients/cn=EV_srvbpi-ex,,* myContacts,* Other,EV_srvbpi-ex@betterplace.com,,,,,,,,,,,,,,,,,,,,,,,,,,,,,,,,,,,,,,,,,,,,,,,,,,,,,,,,,,,,,
Eva,,,,,,,,,,,,,,,https://lh3.googleusercontent.com/contacts/AG6tpzGiGjYMSAhSySNqtib0jsnLwV6GFozEYZ6dinB_cq3RUm003ar8,Imported 8/1/13 ::: Imported on 4/29 ::: * myContacts,,,,,,,,,,,Mobile,054-338-9309,,,,,,,,,,,,,,,,,,,,,,,,,,,,,,,,,,,,,,,,,,,,,,,,,,,
Evan,,Thornley,,,,,,,,Better Place Australia,Chief Executive Officer,Management,,Exchange E-mail Address: /o=BetterPlace/ou=Exchange Administrative Group (FYDIBOHF23SPDLT)/cn=Recipients/cn=ethornley,https://lh3.googleusercontent.com/contacts/AG6tpzH1H-YBHERpkPmXQhuUZ1laOfci6W_NRDEE_ph4NbqBNqli-2NJ,* myContacts,* Other,Evan.Thornley@betterplace.com,,,,,,,,,Pager,Skype: evan.thornley,Mobile,61 438 899 301,Work,61 3 86790802,Other Fax,61 3 86790880,,,,,Work,"114 Balmain Street
Cremorne, VIC 3121
Australia",114 Balmain Street,Cremorne,,VIC,3121,Australia,,,,,,,,,,,,,,,,,,,,,,,,,,,,,,,,,
Evelyn,,,,,,,,,,,,,,,,Imported on 4/29 ::: * myContacts,,,,,,,,,,,Mobile,053-3 359446,,,,,,,,,,,,,,,,,,,,,,,,,,,,,,,,,,,,,,,,,,,,,,,,,,,
Evgeny,,Andzhelo,,,,,,,,,,,,"Group: Map Team
Israeli Mobile: 972.54.4843705
Mobile: +972.54.4843705",,Imported 8/1/13 ::: Imported 3/19/12 ::: Imported on 4/29 ::: * myContacts,* Work,andzhelo@google.com,,anzhelo@waze.com,,,,,,,Mobile,+972 54-484-3705,,,,,,,,,,,,,,,,,,,,,,,,,,,,,,,,,,,,,,,,,,Profile,http://www.google.com/profiles/105700831114859528565,,,,,Photo,https://lh5.googleusercontent.com/-tr5E_vTRkzs/W1T4vMA8XsI/AAAAAAAAAAA/PSfpP6-X11cEgsEpNHPVytb65x9P42-agCOQCEAE/photo.jpg,,
Eyal,,Almog,,,,,,,,TopCo,BI Project Management,R&D,,Exchange E-mail Address: /o=BetterPlace/ou=Exchange Administrative Group (FYDIBOHF23SPDLT)/cn=Recipients/cn=eyalal,https://lh3.googleusercontent.com/contacts/AG6tpzHmcni_kiZTNO99Zy0CI_3iZ_c95v3Kj8yv2Bg_mGTBrFbhyTaS,* myContacts,* Other,Eyal.Almog@betterplace.com,,,,,,,,,Pager,Skype: Eyal.almog,Mobile,972 54 561 5648,Work,972 73 790 2166,,,,,,,,,,,,,,,,,,,,,,,,,,,,,,,,,,,,,,,,,,,,,,,
Eyal,,Azran,,,,,,,,TopCo,Information System Manager - Israel,G&A,,Exchange E-mail Address: /o=BetterPlace/ou=Exchange Administrative Group (FYDIBOHF23SPDLT)/cn=Recipients/cn=eyala,https://lh3.googleusercontent.com/contacts/AG6tpzGsAIH_pLqQUiSLsjbBhFEGqEYp1JXP2bM1jPit8Ig4ZW84iTr1,* myContacts,* Other,Eyal.Azran@betterplace.com,,,,,,,,,Pager,Skype: Eyalazran,Mobile,972 54 427 3717,Work,972 73 790 2126,,,,,,,Work,"Building #2
Kiriat Atidim
Tel Aviv
61581
Israel",Building #2 Kiriat Atidim Tel Aviv 61581,,,,,Israel,,,,,,,,,,,,,,,,,,,,Manager,Eitan Hon,,,,,,,,,,,,
Eyal,,Barkai,,,,,,,,OpCo,Infrastructure communication system,Ops,,Exchange E-mail Address: /o=BetterPlace/ou=Exchange Administrative Group (FYDIBOHF23SPDLT)/cn=Recipients/cn=EyalB,,* myContacts,* Other,Eyal.Barkai@betterplace.com,,,,,,,,,Pager,skype: barkai_e,Mobile,972 54 497 9705,Work,972 73 790 2171,,,,,,,,,,,,,,,,,,,,,,,,,,,,,,,,,,Manager,Pini Liberman,,,,,,,,,,,,
Eyal,,Brand,,,,,,,,,Noga's Sax Teacher,,,,,Imported 8/1/13 ::: Imported on 4/29 ::: * myContacts,,,,,,,,,,,Mobile,+972 52 834 7433,,,,,,,,,,,,,,,,,,,,,,,,,,,,,,,,,,,,,,,,,,,,,,,,,,,
Eyal,,Frolinger,,,,,,,,פרולינגר-רז ושות',Accountants,,,"רו""ח",,Imported 8/1/13 ::: Imported on 4/29 ::: * myContacts,* Home,eyalf@frolinger.co.il,,,,,,,,,Mobile,+972 50 5256143,Work,+972 3-5778000,,,,,,,,,Work,"רח' ששת הימים 28
בני ברק 51202 ::: רח' ששת הימים 28
בני ברק 51202","28 ששת הימים
רח ::: 28 ששת הימים
רח",בני ברק ::: בני ברק, ::: , ::: ,51202 ::: 51202, ::: , ::: ,,,,,,,,,,,,,,,,,,,,,,,,,,,,,,,,
Eyal,,Gersht,,,,,,,,,,,,"Group: R&D
Israeli Mobile: 972.54.6833785
Mobile: +972.54.6833785",,Imported 8/1/13 ::: Imported 3/19/12 ::: Imported on 4/29 ::: * myContacts,* ,eyalg@waze.com,Work,gersht@google.com,,eyal@gersht.com,,,,,,,,,,,,,,,,,,,,,,,,,,,,,,,,,,,,,,,,,,,,,,,,Profile,http://www.google.com/profiles/104918469226257023256,,,,,,,,
Eyal,,Greenglass,,,,,,,,,,,,,,Imported 8/1/13 ::: Imported on 4/29 ::: * myContacts,* Other,eyalgreenglass@hotmail.com,,eyal.greenglass@gmail.com,,,,,,,,,,,,,,,,,,,,,,,,,,,,,,,,,,,,,,,,,,,,,,,,,,,,,,,,,,,
Eyal,,Halachmi,,,,,,,,,,,,,,* myContacts,,,,,,,,,,,Other,0737895191,,,,,,,,,,,,,,,,,,,,,,,,,,,,,,,,,,,,,,,,,,,,,,,,,,,
Eyal,,Halahmi,,,,,,,,,,,,,,Imported 8/1/13 ::: Imported on 4/29 ::: * myContacts,* Other,eyal.halahmi@gmail.com,,,,,,,,,Mobile,+972 54-499-9683,,,,,,,,,,,,,,,,,,,,,,,,,,,,,,,,,,,,,,,,,,,fb://profile/639159751,,,,,,,,
Eyal,,Levy,,,,,,,,Iamba Technologies Ltd,CPA,,,,,Imported 8/1/13 ::: Imported on 4/29 ::: * myContacts,* Other,eyal@iamba.com,,,,,,,,,Work,+972 97668566 x ext 102,,,,,,,,,,,,,,,,,,,,,,,,,,,,,,,,,,,,,,,,,,,,,,,,,,,
Eyal,,Machluf,,,,,,,,,,,,,,Imported on 4/29 ::: * myContacts,* ,eyalmac@waze.com,Work,eyalmac@google.com,,,,,,,Mobile,+972544727769,,,,,,,,,,,,,,,,,,,,,,,,,,,,,,,,,,,,,,,,,,,,,,,,,,,
Eyal,,Mey-tal,,,,,,,,Press-Sense,,,,,https://lh3.googleusercontent.com/contacts/AG6tpzGgr5KiwVQAp8nbblXFpoU4m1Xi2vGwHX0Ndh64XqC_kzLCiHdK,Imported 8/1/13 ::: Imported on 4/29 ::: * myContacts,* Other,emeytal@gmail.com,,,,,,,,,Home,+972 (4) 9530116,Mobile,+972 (54) 7719187,Work,+972 (4) 6260318 x 125,Radio,eyal-meytal,,,,,,,,,,,,,,,,,,,,,,,,,,,,,,,,,,,,Other,fb://profile/1607824832,,,,,,,,
Eyal,,Perez,,,,,,,,TopCo,GIS project Manager,R&D,,Exchange E-mail Address: /o=BetterPlace/ou=Exchange Administrative Group (FYDIBOHF23SPDLT)/cn=Recipients/cn=Eyalpe,https://lh3.googleusercontent.com/contacts/AG6tpzGrT6BfD7JOgF70AZyW3lSRctHF_djcpdRMuAoMP71odp37qSj1,* myContacts,* Other,Eyal.Perez@betterplace.com,,,,,,,,,Pager,Skype: Eyal.Perez,Mobile,972 54 323 3075,Work,972 73 790 2128,,,,,,,,,,,,,,,,,,,,,,,,,,,,,,,,,,,,,,,,,,,,,,,
Eyal,,Raz,,,,,,,,פרולינגר-רז ושות',Accountants,,,"רו""ח",,Imported 8/1/13 ::: Imported on 4/29 ::: * myContacts,* Work,eyalr@frolinger.co.il,,,,,,,,,Work,+972 3-5778000,,,,,,,,,,,Work,"רח' ששת הימים 28
בני ברק 51202","28 ששת הימים
רח",בני ברק,,,51202,,,,,,,,,,,,,,,,,,,,,,,,,,,,,,,,,,
Eyal,,Schwartz,,,,,,,,,,,,,,Imported on 4/29 ::: * myContacts,* ,eyal@schwarz5.com,,,,,,,,,Mobile,+972 54-330-2210,,,,,,,,,,,,,,,,,,,,,,,,,,,,,,,,,,,,,,,,,,,,,,,,,,,
Eyal,,Shalom,,,,,,,,RadView,"Sales Manager, Israel",,,,https://lh3.googleusercontent.com/contacts/AG6tpzEuMhHV_jLh-Wmv2YBRUfxuOzC_iBNkKDfL1eeuueNezufjxX36,Imported 8/1/13 ::: Imported on 4/29 ::: * myContacts,* Other,eyals@RadView.com,,,,,,,,,Mobile,+972 54.492.0551,Work,+972 3.915.7236,,,,,,,,,,,,,,,,,,,,,,,,,,,,,,,,,,,,,,,,,,,,,,,,,
Eyran,,Blumberg,,,,,,,,,,,,,,Imported 8/1/13 ::: Imported on 4/29 ::: * myContacts,* Other,eyran.blumberg@onsettechnology.com,,,,,,,,,Work,+972 (9) 9561615,,,,,,,,,,,,,,,,,,,,,,,,,,,,,,,,,,,,,,,,,,,,,,,,,,,
Fej,(Yuval),Shmuelevitz,,,,,,,,waze,VP Community and Operations,,,"Group: US - Operations
Israeli Mobile: 972.54.4322540
US Mobile: 1.646.4650051
Mobile: +972.54.4322540",https://lh3.googleusercontent.com/contacts/AG6tpzGbQt5MBbImDFklawHYQq9p_KsZvZL0ZvUTqRUS9aM8OWkAxgis,Imported 8/1/13 ::: Waze ::: Imported 3/19/12 ::: new version ::: Imported on 4/29 ::: * myContacts,* ,fej@wazearchive.goog,Work,fej@google.com,Other,fej.shmuelevitz@gmail.com ::: fej@linqmap.com,Obsolete,fej@waze.com,,,Work,+972 (3) 7663320,Other,+1 646 465 0051,Home,+972-3-5473578,Mobile,+972-54-4322540,,,,,Home,"ישראל גלילי 4 רמה""ש",4 ישראל גלילי,"רמה""ש",,,,ישראל,,,,,,,,,,,,,,,,,,,,,,,,Other,fb://profile/532379676,Profile,http://www.google.com/profiles/118121277701795607385 ::: http://www.google.com/profiles/106225212395138829194,,,,,,
Felicity,,Izhari,,,,,,,,OpCo,Marketing Analyst,Marketing,,Exchange E-mail Address: /o=BetterPlace/ou=Exchange Administrative Group (FYDIBOHF23SPDLT)/cn=Recipients/cn=felicityt,,* myContacts,* Other,Felicity.Izhari@betterplace.com,,,,,,,,,Mobile,972 54 442 5628,Work,972 73 790 2286,,,,,,,,,,,,,,,,,,,,,,,,,,,,,,,,,,,,Manager,Yishai Horn,,,,,,,,,,,,
Felix,,Kocherovsky,,,,,,,,,,,,Exchange E-mail Address: /o=BetterPlace/ou=Exchange Administrative Group (FYDIBOHF23SPDLT)/cn=Recipients/cn=felixk,,* myContacts,* Other,Felix.Kocherovsky@betterplace.com,,,,,,,,,,,,,,,,,,,,,,,,,,,,,,,,,,,,,,,,,,,,,,,,Manager,Tamir Khason,,,,,,,,,,,,
Finance,,Fax,,,,,,,,,,,,Exchange E-mail Address: /o=BetterPlace/ou=Exchange Administrative Group (FYDIBOHF23SPDLT)/cn=Recipients/cn=FinFax,,* myContacts,* Other,Finance.Fax@betterplace.com,,,,,,,,,,,,,,,,,,,,,,,,,,,,,,,,,,,,,,,,,,,,,,,,,,,,,,,,,,,,,
Floyd,,Kopf,,,,,,,,,Accountant,,,,,Imported 8/1/13 ::: Imported on 4/29 ::: * myContacts,* Other,floyd.kopf@worldnet.att.net,,,,,,,,,Home,+1 (770) 939-9488,Work,+1 (770) 491-8101,Work Fax,+1 (770) 491-1147,,,,,,,Other,"PO Box 1574
Tucker, GA 30085-1574
United States of America","1574
PO Box 1574",Tucker,,GA,30085,United States of America,,Work,"2936 Henderson Road
Tucker, GA 30084
United States of America",2936 Henderson Road,Tucker,,GA,30084,United States of America,,,,,,,,,,,,,,,,,,,,,,,,
Fred,,Leach,,,,,,,,Better Place Inc.,Marketing Specialist,Global Marketing,,Exchange E-mail Address: /o=BetterPlace/ou=Exchange Administrative Group (FYDIBOHF23SPDLT)/cn=Recipients/cn=fleach,https://lh3.googleusercontent.com/contacts/AG6tpzG5PyI00YbSkhoCKNlepOACbLYeCHRGxUYDilmS9OzeWDlkrs7P,* myContacts,* Other,Fred.Leach@betterplace.com,,,,,,,,,Pager,Skype: fredleach,Mobile,1 650 319 5999,,,,,,,,,Work,"1070 Arastradero Road, Suite 220
Palo Alto, CA 94304
United States",Suite 220 1070 Arastradero Road,Palo Alto,,CA,94304,United States,,,,,,,,,,,,,,,,,,,,,,,,,,,,,,,,,
Friedhelm,,Hartmann,,,,,,,,HP,,,,,,Imported 8/1/13 ::: Imported on 4/29 ::: * myContacts,* Other,friedhelm.hartmann@hp.com,,,,,,,,,,,,,,,,,,,,,,,,,,,,,,,,,,,,,,,,,,,,,,,,,,,,,,,,,,,,,
Friel,,Jan,,,,,,,,Comverse,,,,,,Imported 8/1/13 ::: Imported on 4/29 ::: * myContacts,* Other,Jan.Friel@comverse.com,,,,,,,,,,,,,,,,,,,,,,,,,,,,,,,,,,,,,,,,,,,,,,,,,,,,,,,,,,,,,
Gabby,,Salton,,,,,,,,Emda,,,,,https://lh3.googleusercontent.com/contacts/AG6tpzH90QpKvtfMqXrfFHdQPStamTQsoOIxdTgRrV3kUo3yaZ1rFKc-,Imported 8/1/13 ::: Imported on 4/29 ::: * myContacts,* Other,gabby@emda.com,,,,,,,,,Mobile,+972 (54) 5220929,Work,+972 (9) 9577788 x 206,,,,,,,,,,,,,,,,,,,,,,,,,,,,,,,,,,,,,,,,,,,,,,,,,
Gabi,,Kazav,,,,,,,,,,,,,,Imported on 4/29 ::: * myContacts,* ,gabik@waze.com,Work,gabik@google.com,,,,,,,Mobile,+972 52-777-2457,,,,,,,,,,,,,,,,,,,,,,,,,,,,,,,,,,,,,,,,,,,,,,,,,,,
Gabriel,,Katz,,,,,,,,TTI - NA,Dev. Team Leader,,2006-09-01,,,Imported 8/1/13 ::: Imported on 4/29 ::: * myContacts,* Other,gabik@tti-telecom.com,,,,,,,,,Home,+1 (678) 528-7366,Mobile,+1 (770) 337-6097,Work,+1 (770) 206-4765,Work Fax,+1 (770) 206-4701,,,,,Home,"68696 Glen Parkway
Atlanta
GA
30328
United States of America",68696 Glen Parkway,Atlanta,,GA,30328,United States of America,,Work,"1000 Abernathy Rd.
Suite#1850
400 North Park
Atlanta
GA
30328
United States of America ::: 1000 Abernathy Rd.
Suite#1850
400 North Park
Atlanta, GA 30328
United States of America","1000 Abernathy Rd. Suite#1850 400 ::: Suite#1850
400 North Park
1000 Abernathy Rd",Atlanta ::: Atlanta, ::: ,GA ::: GA,30328 ::: 30328,United States of America ::: United States of America,North Park ::: ,,,,,,,,,,Manager,Amit Levy,,,,http://www.tti-telecom.com,Sync.ME profile,http://sync.me/profile/js5jm82scZrm2tqZPBtDUw3ra04EdIABAbrqvqXsyNPjTVjIpddbArrduvDN5F5dZJSe38fypA,,,,,,
Gabriel,,Schwartz,,,,,,,,,,,,Exchange E-mail Address: /o=BetterPlace/ou=Exchange Administrative Group (FYDIBOHF23SPDLT)/cn=Recipients/cn=gschwartz,,* myContacts,* Other,Gabriel.Schwartz@betterplace.com,,,,,,,,,Work,1 650 319 8199,,,,,,,,,,,,,,,,,,,,,,,,,,,,,,,,,,,,,,Manager,Merav Rotem-Naaman,,,,,,,,,,,,
Gabriela,,,,,,,,,,,nany,,,,,Imported 8/1/13 ::: Imported on 4/29 ::: * myContacts,* Work,gabriela@adinet.com.uy,,,,,,,,,Mobile,+972 54-9810600,,,,,,,,,,,,,,,,,,,,,,,,,,,,,,,,,,,,,,,,,,Profile,http://www.google.com/profiles/101138190699938709902,,,,,,,,
Gadi,,Bar,,,,,,,,בר-ריפוי,בעלים,,,,,Imported on 4/29 ::: * myContacts,* Other,gadibar64@gmail.com,,,,,,,,,,,,,,,,,,,,,Home,"Kfar Saba, Central District
Israel",,Kfar Saba,,Central District,,Israel,,,,,,,,,,,,,,,,,,,,,,,,,,,,,,Photo,https://lh4.googleusercontent.com/-NZXfE3M4V74/WceTDEVcsjI/AAAAAAAAAAA/aTVzIYxcNVM6_aEeVNuLWD_xh8ce2qyDACOQCEAE/photo.jpg,,
Gadi,,Bondarenko,,,,,,,,,,,,Exchange E-mail Address: /o=BetterPlace/ou=Exchange Administrative Group (FYDIBOHF23SPDLT)/cn=Recipients/cn=gadib,,* myContacts,* Other,Gadi.Bondarenko@betterplace.com,,,,,,,,,,,,,,,,,,,,,,,,,,,,,,,,,,,,,,,,,,,,,,,,,,,,,,,,,,,,,
Gadi,,Geffen,,,,,,,,,,,,LinkedIn Profile: https://www.linkedin.com/profile?viewProfile=&key=181079,https://lh3.googleusercontent.com/contacts/AG6tpzFbP7hAMpDjcPNTsajZjBYUQi4GsnkOlHBWhdtOiLkadP2NDmYu,Imported 8/1/13 ::: Imported on 4/29 ::: * myContacts,* Other,g_geffen@hotmail.com,Other,gad.geffen@gmail.com ::: gadi.goren@gmail.com ::: gadig@press-sense.com,,,,,,,Home,+972 (3) 903 7799,Mobile,+972 (54) 4529 336 ::: +972528345798,Radio,g_geffen,,,,,,,,,,,,,,,,,,,,,,,,,,,,,,,,,,,,,,Other,fb://profile/1368619693,,,,,,,,
Gadi,,Komet,,,,,,,,,,,,,,Imported 8/1/13 ::: Imported on 4/29 ::: * myContacts,* ,gadi.komet@amdocs.com,,,,,,,,,,,,,,,,,,,,,,,,,,,,,,,,,,,,,,,,,,,,,,,,,,,,,,,,,,,,,
Gadi,,Kovarsky,,,,,,,,Press-sense,iWay Product Manager - NA sales team,,2006-11-02,,,Imported 8/1/13 ::: Imported on 4/29 ::: * myContacts,* Other,gadik@taopix.com,,,,,,,,,Mobile,+1 (585) 530-9300,Work,+1 (619) 795 1455 ::: 585-530-9300,Other,+1 2124027343 ::: gadi_kovarsky,,,,,,,Work,"4540 East Talmadge drive
San Diego
CA
92116
United States of America",4540 East Talmadge drive,San Diego,,CA,92116,United States of America,,,,,,,,,,,,,,,,,,,,,,,,Other,fb://profile/831667146,,,,,,,,
Gadi,,Rotman,,,,,,,,R&D Israel,BI Project Management,R&D,,Exchange E-mail Address: /o=BetterPlace/ou=Exchange Administrative Group (FYDIBOHF23SPDLT)/cn=Recipients/cn=qvuser,,* myContacts,* Other,qvuser@betterplace.com,,,,,,,,,,,,,,,,,,,,,,,,,,,,,,,,,,,,,,,,,,,,,,,,,,,,,,,,,,,,,
Gadi Royz,,,,,,,,,,,,,,,,* myContacts,,,,,,,,,,,Mobile,+972523577757,,,,,,,,,,,,,,,,,,,,,,,,,,,,,,,,,,,,,,,,,,,,,,,,,,,
Gai,,Berkovich,,,,,,,,,,,,,,Imported on 4/29 ::: * myContacts,* ,gaib@waze.com,Other,gaib@google.com,,,,,,,Mobile,+972 54‑700‑0549,,,,,,,,,,,,,,,,,,,,,,,,,,,,,,,,,,,,,,,,,,,,,,,,Photo,https://lh3.googleusercontent.com/-AKR8BpNVRe4/V4yzE5pTuAI/AAAAAAAAAAA/YpJHT_LGraMX69J4H0inOs-IFp4FPRk8gCOQCEAE/photo.jpg,,
Gal,,Bashan,,,,,,Gal,,,,,,,,Imported on 4/29 ::: * myContacts,* ,gal.bashan2005@gmail.com,,gal.bashan42@gmail.com,,,,,,,Mobile,+972 54-215-6758,,,,,,,,,,,,,,,,,,,,,,,,,,,,,,,,,,,,,,,,,,,,,,,,,,,
Gal,,Brener,,,,,,,,,,,,,,Imported on 4/29 ::: * myContacts,* Home,golabre1@gmail.com,,,,,,,,,Home,058-6868681,,,,,,,,,,,,,,,,,,,,,,,,,,,,,,,,,,,,,,,,,,,,,,,,,,,
Gal,,Dayan,,,,,,,,Press-sense,Support Manager,,,,https://lh3.googleusercontent.com/contacts/AG6tpzGtSxPMqgOug9360wICeU8V77Rzc7a9egpNvptYosncT_EdQe3Q,Imported 8/1/13 ::: Imported on 4/29 ::: * myContacts,* Other,galdayan1@gmail.com,,,,,,,,,Mobile,+972 54 771 9118 ::: +972 54-971-7120,Work,+972 4-6260318 Ext 118,Work Fax,+972 4-6361540,,,,,,,Work,United States of America,,,,,,United States of America,,,,,,,,,,,,,,,,,,,,,,,,Other,http://www.press-sense.com ::: fb://profile/602552509,,,,,,,,
Gal,,Ehrlich,,,,,,,,Playtech,VP global services,,,,,Imported 8/1/13 ::: Imported on 4/29 ::: * myContacts,* Other,galehrlich@gmail.com,,,,,,,,,,,,,,,,,,,,,,,,,,,,,,,,,,,,,,,,,,,,,,,,,,,,,,,,,,,,,
Gal,,Eytam,,,,,,,,BetterPlace,accountant,,,Exchange E-mail Address: /o=BetterPlace/ou=Exchange Administrative Group (FYDIBOHF23SPDLT)/cn=Recipients/cn=Gale,,* myContacts,* Other,Gal.Eytam@betterplace.com,,,,,,,,,Pager,Skype: Gal.eytam,Mobile,+972 52 8066674,Work,+972 73 7902142,,,,,,,,,,,,,,,,,,,,,,,,,,,,,,,,,,Manager,Ran Matoki,,,,,,,,,,OpCo,,
Gal,Eytam,External,,,,,,,,,,,,,,Imported 8/1/13 ::: Imported on 4/29 ::: * myContacts,* ,gale@brooks-keret.co.il,,,,,,,,,,,,,,,,,,,,,,,,,,,,,,,,,,,,,,,,,,,,,,,,,,,,,,,,,,,,,
Gal,,Gutman,,,,,,,,,,,,Exchange E-mail Address: /o=betterplace/ou=exchange administrative group (fydibohf23spdlt)/cn=recipients/cn=galg,,* myContacts,* Other,Gal.Gutman@betterplace.com,,,,,,,,,,,,,,,,,,,,,,,,,,,,,,,,,,,,,,,,,,,,,,,,,,,,,,,,,,,,,
Gal,,Moshitch,,,,,,,,,,,,,,Imported on 4/29 ::: * myContacts,* ,galm@waze.com,Work,galm@google.com,,galmosh@gmail.com,,,,,Other,0545664234,,,,,,,,,,,,,,,,,,,,,,,,,,,,,,,,,,,,,,,,,,,,,,,,,,,
Gal,,Peleg,,,,,,,,Better Place Inc.,Intern,Engineering,,Exchange E-mail Address: /o=BetterPlace/ou=Exchange Administrative Group (FYDIBOHF23SPDLT)/cn=Recipients/cn=gpeleg,https://lh3.googleusercontent.com/contacts/AG6tpzEsx1GsubPIAqnPahIFAQvu9_hVMHfP2oBC5EdlgBGlijYEqxWZ,* myContacts,* Other,Gal.Peleg@betterplace.com,,,,,,,,,Pager,Skype: gal-peleg,Mobile,1 650 823 1255,,,,,,,,,Work,"1070 Arastradero Road, Suite 220
Palo Alto, California 94304
United States",Suite 220 1070 Arastradero Road,Palo Alto,,CA,94304,United States,,,,,,,,,,,,,,,,,,,,,,,,,,,,,,,,,
Gal,,Perl,,,,,,,,TopCo,CC Product definition,R&D,,Exchange E-mail Address: /o=BetterPlace/ou=Exchange Administrative Group (FYDIBOHF23SPDLT)/cn=Recipients/cn=galp,https://lh3.googleusercontent.com/contacts/AG6tpzGqAjk0qKz5tmnedLC3QuDkjayi8ozRUbxfc72eS9ynMfStxop7,* myContacts,* Other,Gal.Perl@betterplace.com,,,,,,,,,Mobile,+972 (54) 227 7563,Work,+972 (73) 790 2203,,,,,,,,,,,,,,,,,,,,,,,,,,,,,,,,,,,,Manager,Barak Hershkovitz,,,,,,,,,,,,
Gal,,Pour,,,,,,,,,,,,"Group: HR & Welfare
Israeli Mobile: 972.54.7766514
Mobile: +972.54.7766514",https://lh3.googleusercontent.com/contacts/AG6tpzHYTT4uEiygsk_XUKyqa-v1cGZiyijWr19MKa59lbWue9PdeXBD,Imported 8/1/13 ::: Waze ::: Imported 3/19/12 ::: Imported on 4/29 ::: * myContacts,* Other,galp@waze.com,Other,galpour@gmail.com,,gal@wazearchive.goog,Obsolete,gal@waze.com,,,Home,+972-9-8912485,Mobile,+972-54-7766514,,,,,,,,,Home,"אלמוגן 10, אבן יהודה",10 אלמוגן,אבן יהודה,,,,,,,,,,,,,,,,,,,,,,,,,,,,,,,,,,,,,
Gal,,Yoel,,,,,,,,OpCo,Acquisition Representative,Infrastructure Team: Acquisition,,Exchange E-mail Address: /o=BetterPlace/ou=Exchange Administrative Group (FYDIBOHF23SPDLT)/cn=Recipients/cn=galy,https://lh3.googleusercontent.com/contacts/AG6tpzEoIk9YNov87YFOO5PaWELLSee7hO_RgXScHhDhdyYlpRyNTYMG,* myContacts,* Other,Gal.Yoel@betterplace.com,,,,,,,,,Mobile,972 54 765 8013,Work,972 73 790 2592,,,,,,,,,,,,,,,,,,,,,,,,,,,,,,,,,,,,Manager,Hanan Schlesinger,,,,,,,,,,,,
Gali,,Alfasi,,,,,,,,BP IL,Import Manager,Sales,,Exchange E-mail Address: /o=BetterPlace/ou=Exchange Administrative Group (FYDIBOHF23SPDLT)/cn=Recipients/cn=galia,https://lh3.googleusercontent.com/contacts/AG6tpzEad8W4hZ5PiU7Q2ELb35SeSIYk9OvSDQbMwWFnE8YLMD4n6ls6,* myContacts,* Other,Gali.Alfasi@betterplace.com,,,,,,,,,Mobile,054-2335180,Work,972 73 790 2587,,,,,,,,,,,,,,,,,,,,,,,,,,,,,,,,,,,,Manager,Asaf Onn,,,,,,,,,,,,
Galia,,Carmi,,,,,,,,,,,,,https://lh3.googleusercontent.com/contacts/AG6tpzGp453rt-c6RbXA1U_np_R8ncETPtnkkBL0sEFOjMMDd5QdaoUK,Imported 8/1/13 ::: Imported on 4/29 ::: * myContacts,* Other,carmirg@zahav.net.il,,,,,,,,,Home,+972 (3) 6748325,Mobile,+972 (52) 3458541,,,,,,,,,,,,,,,,,,,,,,,,,,,,,,,,,,,,,,,,,,,,,,,,,
Galia,,Mushinsky,,,,,,,,,,,,Exchange E-mail Address: /o=BetterPlace/ou=Exchange Administrative Group (FYDIBOHF23SPDLT)/cn=Recipients/cn=galiam,https://lh3.googleusercontent.com/contacts/AG6tpzGmOEQ2GnRH7NDQP6yCpATr5si9DjQaXGCzOLz4qJf5tHf8XzYY,* myContacts,* Other,Galia.Mushinsky@betterplace.com,,,,,,,,,Mobile,972 54 8395458,Work,972 73 7902702,,,,,,,,,,,,,,,,,,,,,,,,,,,,,,,,,,,,Manager,Sima Drori,,,,,,,,,,,,
Galit,,Arye,,,,,,,,Tmura ,,,,,,* myContacts,* ,GalitA@tmu.co.il,,,,,,,,,Mobile,054-728-3364,,,,,,,,,,,,,,,,,,,,,,,,,,,,,,,,,,,,,,,,,,,,,,,,,,,
Galit,,Hoffer,,,,,,,,TopCo,GIS Project Manager,R&D,,Exchange E-mail Address: /o=BetterPlace/ou=Exchange Administrative Group (FYDIBOHF23SPDLT)/cn=Recipients/cn=galith,https://lh3.googleusercontent.com/contacts/AG6tpzFNM5aXM13aKRrGv3xfNMPJuIxWDxoYK9_i6atj4RbW_qyETPWC,* myContacts,* Other,Galit.Hoffer@betterplace.com,,,,,,,,,Mobile,972 52 865 0324,Work,972 73 790 2554,,,,,,,,,,,,,,,,,,,,,,,,,,,,,,,,,,,,,,,,,,,,,,,,,
Galit,,Perlov,,,,,,,,Infineon Technologies Savan,H/W Design Engineer,,,,,Imported 8/1/13 ::: Imported on 4/29 ::: * myContacts,* Other,galit_alon@hotmail.com,Other,galit.perlov@infineon.com ::: galit.perlov@gmail.com,,,,,,,Home,+972 (3) 6775999,Mobile,+972 (64) 213933 ::: +972 (64) 213933,Work,+972 (9) 8924120,,,,,,,,,,,,,,,,,,,,,,,,,,,,,,,,,,,,,,Sync.ME profile,http://sync.me/profile/UwAroIeWLbkGjB_0qLXu5ds0FYbSJOqG8wACs4Cn1nGIXKB9yMfQFKH7RA,,,,,,,,
Galit,,Reshef,,,,,,,,Sela-Group,Business Partner Relations Manager,,,,https://lh3.googleusercontent.com/contacts/AG6tpzEhebGvug3022gZ0A_aeQqzV_ZMxAlp35Kcwq1xn49FQKzoQd1l,Imported 8/1/13 ::: Imported on 4/29 ::: * myContacts,* Other,galit@sela.co.il,,,,,,,,,Mobile,+972 54-3050817,,,,,,,,,,,,,,,,,,,,,,,,,,,,,,,,,,,,,,,,,,,,,,,,,,,
Galit,,Shaham,,,,,,,,,,,,"Group: R&D 
Israeli Mobile: 972.52.6134383
Mobile: +972.52.6134383",https://lh3.googleusercontent.com/contacts/AG6tpzGtnPjYBy7IlI0eZYS-fOhWFHeUAnXNNzCWabTBWF2LEwBgQJ5q,Imported 8/1/13 ::: Waze ::: Imported 3/19/12 ::: Imported on 4/29 ::: * myContacts,* Other,galit@waze.com,,,,,,,,,Mobile,+972-52-6134383,,,,,,,,,,,Home,"עזה 33, ירושלים",33 עזה,ירושלים,,,,,,,,,,,,,,,,,,,,,,,,,,,,,,,,,,,,,
Galit,,Stein,,,,,,,,TTI - NA,Integration Engineer,,2006-06-12,,,Imported 8/1/13 ::: Imported on 4/29 ::: * myContacts,* Other,galit_st@hotmail.com,,,,,,,,,Home,+972 (4) 6392417,Mobile,+1 (770) 823-1811,,,,,,,,,Home,"9112 Peachford Circle
Dunwoody
GA
30338
United States of America",9112 Peachford Circle,Dunwoody,,GA,30338,United States of America,,Work,"1000 Abernathy Rd.
Suite#1850
400 North Park
Atlanta
GA
30328
United States of America ::: 1000 Abernathy Rd.
Suite#1850
400 North Park
Atlanta, GA 30328
United States of America","1000 Abernathy Rd. Suite#1850 400 ::: Suite#1850
400 North Park
1000 Abernathy Rd",Atlanta ::: Atlanta, ::: ,GA ::: GA,30328 ::: 30328,United States of America ::: United States of America,North Park ::: ,,,,,,,,,,Manager,Ofer Reisman,,,,,,,,,,,,
Galit,,Zavdani,,,,,,,,,,,,Exchange E-mail Address: /o=BetterPlace/ou=Exchange Administrative Group (FYDIBOHF23SPDLT)/cn=Recipients/cn=GalitZ,https://lh3.googleusercontent.com/contacts/AG6tpzEki4H4Kg6OPhFmRVCXiTrGWZRQvpjcfqf9ui7cJ_8xCQeZsYgR,* myContacts,* Other,Galit.Zavdani@betterplace.com,,,,,,,,,Mobile,972 54 839 5711,Work,972 3 916 5711,,,,,,,,,,,,,,,,,,,,,,,,,,,,,,,,,,,,,,,,,,,,,,,,,
Galit,,Zwickel,,,,,,,,XMPie,,,,,,Imported 8/1/13 ::: Imported on 4/29 ::: * myContacts,* Other,galit.zwickel@xmpie.com,,,,,,,,,Mobile,+972 54 7717160,Work,+972 (9) 8858024 x 203,,,,,,,,,,,,,,,,,,,,,,,,,,,,,,,,,,,,,,,,,,,,,,,,,
Gan,,Orit,,,,,,,,,,,,,,Imported 8/1/13 ::: Imported on 4/29 ::: * myContacts,,,,,,,,,,,Home,097446701,Mobile,0502300399,Work,097418587,,,,,,,Work,"hahistadrut 6
ra'anana
43455
United States of America",hahistadrut 6 ra'anana 43455,,,,,United States of America,,,,,,,,,,,,,,,,,,,,,,,,,,,,,,,,,
,,Ganit,,,,,,,,BTC,,,,,,Imported 8/1/13 ::: Imported on 4/29 ::: * myContacts,* Other,ganitn@btc.co.il,,,,,,,,,Mobile,+972 (3) 7960317,,,,,,,,,,,,,,,,,,,,,,,,,,,,,,,,,,,,,,,,,,,,,,,,,,,
,,Gelvan,,,,,,,,,,,,,https://lh3.googleusercontent.com/contacts/AG6tpzFXjuhLCATpWvEFUy5daFbsFJxWQPeqhYBpPWoWVrmVmqEpsaQj,Imported 8/1/13 ::: Imported on 4/29 ::: * myContacts,* Other,Dang@aurum.co.il,,,,,,,,,Home,+972 (3) 547 2452,Mobile,+972 52 5244437,Assistant,+972 (54) 426 6070,Work,+972 3 5762420,,,,,,,,,,,,,,,,,,,,,,,,,,,,,,,,,,,,Other,fb://profile/671382011,,,,,,,,
Gena,,Minevich,,,,,,,,Progmatix Ltd,Co-CEO,,,"Gena Minevich,.
Office: 
Mobile: 
Fax: +972.9.951.5592
Skype ID: gena17
MSN: gena_minevich@hotmail.com
http://www.progmatix.com <http://www.progmatix.com/>",https://lh3.googleusercontent.com/contacts/AG6tpzGXDYkhzhlHtbsiv3l9a2O62HlYvhaGa3xj2p42K6FxeVEkYdhN,Imported 8/1/13 ::: Imported on 4/29 ::: * myContacts,* Other,gena@progmatix.com,,,,,,,,,Mobile,+972 54.664.2131,Work,+972 9.951.5591 (Ext. 103),,,,,,,,,,,,,,,,,,,,,,,,,,,,,,,,,,,,,,,,,,,,,,,,,
Genadi,,Torchinski,,,,,,,,,Saxophone Repair,,,,,Imported 8/1/13 ::: Imported on 4/29 ::: * myContacts,,,,,,,,,,,Mobile,+972 54-4417817,,,,,,,,,,,Home,"ארלוזורוב 44
כפר סבא",44 ארלוזורוב,כפר סבא,,,,,,,,,,,,,,,,,,,,,,,,,,,,,,,,,,,,,
Genady,,Beryozkin,,,,,,,,,,,,,https://lh3.googleusercontent.com/contacts/AG6tpzF-oYU9Jnzxqri2aTNkiyRWMEpT_FwBFFOIoHJZCLneJp2z_I14,Imported on 4/29 ::: * myContacts,* Other,genady@google.com,,,,,,,,,Mobile,054-458-4506,,,,,,,,,,,,,,,,,,,,,,,,,,,,,,,,,,,,,,,,,,,,,,,,,,,
Geoff,,Zippel,,,,,,,,Better Place Australia,Head of Deployment,Deployment,,Exchange E-mail Address: /o=BetterPlace/ou=Exchange Administrative Group (FYDIBOHF23SPDLT)/cn=Recipients/cn=gzippel,,* myContacts,* Other,Geoff.Zippel@betterplace.com,,,,,,,,,Mobile,61417 376 503,Work,61 3 86790807,Other Fax,61 3 86790880,,,,,,,Work,"114 Balmain Street
Cremorne, VIC 3121
Australia",114 Balmain Street,Cremorne,,VIC,3121,Australia,,,,,,,,,,,,,,,,,,,,Manager,Evan Thornley,,,,,,,,,,,,
George,,Eshed,,,,,,george,,,,,,,,* myContacts,* ,george@physitec.com,,,,,,,,,Mobile,+972054239000 ::: +972 54-423-9000,,,,,,,,,,,,,,,,,,,,,,,,,,,,,,,,,,,,,,,,,,,,,,,,,,,
George,,Grier,,,,,,,,BellSouth,,,,,,Imported 8/1/13 ::: Imported on 4/29 ::: * myContacts,* Other,George.Grier@BellSouth.com,Other,ggrier1@imcingular.com,,,,,,,Work,+1 (404) 986-9904,,,,,,,,,,,,,,,,,,,,,,,,,,,,,,,,,,,,,,,,,,,,,,,,,,,
Georgetta,,Stambaugh,,,,,,,,TTI-Telecom,Director Sales,,2006-08-03,,,Imported 8/1/13 ::: Imported on 4/29 ::: * myContacts,* Other,gettas@tti-telecom.com,Other,stambaugh@imcingular.com ::: stambau@bellsouth.net,,,,,,,Work Fax,+1 (770) 206-4701,Mobile,+1 (770) 823-1797,Pager,stambaugh@imcingular.com,Work,+1 (770) 206-4734,Home,+1 (770) 516-6287,,,Home,"3018 Lana Lane
Marietta
GA
30066
United States of America",3018 Lana Lane,Marietta,,GA,30066,United States of America,,Work,"1000 Abernathy Rd.
Suite#1850
400 North Park
Atlanta
GA
30328
United States of America",1000 Abernathy Rd. Suite#1850 400,Atlanta,,GA,30328,United States of America,North Park,,,,,,,,,,Manager,Moshe Moran,,,Sync.ME profile,http://sync.me/profile/KYc7zfLvWg-fLfpTm3T_7an5Wa2_JDIpT6roMRLvrQJzqjqP1yWt7Bsq9pLIIJoHRUvdK1654_ws,Other,http://www.tti-telecom.com,,,,,,
Gershon,,Alon,,,,,,,,Creo Print On-Demand Solutions Group,"Director, On-Demand Applications",,,,,Imported 8/1/13 ::: Imported on 4/29 ::: * myContacts,* Other,gershon.alon@creopod.com,,,,,,,,,Mobile,+972 505-333-298,Work,+972 9-959-7631,,,,,,,,,,,,,,,,,,,,,,,,,,,,,,,,,,,,,,,,,http://www.creopod.com,,,,,,,,
Gery,,Keinan,,,,,,,,,,,,,,Imported 8/1/13 ::: Imported on 4/29 ::: * myContacts,* ,geryk@b-soft.co.il,,,,,,,,,Work,+972 3 6331379,,,,,,,,,,,,,,,,,,,,,,,,,,,,,,,,,,,,,,,,,,,,,,,,,,,
Giddy,,Hollander,,,,,,,,Jacada,CEO,,,"Office in Atlanta: 770 352 1310 ext. 259
Mobile in Atlanta: 770 361 4834

Office in Atlanta: 770 352 1310 ext. 259
Mobile in Atlanta: 770 3614834",https://lh3.googleusercontent.com/contacts/AG6tpzH_JDOHuU9qZFrz95Hnbx1wp8-efP5XvndYCUcgQ4watan7Ejm2,Imported 8/1/13 ::: Imported on 4/29 ::: * myContacts,* Other,giddy@jacada.com,,,,,,,,,Home,+972 (9) 7411190,Mobile,+972 (54) 4649558,Work,+972 (9) 9525926,,,,,,,,,,,,,,,,,,,,,,,,,,,,,,,,,,,,,,Other,fb://profile/1530333063,Sync.ME profile,http://sync.me/profile/Yu3MSWGebbGJm4Insz4ZIDZdYlqwAy6ivzQKqPJn9ySTgnUkf1T_oX8rwwS9C44fhw,,,,,,
Gideon,,Avida,,,,,,,,,,,,,,Imported 8/1/13 ::: Imported on 4/29 ::: * myContacts,* Other,gideon@decru.com,,,,,,,,,,,,,,,,,,,,,,,,,,,,,,,,,,,,,,,,,,,,,,,,,,,,,,,,,,,,,
Gideon,Bar,Sinai,,,,,,,,,,,,,,Imported 8/1/13 ::: Imported on 4/29 ::: * myContacts,* Other,sinai@icomverse.com,,,,,,,,,Home,+972 (3) 9384062,,,,,,,,,,,,,,,,,,,,,,,,,,,,,,,,,,,,,,,,,,,,,,,,,,,
Gidi,,Cohen,,,,,,,,Skybox Security,CEO,,,"Headquarters:
35 Corporate Drive, 4th floor
Burlington, MA 01803, USA
Phone: (781) 685 4991   Fax: (781) 685 4601

R&D Center:
60 Medinat Hayehudim St.
Herzliya Pituach 46140, P.O.B 4109, Israel
Phone: 972 (9) 9545922/102   Fax:  972 (9) 9545933",https://lh3.googleusercontent.com/contacts/AG6tpzHjJtYYQS6kCmeQXZyzJKmk1Z72ZTwLXOf3v6_HjZkwQMddYJr0,Imported 8/1/13 ::: Imported on 4/29 ::: * myContacts,* Other,gidi@skyboxsecurity.com,,,,,,,,,Mobile,+972 (54) 5248447,Radio,gidicohen,,,,,,,,,,,,,,,,,,,,,,,,,,,,,,,,,,,,,,,,Sync.ME profile,http://sync.me/profile/OOJ_avJ28E1ql8Rslq9AoIRR3B8GtBTd8e2iopTIPeKKbfpWTg,,,,,,,,
gifted,,raanana,,,,,,,,,,,,,https://lh3.googleusercontent.com/contacts/AG6tpzFzZCrwtH6VOp3vIzeAncZa0mZffKV3-WGYxNtvkwEN0x6Q-A84,Imported 8/1/13 ::: Imported on 4/29 ::: * myContacts,* Other,gifted.raanana@gmail.com,Other,sigal.sirek@gmail.com,,,,,,,,,,,,,,,,,,,,,,,,,,,,,,,,,,,,,,,,,,,,,,,,,,,,,,,,,,,
Gil,,,,,,,,,,wednesdaynightsoccer,,,,,,Imported 8/1/13 ::: wednesdaynightsoccer ::: Imported on 4/29 ::: * myContacts,* Other,gilb@xsignnet.com,,,,,,,,,,,,,,,,,,,,,,,,,,,,,,,,,,,,,,,,,,,,,,,,,,,,,,,,,,,,,
Gil,,Disatnik,,,,,,,,,,,,,,Imported on 4/29 ::: * myContacts,* ,gild@waze.com,,gil@disatnik.com,Work,gild@google.com,,,,,Home,0544313373,,,,,,,,,,,,,,,,,,,,,,,,,,,,,,,,,,,,,,,,,,,,,,,,Photo,https://lh5.googleusercontent.com/-QZWElkEGjaU/V4ycHv3uucI/AAAAAAAAAAA/Hbu4FkSQQgMQiaaVdF5kwTZMm8CDNbNiACOQCEAE/photo.jpg,,
Gil,,Garibi,,,,,,,,,,,,,,Imported on 4/29 ::: * myContacts,* ,gilgaribi@google.com,Home,gilgaribi@waze.com,,,,,,,Mobile,+972 54-555-1173,,,,,,,,,,,,,,,,,,,,,,,,,,,,,,,,,,,,,,,,,,,,,,,,,,,
Gil,,Klein,,,,,,,,Matomy Media Group,SVP Advertisers,,,,https://lh3.googleusercontent.com/contacts/AG6tpzFEJt5F963QDJKHkfh_FnGrCiQdbX4qEMOEVJwosb37rL1JN15I,Imported 8/1/13 ::: wednesdaynightsoccer ::: Imported on 4/29 ::: * myContacts,* Other,gil@xtendmedia.com,,,,,,,,,Mobile,054-8161178,,,,,,,,,,,,,,,,,,,,,,,,,,,,,,,,,,,,,,,,,,,,,,,,,,,
Gil,,Pry-Dvash,,,,,,,,,,,,,,Imported 8/1/13 ::: Imported on 4/29 ::: * myContacts,* ,GilP@unisfair.com,Other,prydvash@gmail.com,,,,,,,,,,,,,,,,,,,,,,,,,,,,,,,,,,,,,,,,,,,,,,,,,,,fb://profile/582447847,,,,,,,,
Gil,,Shacham,,,,,,,,,,,,,,Imported 8/1/13 ::: Imported on 4/29 ::: * myContacts,* ,gil_shacham@yahoo.com,Other,gil.shacham@gmail.com,,,,,,,Mobile,+972 (52) 3755333,,,,,,,,,,,,,,,,,,,,,,,,,,,,,,,,,,,,,,,,,,,,,,,,,,,
Gil,,Weinberg,,,,,,Gil,,Tovbot,Founder,,,,https://lh3.googleusercontent.com/contacts/AG6tpzFgUj9veAUiPbxlv_SANALsgpDrWDxk0T-g8RqeLbh5BVtjVq8w,Imported 8/1/13 ::: Imported on 4/29 ::: * myContacts,* Home,gili@media.mit.edu,Home,gilw@gatech.edu ::: gil.weinberg@me.com ::: gil.weinberg@coa.gatech.edu ::: gilwein@cc.gatech.edu,,,,,,,Mobile,+1 (770) 378-8115,Work,+1 (404) 894-8939,Other,gilweinberg,,,,,,,Work,"325 TROWBRIDGE WALK
ATLANTA, GA 30350
United States of America",325 TROWBRIDGE WALK,ATLANTA,,GA,30350,United States of America,,,,,,,,,,,,,,,,,,,,,,,,,,,,,,,,,
Gila,,Gilor,,,,,,Gila,,Self-Employed,,,1950-01-30,,,Imported 8/1/13 ::: Imported on 4/29 ::: * myContacts,* Other,gilorg_gil@yahoo.com,,,,,,,,,Home,+972 (3) 6762056,Mobile,+972 (52) 8676-2056 ::: +972 52‑826‑3616,,,,,,,,,,,,,,,,,,,,,,,,,,,,,,,,,,,,,,,,Other,fb://profile/768099325,,,,,,,,
Gilad,,Gal,,,,,,,,,,,,,,Imported 8/1/13 ::: Imported on 4/29 ::: * myContacts,* Other,giladgal@yahoo.com,,,,,,,,,,,,,,,,,,,,,,,,,,,,,,,,,,,,,,,,,,,,,,,,,,,,,,,,,,,,,
Gilad,,Harshoshanim,,,,,,,,TTI Telecom,System Engineer,,,LinkedIn Profile: https://www.linkedin.com/profile?viewProfile=&key=1819880,,Imported 8/1/13 ::: Imported on 4/29 ::: * myContacts,* Other,giladh@tti-telecom.com,,,,,,,,,Radio,giladhar293,,,,,,,,,,,,,,,,,,,,,,,,,,,,,,,,,,,,,,,,,,Sync.ME profile,http://sync.me/profile/_a-QUQFxL7nyrBQQbp15gQDN7MCuryrsGw,,,,,,,,
Gilad,,Hellerman,,,,,,,,Netica Ltd.,CEO,,,,https://lh3.googleusercontent.com/contacts/AG6tpzEgk1qj7GoUgShyY2_rrWpUwqS9NGCkdoEl-D0dozjc8ZvBFvsO,Imported 8/1/13 ::: Imported on 4/29 ::: * myContacts,* Other,gilad@netica.co.il,,,,,,,,,Mobile,+972 (52) 3650918,Work,+972 (3) 6203333 x 131,,,,,,,,,,,,,,,,,,,,,,,,,,,,,,,,,,,,,,,,,www.netica.co.il,Profile,http://www.google.com/profiles/112675761598651997457,,,,,,
Gilad,,Hemi,,,,,,,,Press-Sense,R&D Manager,,,,https://lh3.googleusercontent.com/contacts/AG6tpzFBhpqmEP4Zuig9D6YzpDlQUXmIHNFX_U89dZeMvjjElVMOiLEL,Imported 8/1/13 ::: Imported on 4/29 ::: * myContacts,* Other,gilad@press-sense.com,,,,,,,,,Mobile,+972 (54) 7719119,Work,+972 4-6260318,Work Fax,+972 4-6361540,,,,,,,Work,United States of America,,,,,,United States of America,,,,,,,,,,,,,,,,,,,,,,,,Other,http://www.press-sense.com,,,,,,,,
Gilad,,Judes,,,,,,,,©Right,QA Manager,,,<sn>id:500066823/friendof:809988573</sn>,https://lh3.googleusercontent.com/contacts/AG6tpzEWByHIMEWkpVV7hV0ln1nlC89Oxr_4xjaxFLuYQ9UxuaiC34er,Imported 8/1/13 ::: Imported on 4/29 ::: * myContacts,* Other,giladjudes@walla.co.il,Other,gilad@judes.co.il ::: gilad.judes@gmail.com,,,,,,,Radio,giladju,,,,,,,,,,,,,,,,,,,,,,,,,,,,,,,,,,,,,,,,,,Other,fb://profile/500066823,Sync.ME profile,http://sync.me/profile/0ikRS5Hmz4Z6TkYjQJGXWFNjCum-q9IehOezcRXW,Profile,http://www.google.com/profiles/104605678961700079439,,,,
Gilad,,Lederer,,,,,,,,,,,,,,Imported 8/1/13 ::: Imported on 4/29 ::: * myContacts,* Other,gilad@otmtech.com,,,,,,,,,,,,,,,,,,,,,,,,,,,,,,,,,,,,,,,,,,,,,,,,,,,,,,,,,,,,,
Gilad,,Madmoni,,,,,,,,,,,,,,Imported 8/1/13 ::: Imported on 4/29 ::: * myContacts,* Other,giladmd@gmail.com,Other,giladm@press-sense.com,,,,,,,Mobile,+972 52-8606104,,,,,,,,,,,,,,,,,,,,,,,,,,,,,,,,,,,,,,,,,,,fb://profile/100000634231589,,,,,,,,
Gilad,,Rothschild,,,,,,,,,,,,Exchange E-mail Address: /o=BetterPlace/ou=Exchange Administrative Group (FYDIBOHF23SPDLT)/cn=Recipients/cn=giladr,,* myContacts,* Other,Gilad.Rothschild@betterplace.com,,,,,,,,,,,,,,,,,,,,,,,,,,,,,,,,,,,,,,,,,,,,,,,,,,,,,,,,,,,,,
Gili,,Raanan,,,,,,,,Sequoia Capital,,, --10-22,,,Imported on 4/29 ::: * myContacts,* Other,raanan.gili@gmail.com,,,,,,,,,,,,,,,,,,,,,,,,,,,,,,,,,,,,,,,,,,,,,,,,,,,,,,,,,,Photo,https://lh5.googleusercontent.com/--xbxxk3fE_I/WceStNoRfEI/AAAAAAAAAAA/77eWGZtuItg3Qr6W81Kn6eKPTidO4S9CwCOQCEAE/photo.jpg,,
Gilit,,Porat,,,,,,,,,,,,,https://lh3.googleusercontent.com/contacts/AG6tpzHjLa4N78Qa_MxP8n58tOlJC9vJyxNv8NX3mzuzd8Ql6PoU2Quf,Imported 8/1/13 ::: Imported on 4/29 ::: * myContacts,* Other,gilitporat@gmail.com,,,,,,,,,Work,04-8326172,,,,,,,,,,,,,,,,,,,,,,,,,,,,,,,,,,,,,,,,,,,,,,,,,,,
Gillor,,Osnat,,,,,,,,,,,,,,Imported 8/1/13 ::: Imported on 4/29 ::: * myContacts,* Other,gilloro@bgu.ac.il,Other,gillor@vms.huji.ac.il ::: osnat.gillor@gmail.com,,Osnat.gillor@gmail.com,,,,,Mobile,972 54 2215149,,,,,,,,,,,,,,,,,,,,,,,,,,,,,,,,,,,,,,,,,,,,,,,,,,,
Gilor,,Gila,,,,,,,,,,,,<sn>id:768099325/friendof:809988573</sn>,,Imported 8/1/13 ::: Imported on 4/29 ::: * myContacts,,,,,,,,,,,Home,+972 (3) 6762056,Mobile,+972 (52) 8676-2056,,,,,,,,,,,,,,,,,,,,,,,,,,,,,,,,,,,,,,,,,fb://profile/768099325,Sync.ME profile,http://sync.me/profile/CV8mWcoRyOX7DznlddcQGXBUteglISmMrW1mlsFtKUgT-EikEek,,,,,,
,,Giora,,,,,,,,,,,,Organizational Consultant,https://lh3.googleusercontent.com/contacts/AG6tpzGiiq41uUSLqLsOMr29TEpx9pqdEQEhpD2WG_PFf0feGyfOZPRS,Imported 8/1/13 ::: Imported on 4/29 ::: * myContacts,* Other,giora@ceder.co.il,,,,,,,,,Mobile,+972 52 2310990,,,,,,,,,,,,,,,,,,,,,,,,,,,,,,,,,,,,,,,,,,,,,,,,,,,
Giora,,Blumberg,,,,,,,,OpCo,Project Manager,Ops,,Exchange E-mail Address: /o=BetterPlace/ou=Exchange Administrative Group (FYDIBOHF23SPDLT)/cn=Recipients/cn=Giorab,https://lh3.googleusercontent.com/contacts/AG6tpzHOiOWd4uCMPjZoH_lZck51_qHbxNjA27vOKxA2R1TUHJACoZGO,* myContacts,* Other,Giora.Blumberg@betterplace.com,,,,,,,,,Pager,Skype: giorablumberg,Mobile,972 54 971 6062,Work,972 73 790 2114,,,,,,,,,,,,,,,,,,,,,,,,,,,,,,,,,,Manager,Pini Liberman,,,,,,,,,,,,
Giora,,Olmert,,,,,,,,Better Place,Project Manager,North America Operations,,Exchange E-mail Address: /o=BetterPlace/ou=Exchange Administrative Group (FYDIBOHF23SPDLT)/cn=Recipients/cn=golmert,,* myContacts,* Other,Giora.Olmert@betterplace.com,,,,,,,,,Mobile,1 305 915-5693,Work,1 650 845 2800,,,,,,,,,,,,,,,,,,,,,,,,,,,,,,,,,,,,,,,,,,,,,,,,,
Global Infrastructure,,Deployment,,,,,,,,Better Place Inc.,,,,Exchange E-mail Address: /o=BetterPlace/ou=Exchange Administrative Group (FYDIBOHF23SPDLT)/cn=Recipients/cn=gdeployment,,* myContacts,* Other,global.infrastructure.deployment@betterplace.com,,,,,,,,,,,,,,,,,,,,,,,,,,,,,,,,,,,,,,,,,,,,,,,,,,,,,,,,,,,,,
Golan,Paamonim,Raanana,,,,,,,,null,,,,,,* myContacts,,,,,,,,,,,Mobile,+972549074945,,,,,,,,,,,,,,,,,,,,,,,,,,,,,,,,,,,,,,,,,,,,,,,,,,,
Golan,,Regev,,,,,,,,Cisco Systems,Sales Account Manager,,,,,Imported 8/1/13 ::: Imported on 4/29 ::: * myContacts,* Other,golan_regev@hotmail.com,Other,golan@imcingular.com ::: golan.regev@gmail.com,,,,,,,Mobile,+17702897456,Work,770.289.7456,Other,+9272 (54) 4573696 (Orit),,,,,,,Home,"Golomb 25
Nes Ziyona
Israel",25 Golomb,Nes Ziyona,,,,Israel,,,,,,,,,,,,,,,,,,,,,,,,Sync.ME profile,http://sync.me/profile/Y9nVRqco2BFYJqSMuv9vKxwWlUq5UlJmtTGFs1LsGg6jdVJT_ZAaVW1hw701vzl_61e6Eg,Other,fb://profile/688662661,,,Photo,https://lh5.googleusercontent.com/-GA2vZnmESQA/V4yzOpFaxqI/AAAAAAAAAAA/2VQQJn_MCdUWia3lv1yaY9kV_kJEvkkRwCOQCEAE/photo.jpg,,
,,Goldsmith,,,,Dr.,,,,,Dentist,,,,,Imported 8/1/13 ::: Imported on 4/29 ::: * myContacts,,,,,,,,,,,Work,+972 (9) 7442042,,,,,,,,,,,,,,,,,,,,,,,,,,,,,,,,,,,,,,,,,,,,,,,,,,,
Google,,Docs,,,,,,,,,,,,,,Imported 8/1/13 ::: Imported on 4/29 ::: * myContacts,* Other,Erez-dhn498x2-Ahfhcpbf@prod.writely.com,,,,,,,,,,,,,,,,,,,,,,,,,,,,,,,,,,,,,,,,,,,,,,,,,,,,,,,,,,,,,
Graham,,Barber,,,,,,,,,,,,,,Imported 8/1/13 ::: Imported on 4/29 ::: * myContacts,* Other,graham@press-sense.com,,,,,,,,,Mobile,+33 627753049,,,,,,,,,,,,,,,,,,,,,,,,,,,,,,,,,,,,,,,,,,,,,,,,,,,
Grand Hotel,,,,,,,,,,,,,,,,* myContacts,,,,,,,,,,,WhatsApp,+40723399217,,,,,,,,,,,,,,,,,,,,,,,,,,,,,,,,,,,,,,,,,,,,,,,,,,,
Grant,,Laing,,,,,,,,Elevate,Commercial Director,,,,,Imported 8/1/13 ::: Imported on 4/29 ::: * myContacts,* Other,grant.laing@elevateyou.co.uk,,,,,,,,,Mobile,+44 7980762282,Work,+44 1314537687,,,,,,,,,,,,,,,,,,,,,,,,,,,,,,,,,,,,,,,,,,,,,,,,,
Greg,,Stein,,,,,,,,Better Place Inc.,Supply Chain,Global Planning and Operations,,Exchange E-mail Address: /o=BetterPlace/ou=Exchange Administrative Group (FYDIBOHF23SPDLT)/cn=Recipients/cn=gstein,,* myContacts,* Other,Greg.Stein@betterplace.com,,,,,,,,,Pager,Skype:,Mobile,1 408 823 3420,Work,1 650 845 2817,,,,,,,Work,"1070 Arastradero Road, Suite 220
Palo Alto, CA 94304
United States",Suite 220 1070 Arastradero Road,Palo Alto,,CA,94304,United States,,,,,,,,,,,,,,,,,,,,,,,,,,,,,,,,,
,,,,,,,,GSOC,,Google Security,,Global Security Operations Center,,,,Imported on 4/29 ::: * myContacts,* Work,gsoc@google.com,,,,,,,,,Texting,650-564-4762,Non-emergency,650-253-5353,Emergency,650-253-5555,,,,,,,,,,,,,,,,,,,,,,,,,,,,,,,,,,,,,,Home Page,https://sites.google.com/a/google.com/google-security/,,,,,Photo,https://lh3.googleusercontent.com/-sjF32vEHOek/WDfaUKd_9TI/AAAAAAAAAAA/_Sx2g9z8i1EkrN-8Wu8Oz5xtMKBfruIMwCOQCEAE/photo.jpg,,
,,Guardian,,,,,,,,,,,,401k,,Imported 8/1/13 ::: Imported on 4/29 ::: * myContacts,,,,,,,,,,,Work,+1 (800) 8474015,,,,,,,,,,,,,,,,,,,,,,,,,,,,,,,,,,,,,,,,,,,http://www.guardianretirement.com,,,,,,,,
Gulshat,,Shigabutdinova,,,,,,,,,,,,"Glia, David's mother",,Imported 8/1/13 ::: Imported on 4/29 ::: * myContacts,* Other,golshat@hotmail.com,,,,,,,,,,,,,,,,,,,,,,,,,,,,,,,,,,,,,,,,,,,,,,,,,,,,,,,,,,,,,
Gur,,Kashi,,,,,,,,TopCo,SW Engineer,R & D,,Exchange E-mail Address: /o=BetterPlace/ou=Exchange Administrative Group (FYDIBOHF23SPDLT)/cn=Recipients/cn=gork,,Imported 8/1/13 ::: Imported on 4/29 ::: * myContacts,* Other,Gur.Kashi@betterplace.com,,,,,,,,,Mobile,972 54 830 0669,Work,972 73 790 2228,,,,,,,,,,,,,,,,,,,,,,,,,,,,,,,,,,,,Manager,Guy Tzur,,,,,,,,,,,,
Guryan,,Tighe,,,,,,,,Better Place Inc.,"Analyst, Investor & University Relations",Global Communications,,Exchange E-mail Address: /o=BetterPlace/ou=Exchange Administrative Group (FYDIBOHF23SPDLT)/cn=Recipients/cn=gtighe,https://lh3.googleusercontent.com/contacts/AG6tpzF1g2HVgxQxb42QGBB4efLA4YKLWc0lqzXb6_FzxjewZWizmULJ,* myContacts,* Other,Guryan.Tighe@betterplace.com,,,,,,,,,Pager,Skype: guryantighe,Mobile,1 415 272 1603,Work,1 650 845 2838,,,,,,,Work,"1070 Arastradero Road, Suite 220
Palo Alto, California 94304
United States",Suite 220 1070 Arastradero Road,Palo Alto,,CA,94304,United States,,,,,,,,,,,,,,,,,,,,,,,,,,,,,,,,,
Guy,,,,,,,,,,Penguin,,,,,https://lh3.googleusercontent.com/contacts/AG6tpzH9LiCDEJ6R3WLrtM-zGfrMmjox_9ejLLxTZ3-WNEvzrYQsGdYw,Imported on 4/29 ::: * myContacts,,,,,,,,,,,Mobile,05 42 03 44 46,,,,,,,,,,,,,,,,,,,,,,,,,,,,,,,,,,,,,,,,,,,,,,,,,,,
Guy,,,,,,,,,,הראל,,,,,,* myContacts,,,,,,,,,,,Mobile,052-261-1997,,,,,,,,,,,,,,,,,,,,,,,,,,,,,,,,,,,,,,,,,,,,,,,,,,,
Guy,,Alfassi,,,,,,,,,,,,Exchange E-mail Address: /o=BetterPlace/ou=Exchange Administrative Group (FYDIBOHF23SPDLT)/cn=Recipients/cn=guyal,,* myContacts,* Other,Guy.Alfassi@betterplace.com,,,,,,,,,,,,,,,,,,,,,,,,,,,,,,,,,,,,,,,,,,,,,,,,,,,,,,,,,,,,,
Guy,Ben,Haim,,,,,,,,,,,,"Group: Stats
Israeli Mobile: 972.54.4414205
Mobile: +972.54.4414205",,Imported 8/1/13 ::: Imported 3/19/12 ::: Imported on 4/29 ::: * myContacts,,,,,,,,,,,,,,,,,,,,,,,,,,,,,,,,,,,,,,,,,,,,,,,,,,,,,,,,,,,,,,,
Guy,,Benhaim,,,,,,,,Iamba Technologies INC,CEO,,,,https://lh3.googleusercontent.com/contacts/AG6tpzFjWCFs5Mnc2tbl3fVjBmlWjvC-4aafwWEFKBYqg68OgEU-I8c3,Imported 8/1/13 ::: Imported on 4/29 ::: * myContacts,* Other,Guy_Benhaim@yahoo.com,Other,guy@waze.com ::: guybh@marvell.com,,,,,,,Home,+972 (3) 5403432,Mobile,+972 (54) 4414205,,,,,,,,,,,,,,,,,,,,,,,,,,,,,,,,,,,,,,,,Profile,http://www.google.com/profiles/113943065088479722692,Sync.ME profile,http://sync.me/profile/1VLu1_XfB5nNae2INK7jd4pTYSeIo1ZQrSFvCBD6c676Y1qI,,,,,,
Guy,,Einav,,,,,,,,,,,,<sn>id:778729514/friendof:809988573</sn>,https://lh3.googleusercontent.com/contacts/AG6tpzFLkLEqQ746AXcccIqMQmEEZTCmweVjlvFqNDfsGFElFIOBqaKt,Imported 8/1/13 ::: Imported on 4/29 ::: * myContacts,* Other,guy.einav@gmail.com,,,,,,,,,Mobile,050-696-2207,,,,,,,,,,,,,,,,,,,,,,,,,,,,,,,,,,,,,,,,,,Other,fb://profile/778729514,,,,,,,,
Guy,,Federovsky,,,,,,,,,,,,,https://lh3.googleusercontent.com/contacts/AG6tpzGv4fOrf6zVFp0g_Wxfuhmb1_Z87ZcaboIRgQ8RQYmaQuGSGAqI,Imported on 4/29 ::: * myContacts,* Work,gfeder@google.com,Other,guyfeder@gmail.com,,,,,,,Mobile,054-443-3699,,,,,,,,,,,,,,,,,,,,,,,,,,,,,,,,,,,,,,,,,,,,,,,,,,,
Guy,,Flysher,,,,,,,,,,,,,,Imported on 4/29 ::: * myContacts,* Work,guyfl@google.com,,,,,,,,,Home,054-2451068,,,,,,,,,,,,,,,,,,,,,,,,,,,,,,,,,,,,,,,,,,,,,,,,Photo,https://lh5.googleusercontent.com/-q8n5gBUmHMY/WabFUX9hK3I/AAAAAAAAAAA/X80jUcnYNrMksIpqUkC7-Ivji_tWP57NACOQCEAE/photo.jpg,,
Guy,,Glass,,,,,,,,,,,,,https://lh3.googleusercontent.com/contacts/AG6tpzEwneb5fUEbrwzpgoC_PjHhkSg4_SKnDwMMhyN7nAJOzG3UL_pm,Imported 8/1/13 ::: Imported on 4/29 ::: * myContacts,* Other,glassg@gmail.com,,,,,,,,,Home,+972 (4) 6380025,Mobile,+972 (52) 6198090,,,,,,,,,,,,,,,,,,,,,,,,,,,,,,,,,,,,,,,,,,,,,,,,,
Guy,,Kodenchik,,,,,,,,,,,,,https://lh3.googleusercontent.com/contacts/AG6tpzFsMAy0oE_fOOCIHDZqydFKiyEkOZdNkpjjbQ2Ta41SibJlBXwB,Imported 8/1/13 ::: Imported on 4/29 ::: * myContacts,* Other,guykoden@gmail.com,,,,,,,,,,,,,,,,,,,,,,,,,,,,,,,,,,,,,,,,,,,,,,,,,,,,,fb://profile/1217305420,,,,,,,,
Guy,,Lupescu,,,,,,,,Corning Cable Systems,H/W design Eng.,,2006-09-17,,,Imported 8/1/13 ::: Imported on 4/29 ::: * myContacts,* Other,guy_lupescu@atrica.com,Other,glupescu@gmail.com,,,,,,,Work Fax,09-9707409,Mobile,054-7878148,Work,09-9707448,Home,+972 (3) 5282166,,,,,Work,"5 shenkar st'
herzliya 46733
Israel",5 shenkar st,herzliya,,,46733,Israel,,,,,,,,,,,,,,,,,,,,,,,,,,,,,,Photo,https://lh4.googleusercontent.com/-YIP2BsRZxZo/V4yvQQTmOoI/AAAAAAAAAAA/uz5SbN82S_4LQz4iNXe_DYB2vvMycvwUQCOQCEAE/photo.jpg,,
Guy,,Porat,,,,,,,,,,,,,,Imported on 4/29 ::: * myContacts,* Other,Guy@poratguy.com,Home,guy.gisbourne@gmail.com,,,,,,,Mobile,+972 54-4697472,,,,,,,,,,,,,,,,,,,,,,,,,,,,,,,,,,,,,,,,,,,,,,,,,,,
Guy,,Pross,,,,,,,,Better Place Australia,Director of Government Affairs,Marketing,,Exchange E-mail Address: /o=BetterPlace/ou=Exchange Administrative Group (FYDIBOHF23SPDLT)/cn=Recipients/cn=guyp,,* myContacts,* Other,Guy.Pross@betterplace.com,,,,,,,,,Pager,Skype: guy.pross,Home,972 54 8096214,Mobile,61 405 474 860,Work,61 3 86790815,Other Fax,61 2 9316 7423,,,Work,"2A Lord Street
Botany, NSW 2019
Australia",2A Lord Street,Botany,,NSW,2019,Australia,,,,,,,,,,,,,,,,,,,,Manager,Ben Keneally,,,,,,,,,,,,
Guy,,Sapiro,,,,,,,,,Karate Teacher,,,,,Imported 8/1/13 ::: Imported on 4/29 ::: * myContacts,* Other,guy-sil@bezeqint.co.net,,,,,,,,,Mobile,+972 52-3791436,,,,,,,,,,,,,,,,,,,,,,,,,,,,,,,,,,,,,,,,,,,,,,,,,,,
Guy,,Setton,,,,,,,,,,,,,,* myContacts,* ,guy.setton@gmail.com,,,,,,,,,Mobile,+972 58-747-9333,,,,,,,,,,,,,,,,,,,,,,,,,,,,,,,,,,,,,,,,,,,,,,,,,,,
Guy,,Sheffer,,,,,,,,,,,,,https://lh3.googleusercontent.com/contacts/AG6tpzERkMXOqzeL14cR3rJHRgzJPxbUSQ9RuyjvG0h4i4RgiVtQ1sGf,Imported on 4/29 ::: * myContacts,* Other,guysheffer@yahoo.com,,,,,,,,,Mobile,+972528530844,,,,,,,,,,,,,,,,,,,,,,,,,,,,,,,,,,,,,,,,,,,,,,,,,,,
Guy,,Shimoni,,,,,,,,,,,,Exchange E-mail Address: /o=BetterPlace/ou=Exchange Administrative Group (FYDIBOHF23SPDLT)/cn=Recipients/cn=guys,https://lh3.googleusercontent.com/contacts/AG6tpzEj0nPUyw6WUOW_ew5E1eA485AWKj9bKqZJLULLOY4pOSZuyH5Z,* myContacts,* Other,Guy.Shimoni@betterplace.com,,,,,,,,,Mobile,972 52 6922463,Work,972 73 7902593,,,,,,,,,,,,,,,,,,,,,,,,,,,,,,,,,,,,,,,,,,,,,,,,,
Guy,,Shpigel,,,,,,,,,,,,,https://lh3.googleusercontent.com/contacts/AG6tpzFbApLYNfofiTbuY8XyigqCu9d28mGtHZpbCJ9XnHfLd-fLrsoF,Imported 8/1/13 ::: Imported on 4/29 ::: * myContacts,* Other,guys@press-sense.com,Other,guy_shpigel@yahoo.com,,,,,,,Mobile,+972 54-7719982,,,,,,,,,,,,,,,,,,,,,,,,,,,,,,,,,,,,,,,,,,,,,,,,,,,
Guy,,Shwartz,,,,,,,,,,,,,,Imported 8/1/13 ::: Imported on 4/29 ::: * myContacts,* Other,guy_shwartz@etagon.com,,,,,,,,,Mobile,+972 (52) 2243529,Home,+972 (3) 9326537,,,,,,,,,,,,,,,,,,,,,,,,,,,,,,,,,,,,,,,,,,,,,,,,,
Guy,,Tzur,,,,,,,,Better Place,,,,,https://lh3.googleusercontent.com/contacts/AG6tpzEeSsDAMWn3ITz6ovyapCOPSGTOh8ruCNHmWPKN7zl1IcnNIZjk,Imported 8/1/13 ::: Imported on 4/29 ::: * myContacts,* Other,Guy.Tzur@betterplace.com,Other,guy.tzur@gmail.com,,,,,,,Mobile,+972.54.561.2020,Work,+972.3.644.8655 #158 ::: +972 73 7902158,,,,,,,,,,,,,,,,,,,,,,,,,,,,,,,,,,,,Manager,Itzik Solan,,,Other,fb://profile/524918554,Profile,http://www.google.com/profiles/107598391266471405265,,,,TopCo ::: SW Team Leader,,
Guy,,Vengelnik,,,,,,,,Wellana ,,,,,,* myContacts,,,,,,,,,,,Mobile,+972 50-333-3812,,,,,,,,,,,,,,,,,,,,,,,,,,,,,,,,,,,,,,,,,,,,,,,,,,,
Guy,,Winter,,,,,,,,OpCo,Switchers (Sales Rep for Visitors Center),Sales Team: Visitors Center,,Exchange E-mail Address: /o=BetterPlace/ou=Exchange Administrative Group (FYDIBOHF23SPDLT)/cn=Recipients/cn=guyw,,* myContacts,* Other,Guy.Winter@betterplace.com,,,,,,,,,Mobile,972 54 301 3402,Work,972 73 777 7222,,,,,,,,,,,,,,,,,,,,,,,,,,,,,,,,,,,,Manager,Maya Cohen Lubitch,,,,,,,,,,,,
Hadar,,Ankori,,,,,,,,TopCo,BI Implementer,R&D Team: OBS,,Exchange E-mail Address: /o=BetterPlace/ou=Exchange Administrative Group (FYDIBOHF23SPDLT)/cn=Recipients/cn=Hadara,https://lh3.googleusercontent.com/contacts/AG6tpzFTzmk0Lzu8P_WHRwVUi00SppYzgAMpn5yDSIwFDBKN49TjLDIQ,* myContacts,* Other,Hadar.Ankori@betterplace.com,,,,,,,,,Mobile,054-8300647,Work,972 73 790 2287,,,,,,,,,,,,,,,,,,,,,,,,,,,,,,,,,,,,Manager,Eyal Almog,,,,,,,,,,,,
Hadar,,Raz,,,,,,,,Sales and Marketing,,,1969-10-20,<sn>id:562023185/friendof:809988573</sn>,https://lh3.googleusercontent.com/contacts/AG6tpzE634IcZUIyvGY7fK0vmYZ_tYFyyTNXOwHGrK0KHEqNaNPZ03Z9,Imported 8/1/13 ::: Imported on 4/29 ::: * myContacts,* Other,hadar33@gmail.com,Other,hadar@press-sense.com,,,,,,,Mobile,+972 52-8342908,,,,,,,,,,,,,,,,,,,,,,,,,,,,,,,,,,,,,,,,,,Other,fb://profile/562023185,,,,,,,,
Hadar,,School,,,,,,,,,,,,,,Imported 8/1/13 ::: Imported on 4/29 ::: * myContacts,,,,,,,,,,,Work,+972 (9) 7745925,,,,,,,,,,,,,,,,,,,,,,,,,,,,,,,,,,,,,,,,,,,,,,,,,,,
Hadas,,Bashan,,,,,,Hadas,,,,,,#1213,https://lh3.googleusercontent.com/contacts/AG6tpzEWbDWJI2z9pd7rs2w855jNFWJNfxVkZcCbRNfm6PHbXiKeFQYK,Imported 8/1/13 ::: Imported on 4/29 ::: * myContacts ::: * starred,* Home,hadas.bashan@gmail.com,Other,hadasinka@yahoo.com ::: hadas.bashan@gamail.com,,,,,,,Mobile,+972 50 8833517,,,,,,,,,,,,,,,,,,,,,,,,,,,,,,,,,,,,,,,,,,Other,fb://profile/618018936,,,,,,,,
Hadas,,Teacher,,,,,,,,,Shalev's Teacher,,,,,Imported 8/1/13 ::: Imported on 4/29 ::: * myContacts,,,,,,,,,,,Mobile,+972 50-7387203,,,,,,,,,,,,,,,,,,,,,,,,,,,,,,,,,,,,,,,,,,,,,,,,,,,
Hagai,,Sharir,,,,,,,,Ministry of Welfare and Ministry of Education,Principal of Miftan Maayanot,,,,https://lh3.googleusercontent.com/contacts/AG6tpzF4R1Gr-RgsLebfY3cTWUU3oQdp3cEF9DmEaHy7-Dp2yQkTUq_M,Imported 8/1/13 ::: Imported on 4/29 ::: * myContacts,* Other,hagai@merchav-school.co.il,Other,sharirh@gmail.com,,,,,,,Home,+972 (3) 648 4741,Mobile,+972 52-2800111,,,,,,,,,,,,,,,,,,,,,,,,,,,,,,,,,,,,,,,,Sync.ME profile,http://sync.me/profile/WpTwo22dhCJlx_F2wzvCy3pW2z3ZkWZvxUOQXbGH68FWtXwf4TTnf8I,,,,,,,,
Hagar,,Abramof,,,,,,,,OpCo,Sales Coordinator,Sales Team: Corporate,,Exchange E-mail Address: /o=BetterPlace/ou=Exchange Administrative Group (FYDIBOHF23SPDLT)/cn=Recipients/cn=hagara,https://lh3.googleusercontent.com/contacts/AG6tpzGcNysVYMSeTVdN3uo0ZA2Jp59ltOqcJQaEWTPK8WvRsenHSawt,* myContacts,* Other,Hagar.Abramof@betterplace.com,,,,,,,,,Mobile,972  54 922 0325,Work,972 73 790 2258,,,,,,,,,,,,,,,,,,,,,,,,,,,,,,,,,,,,Manager,Asaf Onn,,,,,,,,,,,,
Hagar,,Gal,,,,,,,,Creo PODS (Kodak),Marketing Manager,,,,,Imported 8/1/13 ::: Imported on 4/29 ::: * myContacts,* Other,hagar.gal@creopod.com,,,,,,,,,Mobile,+972 (50) 5330.560,Work,+972 (9) 9597899,Work Fax,+972 9 979-7900,,,,,,,Work,"3 Hamada
POB 330
Herzlia B,
46103
Israel","3 Hamada POB 330 Herzlia B, 46103",,,,,Israel,,,,,,,,,,,,,,,,,,,,,,,,,http://www.creopod.com,,,,,,,,
Hagit,,Ashkenazi,,,,,,,,TTI - NA,AVP Projects America,,2006-12-26,,https://lh3.googleusercontent.com/contacts/AG6tpzF5cGsILY4F3J_I9w_kjzEe1lrlx_DEAPpWHlJ6hW6ub__tZzhq,Imported 8/1/13 ::: Imported on 4/29 ::: * myContacts,* Other,ashkenazih@gmail.com,Other,hashkenazi@imcingular.com,,,,,,,Pager,hashkenazi@imcingular.com,Mobile,+1 (770) 712-9728,Work,+1 (770) 206-4672,,,,,,,Home,"405 Ashdown Way
Dunwoody
Atlanta
GA
30350
United States of America ::: 405 Ashdown Way
Dunwoody
Atlanta, GA 30350
United States of America",405 Ashdown Way Dunwoody ::: 405 Ashdown Way Dunwoody,Atlanta ::: Atlanta, ::: ,GA ::: GA,30350 ::: 30350,United States of America ::: United States of America, ::: ,Work,"1000 Abernathy Rd.
Suite#1850
400 North Park
Atlanta
GA
30328
United States of America ::: 1000 Abernathy Rd.
Suite#1850
400 North Park
Atlanta, GA 30328
United States of America","1000 Abernathy Rd. Suite#1850 400 ::: Suite#1850
400 North Park
1000 Abernathy Rd",Atlanta ::: Atlanta, ::: ,GA ::: GA,30328 ::: 30328,United States of America ::: United States of America,North Park ::: ,,,,,,,,,,Manager,Rami Steinfeld,,,Other,http://www.tti-telecom.com,Sync.ME profile,http://sync.me/profile/Hig3MIfjrNU7PYobznAK6_7qFbZuy-EqdulCY4EhBJGugBENJRjv8kc,,,,,,
Haim,,Gimelferb,,,,,,,,,,,,Exchange E-mail Address: /o=BetterPlace/ou=Exchange Administrative Group (FYDIBOHF23SPDLT)/cn=Recipients/cn=Haimg,https://lh3.googleusercontent.com/contacts/AG6tpzHYIvChKiu--AKrid1G1dTz-WqYammpBkGW15t2IgCqmYg36Wsv,* myContacts,* Other,Haim.Gimelferb@betterplace.com,,,,,,,,,Mobile,972 54 839 5623,Work,972 3 916 5623,,,,,,,,,,,,,,,,,,,,,,,,,,,,,,,,,,,,,,,,,,,,,,,,,
Haim,,Halbfinger,,,,,,,,,,,,,,Imported 8/1/13 ::: Imported on 4/29 ::: * myContacts,* Other,hhalbfin@netvision.net.il,,,,,,,,,,,,,,,,,,,,,,,,,,,,,,,,,,,,,,,,,,,,,,,,,,,,,,,,,,,,,
Hanan,,,,,,,,,,Meitarim,Noga's Teacher,,,,,Imported 8/1/13 ::: Imported on 4/29 ::: * myContacts,* Work,chananr@neto.net.il,,,,,,,,,,,,,,,,,,,,,,,,,,,,,,,,,,,,,,,,,,,,,,,,,,,,,,,,,,,,,
Hanan,,Lavy,,,,,,,,Amdocs,Managed Services Business Development,,,,https://lh3.googleusercontent.com/contacts/AG6tpzGUkbe6MQlf2aeaWomnpIFM5fJfIJe8aiYHmZ54lTk2Ri5wCp_3,Imported 8/1/13 ::: Imported on 4/29 ::: * myContacts,* Other,hanan.lavy@amdocs.com,,,,,,,,,Mobile,+972 (52) 6148693,Assistant,86125 /64406,Other,09-7960678,Work,+972 (9) 7764764,,,,,,,,,,,,,,,,,,,,,,,,,,,,,,,,Manager,Yossi Shay,,,Sync.ME profile,http://sync.me/profile/QH0BAq_NCBvDyhl0OO25xGDs_2sNyxto4xlklb22aBP_zn97e8GCRJrtfN-Jqftcy_TsNhp7U7h9,,,,,,,,
Hanan,,Lehr,,,,,,,,,Creative Manager,,,<sn>id:1043718578/friendof:809988573</sn>,https://lh3.googleusercontent.com/contacts/AG6tpzFPPX2HD467j_2JlCCIY1uvOiEXgzyfY-qW04spKncfVPyliaAh,Imported 8/1/13 ::: Imported on 4/29 ::: * myContacts,* Other,hanan.lehr@gmail.com,Other,Hanan@press-sense.com,,,,,,,Home,+972 8-9318670,Mobile,+972 52-3537459,,,,,,,,,,,,,,,,,,,,,,,,,,,,,,,,,,,,,,,,,fb://profile/1043718578,,,,,,,,
Hanan,,Schlesinger,,,,,,,,OpCo,Acquisition Manager,Infrastructure & Supply Chain Team: Acquisition,,Exchange E-mail Address: /o=BetterPlace/ou=Exchange Administrative Group (FYDIBOHF23SPDLT)/cn=Recipients/cn=hanans,https://lh3.googleusercontent.com/contacts/AG6tpzH_2BRI1JJh0-hflmeoT4IgQ_LsKKDW8kPJyUhdqC5jLpsrWrmJ,* myContacts,* Other,Hanan.Schlesinger@betterplace.com,,,,,,,,,Mobile,972 50 527 5374,Work,972 73 790 2278,,,,,,,,,,,,,,,,,,,,,,,,,,,,,,,,,,,,Manager,Pini Liberman,,,,,,,,,,,,
Handsfreequestions,,Questions,,,,,,,,,,,,"This is a temp Mailbox for Guryan T - Created by Jay 10/18/2009
Exchange E-mail Address: /o=BetterPlace/ou=Exchange Administrative Group (FYDIBOHF23SPDLT)/cn=Recipients/cn=handsfreequestions",,* myContacts,* Other,handsfreequestions@betterplace.com,,,,,,,,,,,,,,,,,,,,,,,,,,,,,,,,,,,,,,,,,,,,,,,,,,,,,,,,,,,,,
Hannan,,Aharonov,,,,,,,,,,,,,,Imported on 4/29 ::: * myContacts,* ,hannana@google.com,Other,hannana@waze.com,,,,,,,Other,+972545382140,,,,,,,,,,,,,,,,,,,,,,,,,,,,,,,,,,,,,,,,,,,,,,,,Photo,https://lh4.googleusercontent.com/-vap_z_uMqAg/WznQg28HdqI/AAAAAAAAAAA/bPz9Jp3dAS0OCrirzj92iUCbeIyz-ZYrgCOQCEAE/photo.jpg,,
Hans,,Boer,,,,,,,,Better Place Inc.,CEP,Strategic Initiatives,,Exchange E-mail Address: /o=BetterPlace/ou=Exchange Administrative Group (FYDIBOHF23SPDLT)/cn=Recipients/cn=hansdb,https://lh3.googleusercontent.com/contacts/AG6tpzGib0133sMWcmnYlhplNURIjYFQ21BR6uKikW7Vcbnp9cdTBJvo,* myContacts,* Other,hans.deboer@betterplace.com,,,,,,,,,Pager,skype: hans-betterplace,Mobile,31 611 889 957,,,,,,,,,Work,Netherlands,,,,,,Netherlands,,,,,,,,,,,,,,,,,,,,,,,,,,,,,,,,,
Hanun,,Dvey-Aharon,,,,,,,,TTI,,,,,,Imported 8/1/13 ::: Imported on 4/29 ::: * myContacts,* Other,hanun@tti-telecom.com,,,,,,,,,Mobile,+972 (54) 7779798,Work,+972 (3) 9269798,,,,,,,,,,,,,,,,,,,,,,,,,,,,,,,,,,,,,,,,,,,,,,,,,
Harel,,Beit-On,,,,,,,,Orad Hi-Tec Systems,Board Member,,,,,Imported 8/1/13 ::: Imported on 4/29 ::: * myContacts,* Other,Harel.Beit-On@tecnomatix.com,Other,harelb@tecnomatix.com,,,,,,,Mobile,+1 (646) 5075101,,,,,,,,,,,,,,,,,,,,,,,,,,,,,,,,,,,,,,,,,,Sync.ME profile,http://sync.me/profile/25jrbTIF5QwpUl5QrqBF5sGlgC4_ZHHHkXH2K6ZHqG2Vp0wx,Other,fb://profile/609914213,,,Photo,https://www.google.com/s2/photos/private/AIbEiAIAAAAhCKP_6_LYlPDnERCpiKHFnO_FpFoYs8S047njm7qeATABqeotSGvbcLMqp7nzVAGgYv1sCQA,,
Harel,,Braude,,,,,,,,,,,,,,Imported on 4/29 ::: * myContacts,* ,harel_b@ituran.com,,,,,,,,,Mobile,+972544557135,,,,,,,,,,,,,,,,,,,,,,,,,,,,,,,,,,,,,,,,,,,,,,,,,,,
Harel,,Gliksman,,,,,,,,,,,,,,Imported 8/1/13 ::: Imported on 4/29 ::: * myContacts,* ,harel@wazearchive.goog,Work,harelglik@google.com,Obsolete,harel@waze.com,,,,,,,,,,,,,,,,,,,,,,,,,,,,,,,,,,,,,,,,,,,,,,,,Profile,http://www.google.com/profiles/114907453112866513300,,,,,,,,
Harris,,Gary,,,,,,,,,,,,"Birmingham, lab,the guy who loaned us the 7609s",,Imported 8/1/13 ::: Imported on 4/29 ::: * myContacts,,,,,,,,,,,Work,+12059858218,,,,,,,,,,,,,,,,,,,,,,,,,,,,,,,,,,,,,,,,,,,,,,,,,,,
Harry,,Raaphorst,,,,,,,,PrintShop Mail,,,,,,Imported 8/1/13 ::: Imported on 4/29 ::: * myContacts,* Other,harry.raaphorst@solcon.nl,Other,harry@printshopmail.com,,,,,,,Work,+31341426700,,,,,,,,,,,,,,,,,,,,,,,,,,,,,,,,,,,,,,,,,,,,,,,,,,,
Hawkins,,Meredith,,,,Dr,,,,,,,,"Upper West Side, at the SE corner of Columbus and 86th Street",,Imported 8/1/13 ::: Imported on 4/29 ::: * myContacts,,,,,,,,,,,Home,+1 (212) 7217131,,,,,,,,,,,Work,"114 W. 86th Street
appt 5A
New York
NY
United States of America ::: 114 W. 86th Street
appt 5A
New York
NY
United States of America",appt 5A 114 W. 86th Street ::: appt 5A 114 W. 86th Street,New York ::: New York, ::: ,NY ::: NY, ::: ,United States of America ::: United States of America, ::: ,,,,,,,,,,,,,,,,,,,,,,,,,,,,,,,,
Hazmanot,Holim Moked,Kupat,,,,,,,,,,,,,,Imported 8/1/13 ::: Imported on 4/29 ::: * myContacts,,,,,,,,,,,Work,*2700,,,,,,,,,,,,,,,,,,,,,,,,,,,,,,,,,,,,,,,,,,,,,,,,,,,
Heather,,Abramson,,,,,,,,Better Place Australia,Education & Research,Marketing,,Exchange E-mail Address: /o=BetterPlace/ou=Exchange Administrative Group (FYDIBOHF23SPDLT)/cn=Recipients/cn=HeatherA,https://lh3.googleusercontent.com/contacts/AG6tpzG_lwzuYKOpXNWA_I5JZLMhfIpXNYblhVZ8FxcjZWfeyZgOuuvx,* myContacts,* Other,Heather.Abramson@betterplace.com,,,,,,,,,Pager,Skype: heather_abramson,Mobile,61 401 238 882,Work,61 3 8844 5554,,,,,,,,,,,,,,,,,,,,,,,,,,,,,,,,,,Manager,Guy Pross,,,,,,,,,,,,
Helen,,Garelick,,,,,,,,,,,,,,Imported on 4/29 ::: * myContacts,,,,,,,,,,,Mobile,+44 7868 229744,,,,,,,,,,,,,,,,,,,,,,,,,,,,,,,,,,,,,,,,,,,,,,,,,,,
Helene Lund,,Juul,,,,,,,,Better Place Denmark,Business Developer,Sales,,Exchange E-mail Address: /o=BetterPlace/ou=Exchange Administrative Group (FYDIBOHF23SPDLT)/cn=Recipients/cn=helenej,,* myContacts,* Other,Helene.Juul@betterplace.com,,,,,,,,,Mobile,45 30 37 25 15,Work,45 702 702 47,,,,,,,,,Work,"Bygmestervej 57, 1. sal
København NV 2400
Denmark",1. sal 57 Bygmestervej,,,,2400,Denmark,København NV,,,,,,,,,,,,,,,,,,,Manager,Thomas Sandager Hedegaard,,,,,,,,,,,,
Helle,,Hasse,,,,,,,,Better Place Denmark A/S,Management PA,Public Affairs / Communications,,Exchange E-mail Address: /o=BetterPlace/ou=Exchange Administrative Group (FYDIBOHF23SPDLT)/cn=Recipients/cn=helleh,,* myContacts,* Other,Helle.Hasse@betterplace.com,,,,,,,,,Mobile,45 31 11 22 26,Work,45 702 702 47,,,,,,,,,Work,"Bygmestervej 57
DK-2400
København
Denmark",57 Bygmestervej,København,,,DK-2400,Denmark,,,,,,,,,,,,,,,,,,,,Manager,Marianne Wier,,,,,,,,,,,,
Hemda,,Garelick,,,,,,Hemda,,,,,,<sn>id:1595036391/friendof:809988573</sn>,https://lh3.googleusercontent.com/contacts/AG6tpzHafw7dhe_g4aiyd176Dd7xt-4Jd7pBhC9Ys767cIca07EafG4X,Imported 8/1/13 ::: Imported on 4/29 ::: * myContacts,* Home,h.garelick@mdx.ac.uk,Home,Hemda@garelick.freeserve.co.uk ::: Hgarelick@gmail.com,,,,,,,Home,+44 (20) 72638703,Mobile,+972 527428137 ::: +44 7983 384148,,,,,,,,,Work,"133 Huddelston Rd
London N7 0EH
United Kingdom",133 Huddelston Rd,London,,,N7 0EH,United Kingdom,,,,,,,,,,,,,,,,,,,,,,,,Other,fb://profile/1595036391,Sync.ME profile,http://sync.me/profile/Xa9jtc6lZp7-pGStTg19rTxoyB-yQ4cbsJEXbpnINeQMNjcN0U3F,,,,,,
Hemi,,Kabir,,,,,,,,OpCo,Supply Chain Manager,Infrastructure,,Exchange E-mail Address: /o=BetterPlace/ou=Exchange Administrative Group (FYDIBOHF23SPDLT)/cn=Recipients/cn=hemik,https://lh3.googleusercontent.com/contacts/AG6tpzFACyGz3bmTcoHiqjFGWO-kliZdTplrZJFq4wiQvoys8msgo3TU,* myContacts,* Other,Hemi.Kabir@betterplace.com,,,,,,,,,Mobile,972 54 914 8514,Work,972 73 790 2246,,,,,,,,,,,,,,,,,,,,,,,,,,,,,,,,,,,,Manager,Pini Liberman,,,,,,,,,,,,
Henrik,,Linderberg,,,,,,,,Better Place Denmark A/S,Marketing Director,Marketing,,Exchange E-mail Address: /o=BetterPlace/ou=Exchange Administrative Group (FYDIBOHF23SPDLT)/cn=Recipients/cn=HenrikL,https://lh3.googleusercontent.com/contacts/AG6tpzF3D7wNnPOMtpwWOBKxnfbe5HgtYI1xXIaqDOqrCJCm_X4wgRC5,* myContacts,* Other,Henrik.Linderberg@betterplace.com,,,,,,,,,Pager,Skype: henrik.linderberg,Mobile,45 4023 4075,Work,45 702 702 47,,,,,,,Work,"Enigheden
Bygmestervej 57
DK-2400 København NV
Denmark",Enigheden Bygmestervej 57,,,,DK-2400,Denmark,København NV,,,,,,,,,,,,,,,,,,,Manager,Jens Moberg,,,,,,,,,,,,
Heny,,Ovadia,,,,,,,,מרחב,ד,יסודית,,ManagersName: חני וחיים,,Imported 8/1/13 ::: מרחב ::: Imported on 4/29 ::: * myContacts,* Other,Heny.Ovadia@verint.com,,henyovadia@gmail.com,,,,,,,Home,09-9513818,Mobile,054-7785968,,,,,,,,,Home,"האתרוג 15, הרצליה",15 האתרוג,הרצליה,,,,,,,,,,,,,,,,,,,,,,,,,,,,,,,,,,,,,
Herve,,Tour Mont Blanc,,,,,,,,,,,,,,* myContacts,,,,,,,,,,,Mobile,+33664318076,,,,,,,,,,,,,,,,,,,,,,,,,,,,,,,,,,,,,,,,,,,,,,,,,,,
Herzeliya,Holim,Kupat,,,,,,,,,,,,,,Imported 8/1/13 ::: Imported on 4/29 ::: * myContacts,,,,,,,,,,,Work,+972 (9) 9592324 /23,,,,,,,,,,,,,,,,,,,,,,,,,,,,,,,,,,,,,,,,,,,,,,,,,,,
Hezi,,Gefen,,,,,,,,,,,,,,Imported 8/1/13 ::: Imported on 4/29 ::: * myContacts,* Other,hezi@press-sense.com,,,,,,,,,Mobile,+972 54-7719083,,,,,,,,,,,,,,,,,,,,,,,,,,,,,,,,,,,,,,,,,,,,,,,,,,,
Hila,Lahav,Rice,,,,,,,,Capito LTD,Agile Coach & ALM Consultant,,,"Friday, May 16, 2008 9:54 PM:
------------------------------------------------------------------
Hila Lahav Rice 
SW Life Cycle Consulting & Implementation 
mobile:+972-(0)52-55-65-456
Fax: +972-153-77-700-9186
e-mail:hila@teamuto.com
 

------------------------------------------------------------------
Team",https://lh3.googleusercontent.com/contacts/AG6tpzHT85gQSc6FWPCEJROfMziUUGUNAjY4X5inCND5qRBaqsUuWuri,Imported 8/1/13 ::: Imported on 4/29 ::: * myContacts,* Other,hila.lahav@microsoft.com,Other,hila@teamuto.com,,,,,,,Mobile,052-5565456,Work,+972 9-7625278,Work Fax,972-153-77-700-9186,,,,,,,Work,"4 Hamasger Street
Industrial Are
PO. BOX 20460
?????
43510",4 Hamasger Street Industrial Are PO. BOX 20460 ?????,,,,43510,,,,,,,,,,,,,,,,,,,,,,,,,,,,,,,,,,
Hila,,Menachem,,,,,,,,OpCo,Receptionist,G&A,,Exchange E-mail Address: /o=BetterPlace/ou=Exchange Administrative Group (FYDIBOHF23SPDLT)/cn=Recipients/cn=hilam,,* myContacts,* Other,Hila.Menachem@betterplace.com,,,,,,,,,Work,972 73 7908101,,,,,,,,,,,,,,,,,,,,,,,,,,,,,,,,,,,,,,Manager,Shelly Silverstein,,,,,,,,,,,,
Hila,,Reich,,,,,,,,,,,,,,Imported on 4/29 ::: * myContacts,* ,hreich@waze.com,,hreich@google.com,Home,h,,,,,Mobile,+972 54-399-6268,,,,,,,,,,,,,,,,,,,,,,,,,,,,,,,,,,,,,,,,,,,,,,,,,,,
Hila,,Roth,,,,,,,,,,,,,,* myContacts,,,,,,,,,,,Mobile,+972544393645,,,,,,,,,,,,,,,,,,,,,,,,,,,,,,,,,,,,,,,,,,,,,,,,,,,
Hilah,,Ron,,,,,,,,OpCo,Admin Manager,G&A,,Exchange E-mail Address: /o=BetterPlace/ou=Exchange Administrative Group (FYDIBOHF23SPDLT)/cn=Recipients/cn=hilar,https://lh3.googleusercontent.com/contacts/AG6tpzGHSnwl86rEOSd4X1HGtPg5jZY-v2gNTZsLoXIsq8Tw1r3RL8ZT,* myContacts,* Other,hilah.ron@betterplace.com,,,,,,,,,Pager,Skype: hilibilly,Mobile,972 54 470 1077,,,,,,,,,,,,,,,,,,,,,,,,,,,,,,,,,,,,Manager,Shelly Silverstein,,,,,,,,,,,,
Hilarity,,Shamai,,,,,,,,,,,,Piano Tuner,https://lh3.googleusercontent.com/contacts/AG6tpzEoTxeUV51hij3447tf0WuXlqI_deINwjgZ42Zcn-NVTRWBV_gZ,Imported 8/1/13 ::: Imported on 4/29 ::: * myContacts,,,,,,,,,,,Mobile,+972522949549,,,,,,,,,,,,,,,,,,,,,,,,,,,,,,,,,,,,,,,,,,,,,,,,,,,
Home Guard פתרונות אבטחה,,,,,,,,,,,,,,,,* myContacts,,,,,,,,,,,Mobile,+972556889288,,,,,,,,,,,,,,,,,,,,,,,,,,,,,,,,,,,,,,,,,,,,,,,,,,,
Homi,,Torab,,,,,,,,,,,,"NMLI

Services, Assign/Design",,Imported 8/1/13 ::: Imported on 4/29 ::: * myContacts,,,,,,,,,,,,,,,,,,,,,,,,,,,,,,,,,,,,,,,,,,,,,,,,,,,,,,,,,,,,,,,
Hooper,,,,,,,,,,Wellana ,,,,,,* myContacts,,,,,,,,,,,Mobile,+972 50-970-2413,,,,,,,,,,,,,,,,,,,,,,,,,,,,,,,,,,,,,,,,,,,,,,,,,,,
,,Hot,,,,,,,,,,,,,,Imported 8/1/13 ::: Imported on 4/29 ::: * myContacts,,,,,,,,,,,Home,+972 77-7074690,,,,,,,,,,,,,,,,,,,,,,,,,,,,,,,,,,,,,,,,,,,,,,,,,,,
Hotel,,,,,,,,,,,,,,,,* myContacts,,,,,,,,,,,Mobile,+355693771113,,,,,,,,,,,,,,,,,,,,,,,,,,,,,,,,,,,,,,,,,,,,,,,,,,,
Hotel ,,Provance ,,,,,,,,,,,,,,* myContacts,,,,,,,,,,,Mobile,33490741210,,,,,,,,,,,,,,,,,,,,,,,,,,,,,,,,,,,,,,,,,,,,,,,,,,,
,,Hotz,,,,,,,,,,,,,,Imported 8/1/13 ::: Imported on 4/29 ::: * myContacts,,,,,,,,,,,Work,+97299547383,,,,,,,,,,,,,,,,,,,,,,,,,,,,,,,,,,,,,,,,,,,,,,,,,,,
,,Howard,,,,,,,,,,,,,,Imported 8/1/13 ::: Imported on 4/29 ::: * myContacts,* Other,hlukens@mindspring.com,,,,,,,,,Mobile,+1 (770) 331-2385,Work,+1 (707) 9557432,,,,,,,,,,,,,,,,,,,,,,,,,,,,,,,,,,,,,,,,,,,,,,,,,
HR,,Fax,,,,,,,,,,,,Exchange E-mail Address: /o=BetterPlace/ou=Exchange Administrative Group (FYDIBOHF23SPDLT)/cn=Recipients/cn=HRFax1,,* myContacts,* Other,HR.Fax@betterplace.com,,,,,,,,,,,,,,,,,,,,,,,,,,,,,,,,,,,,,,,,,,,,,,,,,,,,,,,,,,,,,
HR,,,,,,HR,,,,,,,,Exchange E-mail Address: /o=BetterPlace/ou=Exchange Administrative Group (FYDIBOHF23SPDLT)/cn=Recipients/cn=HR,,* myContacts,* Other,HR@betterplace.com,,,,,,,,,,,,,,,,,,,,,,,,,,,,,,,,,,,,,,,,,,,,,,,,,,,,,,,,,,,,,
hrus,,,,,,,,,,,,,,Exchange E-mail Address: /o=BetterPlace/ou=Exchange Administrative Group (FYDIBOHF23SPDLT)/cn=Recipients/cn=hrus,,* myContacts,* Other,hrus@betterplace.com,,,,,,,,,,,,,,,,,,,,,,,,,,,,,,,,,,,,,,,,,,,,,,,,,,,,,,,,,,,,,
Hu,,,,,,,,,,,,,,,,Imported 8/1/13 ::: Imported on 4/29 ::: * myContacts,,,,,,,,,,,Mobile,+972526766838,,,,,,,,,,,,,,,,,,,,,,,,,,,,,,,,,,,,,,,,,,,,,,,,,,,
Hugh,,McDermott,,,,,,,,Better Place Inc.,Utilities Alliances,Global Alliances,,Exchange E-mail Address: /o=BetterPlace/ou=Exchange Administrative Group (FYDIBOHF23SPDLT)/cn=Recipients/cn=hmcdermott,,* myContacts,* Other,Hugh.McDermott@betterplace.com,,,,,,,,,Pager,Skype: h.mcdermott,Mobile,1 415 202 3643,Work,1 650 845 2800,,,,,,,Work,"1070 Arastradero Road, Suite 220
Palo Alto, CA 94304
United States",Suite 220 1070 Arastradero Road,Palo Alto,,CA,94304,United States,,,,,,,,,,,,,,,,,,,,Manager,Lawrence Seeff,,,,,,,,,,,,
iagtest,,,,,,,,,,,,,,Exchange E-mail Address: /o=BetterPlace/ou=Exchange Administrative Group (FYDIBOHF23SPDLT)/cn=Recipients/cn=iagtest,,* myContacts,* Other,iagtest@betterplace.com,,,,,,,,,,,,,,,,,,,,,,,,,,,,,,,,,,,,,,,,,,,,,,,,,,,,,,,,,,,,,
Iamba,,,,,,,,,,,,,,,,Imported 8/1/13 ::: Imported on 4/29 ::: * myContacts,,,,,,,,,,,Work,+97297766366,,,,,,,,,,,Other,"Millennium Building
3 Hatidhar St., P.O. Box 2139
Raanana 43000, Israel +972   9   7766366
United States of Ame ::: Millennium Building
3 Hatidhar St., P.O. Box 2139
Raanana 43000, Israel +972   9   7766366
United States of Ame","United States of Ame
Millennium Building 3 Hatidhar St., P.O. Box 2139 Raanana 43000, Israel +972 9 7766366 ::: United States of Ame
Millennium Building 3 Hatidhar St., P.O. Box 2139 Raanana 43000, Israel +972 9 7766366", ::: , ::: , ::: , ::: ,IL ::: IL, ::: ,,,,,,,,,,,,,,,,,,,,,,,,,,,,,,,,
Iche,,,,,,,,,,,,,,Insurance,,Imported 8/1/13 ::: Imported on 4/29 ::: * myContacts,,,,,,,,,,,Mobile,+972 50 6765005,,,,,,,,,,,,,,,,,,,,,,,,,,,,,,,,,,,,,,,,,,,,,,,,,,,
Idan,,Heruti,,,,,,,,TopCo,,R&D,,Exchange E-mail Address: /o=BetterPlace/ou=Exchange Administrative Group (FYDIBOHF23SPDLT)/cn=Recipients/cn=idanh,,* myContacts,* Other,Idan.Heruti@betterplace.com,,,,,,,,,Work,972 73 790 2566,,,,,,,,,,,,,,,,,,,,,,,,,,,,,,,,,,,,,,Manager,Shimon Avraham,,,,,,,,,,,,
Idan,,Ofarim,,,,,,,,Press-sense,,,,<sn>id:817579762/friendof:809988573</sn>,https://lh3.googleusercontent.com/contacts/AG6tpzGqX-Y5SSCe5ejrRh3MNPxty-5_jXI8EwKpsK_xstV-ptldUGPD,Imported 8/1/13 ::: Imported on 4/29 ::: * myContacts,* Other,idan.ofarim@gmail.com,,,,,,,,,Mobile,+972 54 775 9902,,,,,,,,,,,Work,United States of America,,,,,,United States of America,,,,,,,,,,,,,,,,,,,,,,,,Other,http://www.press-sense.com ::: fb://profile/817579762,,,,,,,,
Idan,,Shemesh,,,,,,,,,,,,Exchange E-mail Address: /o=BetterPlace/ou=Exchange Administrative Group (FYDIBOHF23SPDLT)/cn=Recipients/cn=Idans,,* myContacts,* Other,Idan.Shemesh@betterplace.com,,,,,,,,,,,,,,,,,,,,,,,,,,,,,,,,,,,,,,,,,,,,,,,,,,,,,,,,,,,,,
Idan,,Youval,,,,,,,,,,,,<sn>id:556093087/friendof:809988573</sn>,https://lh3.googleusercontent.com/contacts/AG6tpzE2p_TJ_gBF4Xw130aJDE886Y3NWDd2qIQAspNRePbvMNfaDFtL,Imported 8/1/13 ::: Imported on 4/29 ::: * myContacts,* Other,idan.net@gmail.com,Other,idany@press-sense.com,,,,,,,Other,+1 (612) 532 9191,Mobile,+972 54 4802224,Work,+972 (4) 6260318 x 138,Radio,idan_net,,,,,,,,,,,,,,,,,,,,,,,,,,,,,,,,,,,,Other,fb://profile/556093087,,,,,,,,
Iddo,,Levinson,,,,,,Iddo,,Perfecto,,,1966-07-21,"Adi: 054-4340143

Old: +972 (54) 8166196
<sn>id:612418167/friendof:809988573</sn>",https://lh3.googleusercontent.com/contacts/AG6tpzGm0MjjyxMQ489j3HhGo0OYwIRrm48lBMp8HjkNa2Wpyf_9Poe_,Imported 8/1/13 ::: Imported on 4/29 ::: * myContacts,* Home,iddol@perfectomobile.com,Home,iddo.levinson@gmail.com ::: iddo.levinson@perfectomobile.com,,liddo@waze.com ::: liddo@google.com,,,,,Home,+972 (3) 5402572,Mobile,+972 (54) 7453533,Work,+972 (3) 9260115,Radio,iddolevinson,,,,,Work,"Ani Maamin 4
Ramat
Hasharon
47212
Israel",4 Ani Maamin,Ramat Hasharon,,,47212,Israel,,Home,"Ramat HaSharon, Tel Aviv
Israel",,Ramat HaSharon,,Tel Aviv,,Israel,,,,,,,,,,,,,,,Other,fb://profile/612418167,Profile,http://www.google.com/profiles/116103115242615721341,,,,,,
Ideas,,,,,,,,,,,,,,Exchange E-mail Address: /o=BetterPlace/ou=Exchange Administrative Group (FYDIBOHF23SPDLT)/cn=Recipients/cn=Ideas,,* myContacts,* Other,Ideas@betterplace.com,,,,,,,,,,,,,,,,,,,,,,,,,,,,,,,,,,,,,,,,,,,,,,,,,,,,,,,,,,,,,
Ido,,Marmorstein,,,,,,,,Press-sense,,,,,https://lh3.googleusercontent.com/contacts/AG6tpzFgYG-woYYU77_71Dx5Cg4Xue5TSfdyG3-2aa_UcmOCvyYxYB1n,Imported 8/1/13 ::: Imported on 4/29 ::: * myContacts,* Other,idom@press-sense.com,,,,,,,,,Mobile,+972 54-7719066,Other,+1 (312) 823-0447,,,,,,,,,,,,,,,,,,,,,,,,,,,,,,,,,,,,,,,,Other,fb://profile/602618381,Profile,http://www.google.com/profiles/106091857204803062010,,,,,,
Ido,,Tsalka,,,,,,,,Press-Snese,,,,<sn>id:653442169/friendof:809988573</sn>,https://lh3.googleusercontent.com/contacts/AG6tpzFQVyDeeq6BckrG_oYIyzZf9xdqOy1_SxiQKctgu-qR280_nzmn,Imported 8/1/13 ::: Imported on 4/29 ::: * myContacts,* Other,sheigetz@gmail.com,Other,ido@tek-f.com,,,,,,,Home,+972 (8) 8594535,Mobile,+972 (54) 7719128,Work,+972 (4) 6260318 x 137,Radio,sheigetz,,,,,,,,,,,,,,,,,,,,,,,,,,,,,,,,,,,,Other,fb://profile/653442169,,,,,,,,
Ido,,Tsubery,,,,,,,,Tecnomatix,R&D Director,,,,https://lh3.googleusercontent.com/contacts/AG6tpzH-Z4IuryS7-w7JRBhjPc5p5lClepJ7Iy4HiMYVvD5RJQZU4SKu,Imported 8/1/13 ::: wednesdaynightsoccer ::: Imported on 4/29 ::: * myContacts,* Other,ido.t@wrnty.com,Other,Ido.Tsubery@gmail.com,,,,,,,Home,+972 (3) 6056318,Mobile,+972 54-5646012,,,,,,,,,,,,,,,,,,,,,,,,,,,,,,,,,,,,,,,,Other,fb://profile/757283171,,,,,,,,
Ifat,,Baratz,,,,,,,,,,,,,,Imported 8/1/13 ::: Imported on 4/29 ::: * myContacts,* Home,baratzifat@gmail.com,,,,,,,,,Mobile,0548067486,,,,,,,,,,,,,,,,,,,,,,,,,,,,,,,,,,,,,,,,,,,,,,,,,,,
Iftah,,Sneh,,,,,,,,,,,,,,Imported 8/1/13 ::: Imported on 4/29 ::: * myContacts,* Other,iftahsneh@gmail.com,Other,iftah@backweb.com ::: iftahsneh@google.com,,iftahsneh@waze.com,,,,,Home,+972 (3) 7312132,Work,+972 (3) 7518464 x 203,Radio,iftahsneh,Mobile,+972 50-6307535,,,,,,,,,,,,,,,,,,,,,,,,,,,,,,,,,,,,Other,fb://profile/630480877,Profile,http://www.google.com/profiles/110920929489440870075,Sync.ME profile,http://sync.me/profile/A0GC9GEAJ-32DYNgYbhb_zleNY8W4QNxGvvGeJUzPrWSHrPpagMb0uU,,,,
Igor,,Braylovskiy,,,,,,,,Better Place Inc.,Engineer,Research & Development,,Exchange E-mail Address: /o=BetterPlace/ou=Exchange Administrative Group (FYDIBOHF23SPDLT)/cn=Recipients/cn=ibraylovskiy,,* myContacts,* Other,Igor.Braylovskiy@betterplace.com,,,,,,,,,Pager,Skype: igor.braylovskiy,Mobile,(650) 387-5521,Work,1 650 845 2872,,,,,,,Work,"1070 Arastradero Road, Suite 220
Palo Alto, California 94304
United States",Suite 220 1070 Arastradero Road,Palo Alto,,CA,94304,United States,,,,,,,,,,,,,,,,,,,,Manager,Shai Agassi,,,,,,,,,,,,
Igor,,Yanyutin,,,,,,,,TopCo,QA Engineer,R&D,,Exchange E-mail Address: /o=BetterPlace/ou=Exchange Administrative Group (FYDIBOHF23SPDLT)/cn=Recipients/cn=igory,,* myContacts,* Other,Igor.Yanyutin@betterplace.com,,,,,,,,,Pager,Skype: Ivy_growing,Mobile,972 54 532 1219,Work,972-73790 2229,,,,,,,,,,,,,,,,,,,,,,,,,,,,,,,,,,Manager,Shahaf Kieselstein,,,,,,,,,,,,
il,,info,,,,,,,,,,,,Exchange E-mail Address: /o=BetterPlace/ou=Exchange Administrative Group (FYDIBOHF23SPDLT)/cn=Recipients/cn=ilinfo,,* myContacts,* Other,il.info@betterplace.com,,,,,,,,,,,,,,,,,,,,,,,,,,,,,,,,,,,,,,,,,,,,,,,,,,,,,,,,,,,,,
Il,,Reception,,,,,,,,,,,,Exchange E-mail Address: /o=BetterPlace/ou=Exchange Administrative Group (FYDIBOHF23SPDLT)/cn=Recipients/cn=seco,,* myContacts,* Other,il.reception@betterplace.com,,,,,,,,,Work,972 73 7779777,,,,,,,,,,,,,,,,,,,,,,,,,,,,,,,,,,,,,,,,,,,,,,,,,,,
Ilan,,Aisic,,,,,,,,Pointer Software Systems,,,,,https://lh3.googleusercontent.com/contacts/AG6tpzGT8h9wRrQVUUpg9R9qKmUS71jf-7sc2N5WsLP-KuFVu9MaOEhS,Imported 8/1/13 ::: Imported on 4/29 ::: * myContacts,* Other,ilan@pointer.co.il,Other,iaisic@gmail.com,,,,,,,Mobile,+972 (52) 4815533,Work,+972 (4) 959 7299,Radio,iaisic,,,,,,,,,,,,,,,,,,,,,,,,,,,,,,,,,,,,,,,,,,,,,,,
Ilan,,Friedman,,,,,,,,Adept Strategies,President,,,,https://lh3.googleusercontent.com/contacts/AG6tpzEc2z1ZHQpxMzA1fn4aHWIvF6CGTx1e09b_Ya5DEc5J2Ww7JySY,Imported 8/1/13 ::: Imported on 4/29 ::: * myContacts,* Other,ilan@aiccse.org,Other,ilan@ncompas.net,,,,,,,Work,+1 (404) 843-9426,,,,,,,,,,,,,,,,,,,,,,,,,,,,,,,,,,,,,,,,,,Sync.ME profile,http://sync.me/profile/uc49-fIS4CEn8Us_tp8JQwhYZ6orQaBmbPGwYtc,,,,,,"Ncompas International Market Development, LLC",,
Ilan,,Horn,,,,,,,,Skybox Security,Chief Developer,,,,,Imported 8/1/13 ::: Imported on 4/29 ::: * myContacts,* Other,ilanhorn@gmail.com,Other,ilan@earthling.net,Work,ilan@google.com,,,,,,,,,,,,,,,,,,,,,,,,,,,,,,,,,,,,,,,,,,,,,,,,,,,,,,,,,
Ilan,,Jaffe,,,,,,Ilan,,,,,,,https://lh3.googleusercontent.com/contacts/AG6tpzFZXozxRKOjK6-sMUobncf79TDbZeSKopzZ_gVd7aJeUpmqFgzj,Imported 8/1/13 ::: Imported on 4/29 ::: * myContacts,* Other,ilan.jaffe@gmail.com,,,,,,,,,Mobile,+972 (52) 3678016,,,,,,,,,,,,,,,,,,,,,,,,,,,,,,,,,,,,,,,,,,Other,fb://profile/543399416,,,,,,,,
Ilan,,Maman,,,,,,,,"בה""ד 15",,,,Tomer's Friend,,Imported on 4/29 ::: * myContacts,,,,,,,,,,,Mobile,052-945-7954,,,,,,,,,,,,,,,,,,,,,,,,,,,,,,,,,,,,,,,,,,,,,,,,,,,
Ilan,,Mualem,,,,,,,,,הנהלת חשבונות,,,,,Imported 8/1/13 ::: Imported on 4/29 ::: * myContacts,* Work,ilunic@netvision.net.il,,,,,,,,,Mobile,+972 50 7602233,,,,,,,,,,,Work,"אחד העם 4
קומה 2, דירה 4
רעננה","קומה 2, דירה 4 4 אחד העם",רעננה,,,,,,,,,,,,,,,,,,,,,,,,,,,,,,,,,,,,,
Ilan,Peer,(web),,,,,,,,wednesdaynightsoccer,,,,,https://lh3.googleusercontent.com/contacts/AG6tpzGjy7p-bO8VrEYciUgf7ydQpRD5k-7IVNkA2q4WKkEvdRGC_bvJ,Imported 8/1/13 ::: wednesdaynightsoccer ::: Imported on 4/29 ::: * myContacts,* Other,ilan.web@gmail.com,,,,,,,,,Mobile,054-5702047,,,,,,,,,,,,,,,,,,,,,,,,,,,,,,,,,,,,,,,,,,Other,fb://profile/503224131,,,,,,,,
Ilan,,Peleg,,,,,,,,TopCo,Charging spot project manager,R&D,,Exchange E-mail Address: /o=BetterPlace/ou=Exchange Administrative Group (FYDIBOHF23SPDLT)/cn=Recipients/cn=IlanP,,* myContacts,* Other,Ilan.Peleg@betterplace.com,,,,,,,,,Pager,Skype: ilan.peleg222,Mobile,972 54 775 5852,Work,972 73 790 2175,,,,,,,,,,,,,,,,,,,,,,,,,,,,,,,,,,Manager,Tal Agassi,,,,,,,,,,,,
Ilan,,Shelef,,,,,,,,,,,,,,* myContacts,,,,,,,,,,,נייד,+972506264322,,,,,,,,,,,,,,,,,,,,,,,,,,,,,,,,,,,,,,,,,,,,,,,,,,,
Ilana,,dankovich,,,,,,,,TopCo,OBS Manager,R&D,,Exchange E-mail Address: /o=BetterPlace/ou=Exchange Administrative Group (FYDIBOHF23SPDLT)/cn=Recipients/cn=Ilanad,https://lh3.googleusercontent.com/contacts/AG6tpzFKpOtGOTi7iC92f2t14DnaE69PHT6omdoXcq0O9PWB06RSGR3i,* myContacts,* Other,Ilana.dankovich@betterplace.com,,,,,,,,,Mobile,972 54 623 3461,Work,972 73 790 2140,,,,,,,,,,,,,,,,,,,,,,,,,,,,,,,,,,,,Manager,Lior Storfer,,,,,,,,,,,,
Ilanit,,Lugassi Eyal,,,,,,,,BP IL,Partners Relations Manager,Sales   Team: SME,,Exchange E-mail Address: /o=BetterPlace/ou=Exchange Administrative Group (FYDIBOHF23SPDLT)/cn=Recipients/cn=ilanitl,https://lh3.googleusercontent.com/contacts/AG6tpzHMuYee7mNMOYDgjOmI8eQO2RvWJpRd_yCVzsgBory6mQApD3J-,* myContacts,* Other,ilanit.lugassi@betterplace.com,,,,,,,,,Mobile,054-7657108,Work,972 73 790 2581,,,,,,,,,,,,,,,,,,,,,,,,,,,,,,,,,,,,Manager,Sagie Kouznitz,,,,,,,,,,,,
ilccagent,,,,,,,,,,,,,,Exchange E-mail Address: /o=BetterPlace/ou=Exchange Administrative Group (FYDIBOHF23SPDLT)/cn=Recipients/cn=ilccagent,,* myContacts,* Other,ilccagent@betterplace.com,,,,,,,,,,,,,,,,,,,,,,,,,,,,,,,,,,,,,,,,,,,,,,,,,,,,,,,,,,,,,
Inbal,,Baider,,,,,,,,,,,,,,Imported on 4/29 ::: * myContacts,,,,,,,,,,,Mobile,+972 54-490-5280,,,,,,,,,,,,,,,,,,,,,,,,,,,,,,,,,,,,,,,,,,,,,,,,,,,
Inbal,,Fried,,,,,,,,OpCo,Environment Engineer,Regulations,,Exchange E-mail Address: /o=BetterPlace/ou=Exchange Administrative Group (FYDIBOHF23SPDLT)/cn=Recipients/cn=inbalf,,* myContacts,* Other,Inbal.Fried@betterplace.com,,,,,,,,,Mobile,972 54 830 9237,Work,972 73 790 2260,,,,,,,,,,,,,,,,,,,,,,,,,,,,,,,,,,,,Manager,Ziva Patir,,,,,,,,,,,,
Inbal,,Levy,,,,,,,,תמורה,מנהלת יחידה עסקית,,,Insurance Google,,Imported on 4/29 ::: * myContacts,* Work,InbalL@tmu.co.il,,,,,,,,,,,,,,,,,,,,,,,,,,,,,,,,,,,,,,,,,,,,,,,,,,,,,,,,,,,,,
Inbal,,Marton,,,,,,,,,,,,,,Imported on 4/29 ::: * myContacts ::: * starred,* ,inbalpo12@gmail.com,,,,,,,,,Mobile,+972509777018,,,,,,,,,,,,,,,,,,,,,,,,,,,,,,,,,,,,,,,,,,,,,,,,,,,
Inbal,,Pasternak,,,,,,,,Press-sense,Product Management,,,<sn>id:784179325/friendof:809988573</sn>,https://lh3.googleusercontent.com/contacts/AG6tpzEbAWVimR2GRj5mRXQzZcaAjqo0q_bE9EO4ElkSzTSLLhrJsMXj,Imported 8/1/13 ::: Imported on 4/29 ::: * myContacts,* Other,inbal@press-sense.com,,,,,,,,,Mobile,+972 54 7719087,,,,,,,,,,,,,,,,,,,,,,,,,,,,,,,,,,,,,,,,,,Other,fb://profile/784179325,Profile,http://www.google.com/profiles/105205101123441212770,,,,,,
Inbal,,Zaltzman,,,,,,,,OpCo,Marcom Manager,M&S,,Exchange E-mail Address: /o=BetterPlace/ou=Exchange Administrative Group (FYDIBOHF23SPDLT)/cn=Recipients/cn=inbalz,https://lh3.googleusercontent.com/contacts/AG6tpzE2n2V_kNFDYOFXYgugMEawamS3vO_YUFuqvj5KmpGUdrSFnF2y,* myContacts,* Other,Inbal.Zaltzman@betterplace.com,,,,,,,,,Pager,Skype: Inbal.Zaltzman,Mobile,972 54 260 7418,Work,972 73 790 2145,Other Fax,972 3 644 8699,,,,,,,,,,,,,,,,,,,,,,,,,,,,,,,,Manager,Dafna Agassi,,,,,,,,,,,,
Inbar,,,,,,,,,,,,,,,https://lh3.googleusercontent.com/contacts/AG6tpzGWyMJOCLtn1i4NvqA_GFDe3s8r4FKxbkBU9tMaCUK3S6RxOWlo,Imported 8/1/13 ::: Imported on 4/29 ::: * myContacts,,,,,,,,,,,Mobile,0524617861,,,,,,,,,,,,,,,,,,,,,,,,,,,,,,,,,,,,,,,,,,,,,,,,,,,
Inbar,,Cizer,,,,,,,,,,,,Exchange E-mail Address: /o=BetterPlace/ou=Exchange Administrative Group (FYDIBOHF23SPDLT)/cn=Recipients/cn=inbarc,,* myContacts,* Other,Inbar.Cizer@betterplace.com,,,,,,,,,Mobile,972 54 977 6700,,,,,,,,,,,,,,,,,,,,,,,,,,,,,,,,,,,,,,,,,,,,,,,,,,,
Inbar,,Greenberg,,,,,,,,TTI,,,,,,Imported 8/1/13 ::: Imported on 4/29 ::: * myContacts,* Other,inbar@tti-telecom.com,,,,,,,,,Home,+972 (9) 7659630,Mobile,+972 (54) 7779823,Work,+972 (3) 9269823,,,,,,,,,,,,,,,,,,,,,,,,,,,,,,,,,,,,,,,,,,,,,,,
Inbar,,Levy,,,,,,,,,,,,,,Imported on 4/29 ::: * myContacts,* ,inbarl@waze.com,Work,inbarl@google.com,,,,,,,Home,052-5839242,,,,,,,,,,,,,,,,,,,,,,,,,,,,,,,,,,,,,,,,,,,,,,,,,,,
Inbar,,Margolin,,,,,,,,Press-sense,Marketing Manager,,,<sn>id:602051982/friendof:809988573</sn>,https://lh3.googleusercontent.com/contacts/AG6tpzFoPBilcmrTorEBNQApRKky7_xcf4jGYaKKgdA3JGOHq_V__ct5,Imported 8/1/13 ::: Imported on 4/29 ::: * myContacts,* Other,inbarmargolin@gmail.com,Other,inbar@press-sense.com,,,,,,,Mobile,+13128230447,Work,+972 4-6260318 Ext 106,Work Fax,+972 4-6361540,,,,,,,Work,United States of America,,,,,,United States of America,,,,,,,,,,,,,,,,,,,,,,,,Other,fb://profile/602051982,Profile,http://www.google.com/profiles/106091857204803062010,,,,,,
Inbar,,Rozenzweig,,,,,,,,,,,,Exchange E-mail Address: /o=BetterPlace/ou=Exchange Administrative Group (FYDIBOHF23SPDLT)/cn=Recipients/cn=inbarr,https://lh3.googleusercontent.com/contacts/AG6tpzGgCD9YKZA9EOXXN5v0PyisFIFSizvPxcIlGRfKQmoKMbTMkXmy,* myContacts,* Other,Inbar.Rozenzweig@betterplace.com,,,,,,,,,Mobile,972 54 8300687,Work,972 73 790 2544,,,,,,,,,,,,,,,,,,,,,,,,,,,,,,,,,,,,,,,,,,,,,,,,,
Ines,,Botbol,,,,,,,,,,,,,https://lh3.googleusercontent.com/contacts/AG6tpzFlHDZobF5hEasdrZ7jJ_tm_0Low4NRwMVoRt07Gzw2cnE8qSMO,Imported 8/1/13 ::: Waze ::: Imported on 4/29 ::: * myContacts,,,,,,,,,,,Home,+972-3-9663018,Mobile,+972-54-4413942,,,,,,,,,Home,דרובין 33 ראשון לציון 75231,33 דרובין,ראשון לציון,,,75231,,,,,,,,,,,,,,,,,,,,,,,,,,,,,,,,,,
Info,,,,,,,,,,,,,,Exchange E-mail Address: /o=BetterPlace/ou=Exchange Administrative Group (FYDIBOHF23SPDLT)/cn=Recipients/cn=infobp,,* myContacts,* Other,infobp@betterplace.com,,,,,,,,,,,,,,,,,,,,,,,,,,,,,,,,,,,,,,,,,,,,,,,,,,,,,,,,,,,,,
Info-Japan,,,,,,,,,,,,,,Exchange E-mail Address: /o=BetterPlace/ou=Exchange Administrative Group (FYDIBOHF23SPDLT)/cn=Recipients/cn=info,,* myContacts,* Other,info-japan@betterplace.com,,,,,,,,,,,,,,,,,,,,,,,,,,,,,,,,,,,,,,,,,,,,,,,,,,,,,,,,,,,,,
,,,,,,,,,,Wiz Kids,,,,,,Imported 8/1/13 ::: Imported on 4/29 ::: * myContacts,* ,info@wizkids.co.il,,,,,,,,,Work,+972-9-746-4224,,,,,,,,,,,,,,,,,,,,,,,,,,,,,,,,,,,,,,,,,,Home Page,www.wizkids.co.il,,,,,,,,
Infrastructure,,Fax,,,,,,,,,,,,Exchange E-mail Address: /o=BetterPlace/ou=Exchange Administrative Group (FYDIBOHF23SPDLT)/cn=Recipients/cn=InfraFax,,* myContacts,* Other,Infrastructure.Fax@betterplace.com,,,,,,,,,,,,,,,,,,,,,,,,,,,,,,,,,,,,,,,,,,,,,,,,,,,,,,,,,,,,,
Infrastructure,,Team,,,,,,,,,,,,,,* myContacts,* ,ifs@waze.com,,,,,,,,,,,,,,,,,,,,,,,,,,,,,,,,,,,,,,,,,,,,,,,,,,,,,,,,,,,,,
Inna,,Lerman,,,,,,Inna,,Pageflex,QA engineer,,,,,Imported 8/1/13 ::: Imported on 4/29 ::: * myContacts,* Other,inna@Press-sense.com,,,,,,,,,Home,+972 (9) 7602082,Mobile,+972 (54) 4622425,Work,+972 (4) 6260318 x 135,,,,,,,,,,,,,,,,,,,,,,,,,,,,,,,,,,,,,,,,,,,,,,,
Innocent,,Wamey,,,,,,,,,,,,,,Imported 8/1/13 ::: Imported on 4/29 ::: * myContacts,* ,Innocent.Wamey@BellSouth.com,,,,,,,,,,,,,,,,,,,,,,,,,,,,,,,,,,,,,,,,,,,,,,,,,,,,,,,,,,,,,
InterCall,,# 3,,,,,,,,,,,,Exchange E-mail Address: /o=BetterPlace/ou=Exchange Administrative Group (FYDIBOHF23SPDLT)/cn=Recipients/cn=Intercall3,,* myContacts,* Other,InterCall.#3@betterplace.com,,,,,,,,,,,,,,,,,,,,,,,,,,,,,,,,,,,,,,,,,,,,,,,,,,,,,,,,,,,,,
InterCall,,#1,,,,,,,,,,,,Exchange E-mail Address: /o=BetterPlace/ou=Exchange Administrative Group (FYDIBOHF23SPDLT)/cn=Recipients/cn=Intercall,,* myContacts,* Other,InterCall.#1@betterplace.com,,,,,,,,,,,,,,,,,,,,,,,,,,,,,,,,,,,,,,,,,,,,,,,,,,,,,,,,,,,,,
InterCall,,#2,,,,,,,,,,,,Exchange E-mail Address: /o=BetterPlace/ou=Exchange Administrative Group (FYDIBOHF23SPDLT)/cn=Recipients/cn=Intercall2,,* myContacts,* Other,InterCall.#2@betterplace.com,,,,,,,,,,,,,,,,,,,,,,,,,,,,,,,,,,,,,,,,,,,,,,,,,,,,,,,,,,,,,
Ira,,Kogan Slootsky,,,,,,,,Amdocs,Customer Implementation Manager Director,,,,https://lh3.googleusercontent.com/contacts/AG6tpzFvA4oKESefPBe_t-zrb9AhEQqa3pazIQUhDsxu_K47OVCSKgTN,Imported 8/1/13 ::: Imported on 4/29 ::: * myContacts,* Other,ira@tti-telecom.com,Other,ira_kogan@yahoo.com,,,,,,,Mobile,+1 (201) 621-1512,Work,+1 (201) 7953883 ext 215,Radio,ira_kogan,,,,,,,Work,"2 Hudson Pl. 6th Fl.
Hoboken
NJ
07030
United States of America",6th Fl 2 Hudson Pl,Hoboken,,NJ,07030,United States of America,,,,,,,,,,,,,,,,,,,,,,,,,,,,,,,,,
Irad,,Segev,,,,,,,,,,,,"Group: Map Team
Israeli Mobile: 972.50.7890535
Mobile: +972.50.7890535",,Imported 8/1/13 ::: Imported 3/19/12 ::: Imported on 4/29 ::: * myContacts,* Work,irad@google.com,Other,irad@waze.com,,,,,,,Mobile,+972  507890535,,,,,,,,,,,,,,,,,,,,,,,,,,,,,,,,,,,,,,,,,,Profile,http://www.google.com/profiles/105601509213539063067,,,,,,,,
Irene,,Veje,,,,,,,,Better Place Denmark A/S,Front Desk Manager,Office Admin,,Exchange E-mail Address: /o=BetterPlace/ou=Exchange Administrative Group (FYDIBOHF23SPDLT)/cn=Recipients/cn=Irene.veje,,* myContacts,* Other,Irene.veje@betterplace.com,,,,,,,,,Mobile,45 31 73 05 03,,,,,,,,,,,Work,"Bygmestervej 57
DK-2400
Copenhagen
Denmark",57 Bygmestervej,Copenhagen,,,2400,Denmark,,,,,,,,,,,,,,,,,,,,Manager,Betina Osander,,,,,,,,,,,,
Iris,,Altman,,,,,,,,OpCo,Customer services quality manager,Ops,,Exchange E-mail Address: /o=BetterPlace/ou=Exchange Administrative Group (FYDIBOHF23SPDLT)/cn=Recipients/cn=IrisA,,* myContacts,* Other,Iris.Altman@betterplace.com,,,,,,,,,Pager,skype:,Mobile,972 54 323 3063,Work,972 73 790 2174,,,,,,,,,,,,,,,,,,,,,,,,,,,,,,,,,,Manager,Einat Rom,,,,,,,,,,,,
Iris,,Kol,,,,,,,,,,,,,,Imported on 4/29 ::: * myContacts,* ,kol@waze.com,Work,kol@google.com,,,,,,,Other,0503315556,,,,,,,,,,,,,,,,,,,,,,,,,,,,,,,,,,,,,,,,,,,,,,,,,,,
Irit,,,,,,,,,,Simon & Wisel,,,,,,Imported 8/1/13 ::: Imported on 4/29 ::: * myContacts,,,,,,,,,,,Mobile,+972 (52) 3588533,Work,+972 (4) 8551202,,,,,,,,,,,,,,,,,,,,,,,,,,,,,,,,,,,,,,,,,,,,,,,,,
Irit,,Barnea,,,,,,,,,,,,Exchange E-mail Address: /o=BetterPlace/ou=Exchange Administrative Group (FYDIBOHF23SPDLT)/cn=Recipients/cn=iritb,https://lh3.googleusercontent.com/contacts/AG6tpzHgJVxBpc06BP3NvrJjnAfnCu8SiYgLW4Dk6dN2nKA6U8M8O21n,* myContacts,* Other,Irit.Barnea@betterplace.com,,,,,,,,,Mobile,972 52 329 3297,,,,,,,,,,,,,,,,,,,,,,,,,,,,,,,,,,,,,,Manager,Eyal Almog,,,,,,,,,,,,
Irit,,Donner-Shirizly,,,,,,,,,,,,,,Imported 8/1/13 ::: Imported on 4/29 ::: * myContacts,* Other,IRITD@amdocs.com,,,,,,,,,Mobile,+972 (52) 6148959,Assistant,33030,Work,+972 (9) 7733004,,,,,,,,,,,,,,,,,,,,,,,,,,,,,,,,,,,,,,,,,,,,,,,
Irit,,Hemo,,,,,,,,OpCo,Business Process Engineer,Sales,,Exchange E-mail Address: /o=BetterPlace/ou=Exchange Administrative Group (FYDIBOHF23SPDLT)/cn=Recipients/cn=irith,,* myContacts,* Other,Irit.Hemo@betterplace.com,,,,,,,,,Mobile,972 54 778 0404,Work,972 73 790 2269,,,,,,,,,,,,,,,,,,,,,,,,,,,,,,,,,,,,Manager,Lior Resnik,,,,,,,,,,,,
Irit,,Kaye,,,,,,,,Press-sense,Graphic Designer,,,<sn>id:600950981/friendof:809988573</sn>,https://lh3.googleusercontent.com/contacts/AG6tpzFsguJHO03WkMHwYUVR9vjpWg9M_MPEJajnxgd91HzcS-3GHRs4,Imported 8/1/13 ::: Imported on 4/29 ::: * myContacts,* Other,iritk@press-sense.com,Other,irit_kaye@yahoo.com,,,,,,,Mobile,+972 52-8390932,Work,+972 4-6260318,Work Fax,+972 4-6361540,,,,,,,Work,United States of America,,,,,,United States of America,,,,,,,,,,,,,,,,,,,,,,,,Other,http://www.press-sense.com,,,,,,,,
Ishai,,Jaffe,,,,,,Ishai,,,,,,<sn>id:522936545/friendof:809988573</sn>,https://lh3.googleusercontent.com/contacts/AG6tpzGMBCE0buRqgqmcUTGKr6Pr07bWNfCcrtZsDSuEjNcaTxNagmGU,Imported 8/1/13 ::: Imported on 4/29 ::: * myContacts,* Home,ishai@press-sense.com,,,,,,,,,Mobile,+972 508-455243,,,,,,,,,,,,,,,,,,,,,,,,,,,,,,,,,,,,,,,,,,Other,fb://profile/522936545,,,,,,,,
Israel,,Brill,,,,,,,,Extreme Technologies Ltd.,Advanced Solutions Consultant,,,,,Imported 8/1/13 ::: Imported on 4/29 ::: * myContacts,* Other,israelb@extreme.co.il,,,,,,,,,Mobile,+972 (52) 4844491,Work,+972 (3) 9248558,,,,,,,,,,,,,,,,,,,,,,,,,,,,,,,,,,,,,,,,,http://www.extreme.co.il,,,,,,,,
Israel,,Career,,,,,,,,,,,,Exchange E-mail Address: /o=BetterPlace/ou=Exchange Administrative Group (FYDIBOHF23SPDLT)/cn=Recipients/cn=ilcareer,,* myContacts,* Other,Israel.Career@betterplace.com,,,,,,,,,,,,,,,,,,,,,,,,,,,,,,,,,,,,,,,,,,,,,,,,,,,,,,,,,,,,,
Israel Deployment,,Deployment,,,,,,,,,,,,Exchange E-mail Address: /o=BetterPlace/ou=Exchange Administrative Group (FYDIBOHF23SPDLT)/cn=Recipients/cn=israel.deployment,,* myContacts,* Other,israel.deployment@betterplace.com,,,,,,,,,,,,,,,,,,,,,,,,,,,,,,,,,,,,,,,,,,,,,,,,,,,,,,,,,,,,,
Israel,,Disatnik,,,,,,,,,,,,"Srul

Group: R&D 
Israeli Mobile: 972.54.3307064
Mobile: +972.54.3307064",,Imported 8/1/13 ::: Waze ::: Imported 3/19/12 ::: Imported on 4/29 ::: * myContacts,* ,srul@waze.com,Work,srul@google.com,,,,,,,Mobile,+972-54-3307064,,,,,,,,,,,Home,"גלעד 6 בת-חפר, 42842",6 גלעד,בת-חפר,,,42842,,,,,,,,,,,,,,,,,,,,,,,,,Profile,http://www.google.com/profiles/115516054355370642734,,,,,Photo,https://lh5.googleusercontent.com/-WCuhY8zR03U/V4yuNyk5_FI/AAAAAAAAAAA/Y1rezDGFEGgSQyUCk9GYzfKJv7x1XdXKgCOQCEAE/photo.jpg,,
Israel,,Jobs,,,,,,,,,,,,Exchange E-mail Address: /o=BetterPlace/ou=Exchange Administrative Group (FYDIBOHF23SPDLT)/cn=Recipients/cn=iljobs,,* myContacts,* Other,iljobs@betterplace.com,,,,,,,,,,,,,,,,,,,,,,,,,,,,,,,,,,,,,,,,,,,,,,,,,,,,,,,,,,,,,
Israel,,Mizner,,,,,,,,,,,,US,,Imported 8/1/13 ::: Imported on 4/29 ::: * myContacts,,,,,,,,,,,Work,+97235347980,,,,,,,,,,,,,,,,,,,,,,,,,,,,,,,,,,,,,,,,,,,,,,,,,,,
Israel,,Sales,,,,,,,,,,,,Exchange E-mail Address: /o=BetterPlace/ou=Exchange Administrative Group (FYDIBOHF23SPDLT)/cn=Recipients/cn=ilsales,,* myContacts,* Other,Israel.Sales@betterplace.com,,,,,,,,,,,,,,,,,,,,,,,,,,,,,,,,,,,,,,,,,,,,,,,,,,,,,,,,,,,,,
Israel,Test,drive,,,,,,,,,,,,Exchange E-mail Address: /o=BetterPlace/ou=Exchange Administrative Group (FYDIBOHF23SPDLT)/cn=Recipients/cn=TestDrive,,* myContacts,* Other,Israel.Testdrive@betterplace.com,,,,,,,,,,,,,,,,,,,,,,,,,,,,,,,,,,,,,,,,,,,,,,,,,,,,,,,,,,,,,
IT,,,,,,,,,,,,,,Exchange E-mail Address: /o=BetterPlace/ou=Exchange Administrative Group (FYDIBOHF23SPDLT)/cn=Recipients/cn=it,,* myContacts,* Other,it@betterplace.com,,,,,,,,,,,,,,,,,,,,,,,,,,,,,,,,,,,,,,,,,,,,,,,,,,,,,,,,,,,,,
IT,,Fax,,,,,,,,,,,,Exchange E-mail Address: /o=BetterPlace/ou=Exchange Administrative Group (FYDIBOHF23SPDLT)/cn=Recipients/cn=ITFax,,* myContacts,* Other,IT.Fax@betterplace.com,,,,,,,,,,,,,,,,,,,,,,,,,,,,,,,,,,,,,,,,,,,,,,,,,,,,,,,,,,,,,
IT,,Helpdesk,,,,,,,,,,,,Exchange E-mail Address: /o=BetterPlace/ou=Exchange Administrative Group (FYDIBOHF23SPDLT)/cn=Recipients/cn=ithelpdesk,,* myContacts,* Other,ITHelpdesk@betterplace.com,,,,,,,,,,,,,,,,,,,,,,,,,,,,,,,,,,,,,,,,,,,,,,,,,,,,,,,,,,,,,
Itai,,Barak,,,,,,,,TopCo,QA Field Trials Team Leader,QA Team: Field Trials,,Exchange E-mail Address: /o=BetterPlace/ou=Exchange Administrative Group (FYDIBOHF23SPDLT)/cn=Recipients/cn=itaib,https://lh3.googleusercontent.com/contacts/AG6tpzHwUZPsNg5yHA1ztkW-rS4WejMR95zmUZlt-cf1vaFClA29q2nW,* myContacts,* Other,Itai.Barak@betterplace.com,,,,,,,,,Mobile,972 54 301 7030,Work,972 73 790 2583,,,,,,,,,,,,,,,,,,,,,,,,,,,,,,,,,,,,Manager,Yoni Danieli,,,,,,,,,,,,
Itai,,Gomer,,,,,,,,,,,,,,* myContacts,,,,,,,,,,,Mobile,+972546610911,,,,,,,,,,,,,,,,,,,,,,,,,,,,,,,,,,,,,,,,,,,,,,,,,,,
Itai,,Gordon,,,,,,,,Actiview,Managing director - business development,,,Team,,Imported 8/1/13 ::: Imported on 4/29 ::: * myContacts,* Other,itai.gor@gmail.com,Other,itai9@012.net.il,,,,,,,Mobile,0544789088,Work,+97246291195,Home,+97246291195,Other,04-6291283,,,,,Home,"Bareket 35
Zicron
Yacov
30900
United States of America",Bareket 35 Zicron Yacov 30900,,,,,United States of America,,,,,,,,,,,,,,,,,,,,,,,,,,,,,,,,,
Itai,,Zilbershtein,,,,,,,,,,,,Exchange E-mail Address: /o=BetterPlace/ou=Exchange Administrative Group (FYDIBOHF23SPDLT)/cn=Recipients/cn=itaiZ,,* myContacts,* Other,Itai.Zilbershtein@betterplace.com,Other,itaiez@gmail.com,,,,,,,Mobile,+972 54.5555374,,,,,,,,,,,,,,,,,,,,,,,,,,,,,,,,,,,,,,,,,,,,,,,,,,,
Itamar,,Borukhov,,,,,,,,Compugen Ltd.,Algorithm developer,,,LinkedIn Profile: https://www.linkedin.com/profile?viewProfile=&key=3359683,,Imported 8/1/13 ::: Imported on 4/29 ::: * myContacts,* Other,itamar01@gmail.com,Other,itamarb@compugen.co.il,,,,,,,,,,,,,,,,,,,,,,,,,,,,,,,,,,,,,,,,,,,,,,,,,,Other,fb://profile/100001276755414,,,,,,,,
Itamar,,Inbal,,,,,,,,,,,,Exchange E-mail Address: /o=BetterPlace/ou=Exchange Administrative Group (FYDIBOHF23SPDLT)/cn=Recipients/cn=Itamari,,* myContacts,* Other,Itamar.Inbal@betterplace.com,,,,,,,,,Mobile,972 52 839 5645,Work,972 3 916 5645,,,,,,,,,,,,,,,,,,,,,,,,,,,,,,,,,,,,,,,,,,,,,,,,,
Itamar,,Kazaz,,,,,,,,,,,,,,* myContacts,* Other,Itamar.Kazaz@betterplace.com,,,,,,,,,,,,,,,,,,,,,,,,,,,,,,,,,,,,,,,,,,,,,,,,Manager,Ilana dankovich,,,,,,,,,,,,
Itamar,,Lavender,,,,,,,,,,,,"Group: R&D
Israeli Mobile: 972.54.6558780
Mobile: +972.54.6558780",,Imported 8/1/13 ::: Imported 3/19/12 ::: Imported on 4/29 ::: * myContacts,* Primary,itamarl@waze.com,,,,,,,,,Mobile,054-655-8780,,,,,,,,,,,,,,,,,,,,,,,,,,,,,,,,,,,,,,,,,,,,,,,,,,,
Itamar,,Levitt,,,,,,,,,,,,,,Imported 8/1/13 ::: Imported on 4/29 ::: * myContacts,* Other,itamar_levit@hotmail.com,,,,,,,,,Radio,itamar_levit,Mobile,+972 (52) 2656335,Home,+972 (8) 8544742,,,,,,,,,,,,,,,,,,,,,,,,,,,,,,,,,,,,,,,,,,,,,,,
Itamar,,Nabriski,,,,,,,,,,,,itamar/munch31,https://lh3.googleusercontent.com/contacts/AG6tpzG4zfbI9ej9_uJhZsV63Q9BT5mjHTz0-NVSu6UpdRmfMsw-Mh_A,Imported 8/1/13 ::: Imported on 4/29 ::: * myContacts,* ,itamar.nabriski@gmail.com,,,,,,,,,,,,,,,,,,,,,,,,,,,,,,,,,,,,,,,,,,,,,,,,,,,,,,,,,,,,,
Itay,,Borba,,,,,,,,TopCo,Acquisition Representative,Ops,,Exchange E-mail Address: /o=BetterPlace/ou=Exchange Administrative Group (FYDIBOHF23SPDLT)/cn=Recipients/cn=itayb,https://lh3.googleusercontent.com/contacts/AG6tpzFHfT0503hPWAyfD3RMCJEKLBVXXb9sxAIALICbPCLTT3xIiu_T,* myContacts,* Other,itay.borba@betterplace.com,,,,,,,,,Pager,Skype: betterplace.itayb,Mobile,972 50 638 4449,Work,972 73 790 2231,,,,,,,,,,,,,,,,,,,,,,,,,,,,,,,,,,Manager,Eran Schentag,,,,,,,,,,,,
Itay,,Brener,,,,,,,,,,,,Noa's Sister,,Imported 8/1/13 ::: Imported on 4/29 ::: * myContacts,* Work,itayb0@zahav.net.il,Work,itay@telefire.co.il,,,,,,,,,,,,,,,,,,,,,,,,,,,,,,,,,,,,,,,,,,,,,,,,,,,,,,,,,,,
Itzik,,Ish-Shalom,,,,,,,,ITG,Sybase Database Administrator,,,LinkedIn Profile: https://www.linkedin.com/profile?viewProfile=&key=4145040,https://lh3.googleusercontent.com/contacts/AG6tpzGoZj-dv9PcCBkHX1JFRQTI90fV8f9qSJpVgKMkUfB1iOuOvRdo,Imported 8/1/13 ::: Imported on 4/29 ::: * myContacts,* Other,izik.is@gmail.com,Other,itziki@itgil.com,,,,,,,,,,,,,,,,,,,,,,,,,,,,,,,,,,,,,,,,,,,,,,,,,,,fb://profile/1614665756,,,,,,,,
Itzik,,Solan,,,,,,,,TopCo,Project Manager - BES,R&D,,Exchange E-mail Address: /o=BetterPlace/ou=Exchange Administrative Group (FYDIBOHF23SPDLT)/cn=Recipients/cn=itziks,,* myContacts,* Other,Itzik.Solan@betterplace.com,,,,,,,,,Mobile,972 54 323 3065,Work,972 73 790 2187,,,,,,,,,,,,,,,,,,,,,,,,,,,,,,,,,,,,Manager,Tal Agassi,,,,,,,,,,,,
Izavon,,,,,,,,,,,,,,,,Imported 8/1/13 ::: Imported on 4/29 ::: * myContacts,,,,,,,,,,,Home,+972 (3) 5482352,Work,+972 (3) 5482735,,,,,,,,,,,,,,,,,,,,,,,,,,,,,,,,,,,,,,,,,,,,,,,,,
J,,Wright,,,,,,,,,,,,"NMLI

nice ZAKAN",,Imported 8/1/13 ::: Imported on 4/29 ::: * myContacts,,,,,,,,,,,,,,,,,,,,,,,,,,,,,,,,,,,,,,,,,,,,,,,,,,,,,,,,,,,,,,,
Jacob,,Tzedef,,,,,,,,,,,,,,Imported 8/1/13 ::: Imported on 4/29 ::: * myContacts,* Other,Mali.kobi@gmail.com,,,,,,,,,,,,,,,,,,,,,,,,,,,,,,,,,,,,,,,,,,,,,,,,,,,,,fb://profile/719767070,,,,,,,,
Jake,,Baseball,,,,,,,,,,,,,,* myContacts,,,,,,,,,,,Mobile,+972504379282,,,,,,,,,,,,,,,,,,,,,,,,,,,,,,,,,,,,,,,,,,,,,,,,,,,
Janine,,Broer-Sevilla,,,,,,,,,,,,,,Imported 8/1/13 ::: Imported on 4/29 ::: * myContacts,* Other,j@claratix.com,,,,,,,,,,,,,,,,,,,,,,,,,,,,,,,,,,,,,,,,,,,,,,,,,,,,,,,,,,,,,
Japan Driver,,,,,,,,,,,,,,,,* myContacts,,,,,,,,,,,Mobile,+819098165810,,,,,,,,,,,,,,,,,,,,,,,,,,,,,,,,,,,,,,,,,,,,,,,,,,,
Japanese,Studies,Center,,,,,,,,Japanese Studies Center,,,,,,Imported on 4/29 ::: * myContacts,,,,,,,,,,,Main,+972 52-883-5857,,,,,,,,,,,Home,"Shefa Tal St 12, Tel Aviv-Yafo, Israel ::: Shefa Tal St 12, Tel Aviv-Yafo, Israel",12 Shefa Tal St ::: 12 Shefa Tal St,Tel Aviv-Yafo ::: Tel Aviv-Yafo, ::: , ::: , ::: ,Israel ::: Israel, ::: ,,,,,,,,,,,,,,,,,,,,,,,Other,http://japanese-center.co.il/אודות/,,,,,,,,
Jaqueline,,Imani,,,,,,,,,metapelet,,,,,Imported 8/1/13 ::: Imported on 4/29 ::: * myContacts,,,,,,,,,,,Mobile,054-8031223,,,,,,,,,,,,,,,,,,,,,,,,,,,,,,,,,,,,,,,,,,,,,,,,,,,
Jason,C,Ho,,,,,,,,Xerox,,,,,,Imported 8/1/13 ::: Imported on 4/29 ::: * myContacts,* Other,Jason.Ho@xerox.com,,,,,,,,,Home,+1 (310) 9211175,Mobile,+1 (310) 7488119,Work,+1 (310) 3332875,Work Fax,+1 (617) 213.4729 pp 63674971 #,,,,,,,,,,,,,,,,,,,,,,,,,,,,,,,,,,,,,,,,,,,,,
Jason,,Frankenfield,,,,,,,,K/P Corporation,Senior Systems Administrator,,,,,Imported 8/1/13 ::: Imported on 4/29 ::: * myContacts,* Other,jfrankenfield@kpcorp.com,,,,,,,,,Work,+1 9255435246,,,,,,,,,,,,,,,,,,,,,,,,,,,,,,,,,,,,,,,,,,,,,,,,,,,
Jason,,Wolf,,,,,,,,Better Place Inc.,Head of Better Place North America,Better Place North America,,Exchange E-mail Address: /o=BetterPlace/ou=Exchange Administrative Group (FYDIBOHF23SPDLT)/cn=Recipients/cn=jwolf,https://lh3.googleusercontent.com/contacts/AG6tpzHm1GUfuaKiccKE3vTC6m0dqvJv3uZwJ9KjGuGXH_Lbfb-VvDpD,* myContacts,* Other,Jason.Wolf@betterplace.com,,,,,,,,,Pager,Skype: inbaljason,Mobile,1 408 307 0943,Work,1 650 845 2880,,,,,,,Work,"1070 Arastradero Road, Suite 220
Palo Alto, CA 94304
United States",Suite 220 1070 Arastradero Road,Palo Alto,,CA,94304,United States,,,,,,,,,,,,,,,,,,,,Manager,Shai Agassi,,,,,,,,,,,,
Jawad,,Said,,,,,,,,,,,,,,* myContacts,,,,,,,,,,,Mobile,+972 54-808-2189,,,,,,,,,,,,,,,,,,,,,,,,,,,,,,,,,,,,,,,,,,,,,,,,,,,
Jay,,Golden,,,,,,,,,,,,,,* myContacts,,,,,,,,,,,,+44 7490 675603,,,,,,,,,,,,,,,,,,,,,,,,,,,,,,,,,,,,,,,,,,,,,,,,,,,
Jay,,Golden - Old?,,,,,,,,,,,,,,Imported on 4/29 ::: * myContacts,,,,,,,,,,,Mobile,+972537241440,,,,,,,,,,,,,,,,,,,,,,,,,,,,,,,,,,,,,,,,,,,,,,,,,,,
Jay,,Sathe,,,,,,,,Better Place Inc.,IT Management,Global Planning and Operations - Global IT,,Exchange E-mail Address: /o=BetterPlace/ou=Exchange Administrative Group (FYDIBOHF23SPDLT)/cn=Recipients/cn=jsathe,,* myContacts,* Other,Jay.Sathe@betterplace.com,,,,,,,,,Pager,Skype: jay.sathe,Mobile,1 650 504 3844,Work,1 650 845 2878,,,,,,,Work,"1070 Arastradero Rd, Suite 220
Palo Alto, CA 94304
United States",Suite 220 1070 Arastradero Rd,Palo Alto,,CA,94304,United States,,,,,,,,,,,,,,,,,,,,Manager,Silvano Silva,,,,,,,,,,,,
Jeff,,Curry,,,,,,,,Better Place Inc.,Product Marketing,Global Marketing,,Exchange E-mail Address: /o=BetterPlace/ou=Exchange Administrative Group (FYDIBOHF23SPDLT)/cn=Recipients/cn=jcurry,,* myContacts,* Other,Jeff.Curry@betterplace.com,,,,,,,,,Pager,Skype: J.Curry2,Mobile,1 650 714 6495,Work,1 650 845 2868,,,,,,,Work,"1070 Arastradero Road, Suite 220
Palo Alto, CA 94304
United States",Suite 220 1070 Arastradero Road,Palo Alto,,CA,94304,United States,,,,,,,,,,,,,,,,,,,,Manager,Joe Paluska,,,,,,,,,,,,
Jeff,,Johnson,,,,,,,,Better Place Inc.,Economics and Pricing,G&A,,Exchange E-mail Address: /o=BetterPlace/ou=Exchange Administrative Group (FYDIBOHF23SPDLT)/cn=Recipients/cn=jjohnson,https://lh3.googleusercontent.com/contacts/AG6tpzFJbSRvuPRkgfMnvvwNsgbHzyPnWnwtVne0RlkaPbXIQcRPvo3e,* myContacts,* Other,Jeff.Johnson@betterplace.com,,,,,,,,,Pager,Skype: jeff.johnson.bp,Mobile,1 415 260 7902,Work,1 650 845 2824,,,,,,,Work,"1070 Arastradero Road, Suite 220
Palo Alto, California 94304
United States",Suite 220 1070 Arastradero Road,Palo Alto,,CA,94304,United States,,,,,,,,,,,,,,,,,,,,,,,,,,,,,,,,,
Jeff,,Marshall,,,,,,,,Better Place Inc.,OpCo Enablement,Global Planning and Operations,,Exchange E-mail Address: /o=BetterPlace/ou=Exchange Administrative Group (FYDIBOHF23SPDLT)/cn=Recipients/cn=jmarshall,,* myContacts,* Other,Jeff.Marshall@betterplace.com,,,,,,,,,Mobile,1 650-353-8808,Work,1 650 845 2819,,,,,,,,,Work,"1070 Arastradero Road, Suite 220
Palo Alto, CA 94304
United States",Suite 220 1070 Arastradero Road,Palo Alto,,CA,94304,United States,,,,,,,,,,,,,,,,,,,,,,,,,,,,,,,,,
Jeff,,Miller,,,,,,,,Better Place Inc.,Business Development,Better Place North America,,Exchange E-mail Address: /o=BetterPlace/ou=Exchange Administrative Group (FYDIBOHF23SPDLT)/cn=Recipients/cn=jmiller,https://lh3.googleusercontent.com/contacts/AG6tpzEhI7RTLFwSwM-eIh5RFGu4nxH-QUECFKz1guqN-lTIQf9Wu388,* myContacts,* Other,Jeff.Miller@betterplace.com,,,,,,,,,Pager,Skype: jeffreymarkmiller,Mobile,1 310 741 4081,Work,1 650 845 2815,,,,,,,Work,"1070 Arastradero Road, Suite 220
Palo Alto, CA 94304
United States",Suite 220 1070 Arastradero Road,Palo Alto,,CA,94304,United States,,,,,,,,,,,,,,,,,,,,,,,,,,,,,,,,,
Jeff,,Webster,,,,,,,,K/P Corporation,"Tech Lead, Product Development",,2006-03-07,,,Imported 8/1/13 ::: Imported on 4/29 ::: * myContacts,* Other,JWebster@KPCorp.com,,,,,,,,,Mobile,(206) 683-9558,Work,(253) 210-0118,,,,,,,,,Work,"20014 70th Ave S
Kent, WA 98032
United States of America",20014 70th Ave S,Kent,,WA,98032,United States of America,,,,,,,,,,,,,,,,,,,,,,,,Home Page,http://www.kpcorp.com,,,,,,,,
Jeffrey,,Drusinsky,,,,,,,,TopCo,CRM project management,R&D,,Exchange E-mail Address: /o=BetterPlace/ou=Exchange Administrative Group (FYDIBOHF23SPDLT)/cn=Recipients/cn=JeffreD,https://lh3.googleusercontent.com/contacts/AG6tpzFNp3gH_QT9Ix_x3lXGaCPPNOWPIKWMKOjS6nlh1KglX-6J-EEG,* myContacts,* Other,Jeffrey.Drusinsky@betterplace.com,,,,,,,,,Pager,Skype: Jeffrey.Drusinsky,Mobile,972 54 266 5875,Work,972 73 790 2170,,,,,,,,,,,,,,,,,,,,,,,,,,,,,,,,,,,,,,,,,,,,,,,
Jennifer,,Waters,,,,,,,,BellSouth,,,,ME - DCSC - HW?,,Imported 8/1/13 ::: Imported on 4/29 ::: * myContacts,* Other,Jennifer.Waters@BellSouth.com,,,,,,,,,Work,+1 (404) 499-3012,,,,,,,,,,,,,,,,,,,,,,,,,,,,,,,,,,,,,,,,,,,,,,,,,,,
Jenny,,Lerner,,,,,,,,,,,,,https://lh3.googleusercontent.com/contacts/AG6tpzG4D0zxjjngMMRleXtO0F3aeZhU_aXE-JmoUu9DAVnRRldtGJex,Imported 8/1/13 ::: Imported on 4/29 ::: * myContacts,* Other,jennyl@press-sense.com,Other,lernerjenny@gmail.com,,,,,,,Mobile,+972 54 6348315,,,,,,,,,,,,,,,,,,,,,,,,,,,,,,,,,,,,,,,,,,,,,,,,,,,
Jens,,Moberg,,,,,,,,Better Place Denmark A/S,Chief Executive Officer,Better Place EMEA Business Development,,"Assistant Betina Osander
Exchange E-mail Address: /o=BetterPlace/ou=Exchange Administrative Group (FYDIBOHF23SPDLT)/cn=Recipients/cn=jensm",https://lh3.googleusercontent.com/contacts/AG6tpzEhXLJVcQGbOIC7a_Mkv623YTV45fBzm3vut3B8cW654VKAmsE5,* myContacts,* Other,Jens.Moberg@betterplace.com,,,,,,,,,Pager,Skype: jens.moberg,Mobile,45 40904105,Work,45 702 702 47,,,,,,,Work,"Enigheden
Bygmestervej 57
DK-2400 København NV
Denmark",Enigheden Bygmestervej 57,,,,DK-2400,Denmark,København NV,,,,,,,,,,,,,,,,,,,,,,,,,,,,,,,,
Jérôme,,Ledig,,,,,,,,,,,,,,Imported on 4/29 ::: * myContacts,* Other,slicer.g@gmail.com,,,,,,,,,,,,,,,,,,,,,,,,,,,,,,,,,,,,,,,,,,,,,,,,,,,,,,,,,,Photo,https://lh4.googleusercontent.com/-LtGHjpjBPgw/WceS4Ar08cI/AAAAAAAAAAA/DyionQlBCR0rlS62hljIRLmaZ_z1TUlHACOQCEAE/photo.jpg,,
Jerome,,Rischard,,,,,,,,,Renault Alliance Manager,,,Exchange E-mail Address: /o=BetterPlace/ou=Exchange Administrative Group (FYDIBOHF23SPDLT)/cn=Recipients/cn=JEROMER,,* myContacts,* Other,Jerome.Rischard@betterplace.com,,,,,,,,,,,,,,,,,,,,,,,,,,,,,,,,,,,,,,,,,,,,,,,,,,,,,,,,,,,,,
Jess,,Mison-Smith,,,,,,,,Better Place Australia,Marketing & External Affairs,Marketing,,Exchange E-mail Address: /o=BetterPlace/ou=Exchange Administrative Group (FYDIBOHF23SPDLT)/cn=Recipients/cn=Jessaminm,,* myContacts,* Other,Jess.Mison-Smith@betterplace.com,,,,,,,,,Pager,Skype: JessMisonSmith,Mobile,61 407 310 649,Work,61 3 86790804,Other Fax,61 3 86790880,,,,,Work,"114 Balmain Street
Cremorne, VIC 3121
Australia",114 Balmain Street,Cremorne,,VIC,3121,Australia,,,,,,,,,,,,,,,,,,,,Manager,Ben Keneally,,,,,,,,,,,,
Jess,,Tan,,,,,,,,Better Place Inc.,Ecosystem Strategy and Outreach,Global Alliances,,Exchange E-mail Address: /o=BetterPlace/ou=Exchange Administrative Group (FYDIBOHF23SPDLT)/cn=Recipients/cn=jtan,,* myContacts,* Other,Jess.Tan@betterplace.com,,,,,,,,,Pager,Skype:  jess.tan172,Mobile,1 650 489 0887,Work,1 650 845 2807,,,,,,,Work,"1070 Arastradero Road, Suite 220
Palo Alto, CA 94304
United States",Suite 220 1070 Arastradero Road,Palo Alto,,CA,94304,United States,,,,,,,,,,,,,,,,,,,,,,,,,,,,,,,,,
Jesse,,Hett,,,,,,,,Better Place Inc.,Administrative Assistant,Global Planning and Operations,,Exchange E-mail Address: /o=BetterPlace/ou=Exchange Administrative Group (FYDIBOHF23SPDLT)/cn=Recipients/cn=jhett,https://lh3.googleusercontent.com/contacts/AG6tpzFw_9OukSKNIDPTmu3bMeBr_nrGahgBCollgWBivc7x9fJh-Y-n,* myContacts,* Other,Jesse.Hett@betterplace.com,,,,,,,,,Pager,Skype: jesse.hett,Mobile,1 707 318 7188,Work,1 650 845 2863,,,,,,,Work,"1070 Arastradero Road, Suite 220
Palo Alto, CA 94304
United States",Suite 220 1070 Arastradero Road,Palo Alto,,CA,94304,United States,,,,,,,,,,,,,,,,,,,,,,,,,,,,,,,,,
Jessie,,Giles,,,,,,,,Better Place Australia,Government and Regulatory Affairs,Corporate Affairs,,Exchange E-mail Address: /o=BetterPlace/ou=Exchange Administrative Group (FYDIBOHF23SPDLT)/cn=Recipients/cn=jgiles,,* myContacts,* Other,Jessie.Giles@betterplace.com,,,,,,,,,Mobile,61 431 940 204,Work,61 3 86790828,Other Fax,61 3 86790880,,,,,,,Work,"114 Balmain Street
Cremorne, VIC 3121
Australia",114 Balmain Street,Cremorne,,VIC,3121,Australia,,,,,,,,,,,,,,,,,,,,Manager,Alison Terry,,,,,,,,,,,,
Jianglong,,Zhou,,,,,,,,better place China,Director,China Business Development,,Exchange E-mail Address: /o=BetterPlace/ou=Exchange Administrative Group (FYDIBOHF23SPDLT)/cn=Recipients/cn=jzhou,,* myContacts,* Other,Jianglong.Zhou@betterplace.com,,,,,,,,,Work,86 186 0119 1469,,,,,,,,,,,,,,,,,,,,,,,,,,,,,,,,,,,,,,Manager,Dan Cohen,,,,,,,,,,,,
Jiewen,,Wang,,,,,,,,Betterplace Inc.,Intern,IT,,Exchange E-mail Address: /o=BetterPlace/ou=Exchange Administrative Group (FYDIBOHF23SPDLT)/cn=Recipients/cn=jwang,,* myContacts,* Other,Jiewen.Wang@betterplace.com,,,,,,,,,Work,1 650 845 2812,,,,,,,,,,,,,,,,,,,,,,,,,,,,,,,,,,,,,,Manager,Silvano Silva,,,,,,,,,,,,
Jim,,Keller,,,,,,,,Better Place Inc.,Network Engineer,Global IT,,Exchange E-mail Address: /o=BetterPlace/ou=Exchange Administrative Group (FYDIBOHF23SPDLT)/cn=Recipients/cn=jkeller,,* myContacts,* Other,Jim.Keller@betterplace.com,,,,,,,,,Mobile,1 831 224 5789,Work,1 650 845 2841,,,,,,,,,Work,"1070 Arastradero Rd.
Suite 220
Palo Alto, CA 94304
United States",Suite 220 1070 Arastradero Rd,Palo Alto,,CA,94304,United States,,,,,,,,,,,,,,,,,,,,Manager,Silvano Silva,,,,,,,,,,,,
Joanna,,Nevies,,,,,,,,,,,,,,Imported on 4/29 ::: * myContacts,,,,,,,,,,,Israel Mobile,+972 58-779-4467,,,,,,,,,,,,,,,,,,,,,,,,,,,,,,,,,,,,,,,,,,,,,,,,,,,
Joaquin,,Cabrera,,,,,,,,Better Place Inc.,Intern,GID,,Exchange E-mail Address: /o=BetterPlace/ou=Exchange Administrative Group (FYDIBOHF23SPDLT)/cn=Recipients/cn=jcabrera,,* myContacts,* Other,Joaquin.Cabrera@betterplace.com,,,,,,,,,Work,1 650 845 2800,,,,,,,,,,,,,,,,,,,,,,,,,,,,,,,,,,,,,,Manager,Bhavik Joshi,,,,,,,,,,,,
Jodi,,Shah,,,,,,,,Better Place Inc.,Recruitment,Global Planning and Operations,,Exchange E-mail Address: /o=BetterPlace/ou=Exchange Administrative Group (FYDIBOHF23SPDLT)/cn=Recipients/cn=jshah,,* myContacts,* Other,Jodi.Shah@betterplace.com,,,,,,,,,Pager,Skype: jodi.shah,Mobile,1 925 989 4088,Work,1 650 845 2842,,,,,,,Work,"1070 Arastradero Road, Suite 220
Palo Alto, California 94304
United States",Suite 220 1070 Arastradero Road,Palo Alto,,CA,94304,United States,,,,,,,,,,,,,,,,,,,,,,,,,,,,,,,,,
Joe,,Colaianni,,,,,,,,Xerox Corporation,Technical Support Engineer,,,,,Imported 8/1/13 ::: Imported on 4/29 ::: * myContacts,* Other,Joseph.Colaianni@xerox.com,,,,,,,,,,,,,,,,,,,,,,,,,,,,,,,,,,,,,,,,,,,,,,,,,,,,,,,,,,,,,
Joe,,Paluska,,,,,,,,Better Place Inc.,VP of Communications,Global Communications,,Exchange E-mail Address: /o=BetterPlace/ou=Exchange Administrative Group (FYDIBOHF23SPDLT)/cn=Recipients/cn=jpaluska,https://lh3.googleusercontent.com/contacts/AG6tpzHSPq6sYVls0Fa_9Z3TTd79r00hkxHvEO-eSeiOApNR47xZcQYg,* myContacts,* Other,Joe.Paluska@betterplace.com,,,,,,,,,Pager,Skype: joepaluska,Mobile,1 415 948 9581,Work,1 650 845 2860,,,,,,,Work,"1070 Arastradero Road, Suite 220
Palo Alto, California 94304
United States",Suite 220 1070 Arastradero Road,Palo Alto,,CA,94304,United States,,,,,,,,,,,,,,,,,,,,Manager,Shai Agassi,,,,,,,,,,,,
Joel,Jody,Stein,,,,,,,,Law Firm,PEARL COHEN ZEDEK LATZER,,,US Phone 646 878 0825,https://lh3.googleusercontent.com/contacts/AG6tpzEA-NLKNMdyxeElPjTlD7gb0kGZIbej9G4RNdU0jcy3f2xaXxVU,Imported 8/1/13 ::: Imported on 4/29 ::: * myContacts,* Other,JoelS@pczlaw.com,,,,,,,,,Mobile,+972 (54) 4204247,Work,+972 (9) 972 8000 ::: +972 (9) 972 8006,Work Fax,+972 (9) 972 8001,,,,,,,Work,"5 Shenkar Street
P.O. Box 12704
Herzelia 46733
Israel",5 Shenkar Street P.O. Box 12704,Herzelia,,,46733,Israel,,,,,,,,,,,,,,,,,,,,,,,,,,,,,,,,,
Joel,,Lang,,,,,,,,TopCo,Adviser,R&D,,Exchange E-mail Address: /o=BetterPlace/ou=Exchange Administrative Group (FYDIBOHF23SPDLT)/cn=Recipients/cn=joell,,* myContacts,* Other,Joel.Lang@betterplace.com,,,,,,,,,Mobile,972 52 733 5050,Work,972 73 790 2249,,,,,,,,,,,,,,,,,,,,,,,,,,,,,,,,,,,,Manager,Emek Sadot,,,,,,,,,,,,
Johanna,,Carvajal,,,,,,,,Better Place Inc.,Intern,Legal,,Exchange E-mail Address: /o=BetterPlace/ou=Exchange Administrative Group (FYDIBOHF23SPDLT)/cn=Recipients/cn=jcarvajal,,* myContacts,* Other,Johanna.Carvajal@betterplace.com,,,,,,,,,Work,1 650 845 2800,,,,,,,,,,,Work,"1070 Arastradero Rd.
Palo Alto, CA 94304
United States",1070 Arastradero Rd,Palo Alto,,CA,94304,United States,,,,,,,,,,,,,,,,,,,,Manager,Sivan Whiteley,,,,,,,,,,,,
John,,Krupsky,,,,,,,,BellSouth,,,,"NMLI

Like ABA

Responsible for Base requirements ?",,Imported 8/1/13 ::: Imported on 4/29 ::: * myContacts,* Other,john.krupsky@bellsouth.com,,,,,,,,,Pager,jkrupsky@imcingular.com,Work,+1 (205) 9775026,,,,,,,,,,,,,,,,,,,,,,,,,,,,,,,,,,,,,,,,,,,,,,,,,
John,,Laxson,,,,,,,,Better Place Inc.,,Research & Development - Intern,,Exchange E-mail Address: /o=BetterPlace/ou=Exchange Administrative Group (FYDIBOHF23SPDLT)/cn=Recipients/cn=jlaxson,https://lh3.googleusercontent.com/contacts/AG6tpzFkMvzt_5gdjziFjoyxz1yN0QffEa0I2B8Uzy8EHal-8jj0nW3i,* myContacts,* Other,John.Laxson@betterplace.com,,,,,,,,,Pager,Skype: johnlaxson,Mobile,1 650 862 5071,Work,1 650 845 2878,,,,,,,Work,"1070 Arastradero Road, Suite 220
Palo Alto, California 94304
United States",Suite 220 1070 Arastradero Road,Palo Alto,,CA,94304,United States,,,,,,,,,,,,,,,,,,,,,,,,,,,,,,,,,
John,,Proctor,,,,,,,,Better Place Inc.,Executive Communications,Global Communications,,Exchange E-mail Address: /o=BetterPlace/ou=Exchange Administrative Group (FYDIBOHF23SPDLT)/cn=Recipients/cn=jproctor,,* myContacts,* Other,John.Proctor@betterplace.com,,,,,,,,,Pager,Skype: joprocto,Mobile,1 415 297 6205,Work,1 650 845 2832,,,,,,,Work,"1070 Arastradero Road, Suite 220
Palo Alto, California 94304
United States",Suite 220 1070 Arastradero Road,Palo Alto,,CA,94304,United States,,,,,,,,,,,,,,,,,,,,,,,,,,,,,,,,,
Jonathan,,Avida,,,,,,,,,,,,,,Imported on 4/29 ::: * myContacts,* email,avida.jonathan@gmail.com,,,,,,,,,Other,+972545572453,,,,,,,,,,,,,,,,,,,,,,,,,,,,,,,,,,,,,,,,,,,,,,,,,,,
Jonathan,,Garelick,,,,,,Jonathan,,,,,,,,Imported 8/1/13 ::: Imported on 4/29 ::: * myContacts,* Home,jonglick1@hotmail.com,Other,jmgarelick@gmail.com,,,,,,,Mobile,+447984207062,Work,+447740225864,,,,,,,,,,,,,,,,,,,,,,,,,,,,,,,,,,,,,,,,Other,fb://profile/504565500,,,,,,,,
Jonathan,,Ginsburg,,,,,,,,,,,,Exchange E-mail Address: /o=BetterPlace/ou=Exchange Administrative Group (FYDIBOHF23SPDLT)/cn=Recipients/cn=Jonathang,,* myContacts,* Other,Jonathan.Ginsburg@betterplace.com,,,,,,,,,Mobile,972  54 839 5642,Work,972 3 916 5642,,,,,,,,,,,,,,,,,,,,,,,,,,,,,,,,,,,,,,,,,,,,,,,,,
Jonathan Golden,Warm,Springs,,,,,,,,,,,,,,* myContacts,,,,,,,,,,,Mobile,+16784698255,,,,,,,,,,,,,,,,,,,,,,,,,,,,,,,,,,,,,,,,,,,,,,,,,,,
Jonathan,,Handlezaltz,,,,,,,,,,,,,,Imported on 4/29 ::: * myContacts,,,,,,,,,,,Mobile,+972 52-377-3828,,,,,,,,,,,,,,,,,,,,,,,,,,,,,,,,,,,,,,,,,,,,,,,,,,,
Jordan,,Crawford,,,,,,,,"Better Place, Inc.",KM associate,Knowledge Management,,Exchange E-mail Address: /o=BetterPlace/ou=Exchange Administrative Group (FYDIBOHF23SPDLT)/cn=Recipients/cn=jcrawford,,* myContacts,* Other,Jordan.Crawford@betterplace.com,,,,,,,,,Mobile,408 930 9703,Work,650 845 2822,,,,,,,,,Work,"1070 Arastradero rd.
Palo Alto, Ca 94304
United States",1070 Arastradero rd,Palo Alto,,CA,94304,United States,,,,,,,,,,,,,,,,,,,,Manager,Ariel Tikotsky,,,,,,,,,,,,
Jörg,,Hunsche,,,,,,,,,,,,,,Imported 8/1/13 ::: Imported on 4/29 ::: * myContacts,* Other,jorg@press-sense.com,Other,joerghunsche0265@aol.com,,,,,,,Mobile,+49 (172) 5477862,,,,,,,,,,,,,,,,,,,,,,,,,,,,,,,,,,,,,,,,,,,,,,,,,,,
Joseph,,Klafter,,,,,,,,,,,,,,Imported 8/1/13 ::: Imported on 4/29 ::: * myContacts,* Other,klafter@post.tau.ac.il,,,,,,,,,Radio,gizmoklafter,,,,,,,,,,,,,,,,,,,,,,,,,,,,,,,,,,,,,,,,,,,,,,,,,,,
Joseph,L,Kimber,,,,,,,,,,,,,,Imported 8/1/13 ::: Imported on 4/29 ::: * myContacts,* ,joseph.kimber@usa.xerox.com,,,,,,,,,,,,,,,,,,,,,,,,,,,,,,,,,,,,,,,,,,,,,,,,,,,,,,,,,,,,,
Joseph,,Pitcher,,,,,,,,Xerox,Support,,,,,Imported 8/1/13 ::: Imported on 4/29 ::: * myContacts,* Other,Joseph.Pitcher@xerox.com,,,,,,,,,,,,,,,,,,,,,,,,,,,,,,,,,,,,,,,,,,,,,,,,,,,,,,,,,,,,,
Josh,,Fried,,,,,,,,,,, --12-21,,,Imported on 4/29 ::: * myContacts,* ,jfried@google.com,,jfried@waze.com,Other,joshua.fried@aya.yale.edu,,,,,,,,,,,,,,,,,,,,,,,,,,,,,,,,,,,,,,,,,,,,,,,,,,,,,,Photo,https://lh6.googleusercontent.com/-O49c1OsgbR8/WceSGmYw61I/AAAAAAAAAAA/dvswV7Nz9XsCiaQGzRrqXEfsFa8-6JLPACOQCEAE/photo.jpg,,
Josh,,Steinmann,,,,,,,,Better Place Inc.,Business Development,Global Alliances,,Exchange E-mail Address: /o=BetterPlace/ou=Exchange Administrative Group (FYDIBOHF23SPDLT)/cn=Recipients/cn=jsteinmann,https://lh3.googleusercontent.com/contacts/AG6tpzHEwvLuqHnAW3DaJhcgqTXIfxdk16rcsLpgxP-pykYONAE76AwC,* myContacts,* Other,Josh.Steinmann@betterplace.com,,,,,,,,,Mobile,1 415 518 9004,Work,1 650 845 2800,,,,,,,,,Work,"1070 Arastradero Road, Suite 220
Palo Alto, California 94304
United States",Suite 220 1070 Arastradero Road,Palo Alto,,CA,94304,United States,,,,,,,,,,,,,,,,,,,,,,,,,,,,,,,,,
Josh Warm Springs,,,,,,,,,,,,,,,,* myContacts,,,,,,,,,,,Other,+16784682821,,,,,,,,,,,,,,,,,,,,,,,,,,,,,,,,,,,,,,,,,,,,,,,,,,,
Judy,,Levin,,,,,,,,Gan Chiquititos,,,,"-- 

Marcelo & Judy Levin

Raanana -ISRAEL",https://lh3.googleusercontent.com/contacts/AG6tpzE0anVIU3Cggu6krWTbVhJIr-LQnY9AdTA0z9lkSaeaOPklbVm2,Imported 8/1/13 ::: Imported on 4/29 ::: * myContacts,* Other,mjlevin3@gmail.com,,,,,,,,,Mobile,+972 524623353,Work,+972 9 7717919,,,,,,,,,,,,,,,,,,,,,,,,,,,,,,,,,,,,,,,,Profile,http://www.google.com/profiles/108297010176930340246,,,,,,,,
Judy's,Mom,Carola,,,,,,,,,,,,,,Imported 8/1/13 ::: Imported on 4/29 ::: * myContacts,,,,,,,,,,,Mobile,+97297743190,,,,,,,,,,,,,,,,,,,,,,,,,,,,,,,,,,,,,,,,,,,,,,,,,,,
Jules,,Mossler,,,,,,,,Waze,Head of Brand & Global Marketing,, --04-01,,,Imported on 4/29 ::: * myContacts,* Other,jules4182@gmail.com,,,,,,,,,,,,,,,,,,,,,Home,"New York, New York 10010
United States",,"New York, New York",,New York,10010,United States,,,,,,,,,,,,,,,,,,,,,,,,Other,http://www.twitter.com/julie_mo,,,,,Photo,https://lh3.googleusercontent.com/-3ggBMrpV-JM/WceSv2cUQJI/AAAAAAAAAAA/cAkhNussse025KYO3cgqmMde2X0vfVq5wCOQCEAE/photo.jpg,,
Julie,,Mullins,,,,,,,,Better Place Inc.,Public Relations,Global Communications,,Exchange E-mail Address: /o=BetterPlace/ou=Exchange Administrative Group (FYDIBOHF23SPDLT)/cn=Recipients/cn=jmullins,https://lh3.googleusercontent.com/contacts/AG6tpzFtePChvlzixoxRbdm91yoA5NOLAFSmLGuv175M4km9T_321_P5,* myContacts,* Other,Julie.Mullins@betterplace.com,,,,,,,,,Mobile,1 650 387 0486,Work,1 650 845 2869,,,,,,,,,Work,"1070 Arastradero Road, Suite 220
Palo Alto, California 94304
United States",Suite 220 1070 Arastradero Road,Palo Alto,,CA,94304,United States,,,,,,,,,,,,,,,,,,,,,,,,,,,,,,,,,
Junichi,,Sakamoto,,,,,,,,"Better Place Japan Co., Ltd.",,,,Exchange E-mail Address: /o=BetterPlace/ou=Exchange Administrative Group (FYDIBOHF23SPDLT)/cn=Recipients/cn=jsakamoto,https://lh3.googleusercontent.com/contacts/AG6tpzEwxN7zYeEECkEX-fWpCvRaddal3devjNY_01RJAikuexkkfNUi,* myContacts,* Other,Junichi.Sakamoto@betterplace.com,,,,,,,,,Mobile,81 90 4535 6123,Work,81 3 3595 7503,,,,,,,,,Work,"Shiroyama Trust Tower 27F
4-3-1 Toranomon, Minato-ku
Tokyo, Kanto 150-6027
Japan","Shiroyama Trust Tower 27F 4-3-1 Toranomon, Minato-ku Tokyo, Kanto",,,,150-6027,Japan,,,,,,,,,,,,,,,,,,,,Manager,Kiyotaka Fujii,,,,,,,,,,,,
Juval,,Caduri,,,,,,,,TTI - NA,IP Expert,,2006-11-06,,,Imported 8/1/13 ::: Imported on 4/29 ::: * myContacts,* Other,cyuval@marvell.com,Other,jcaduri@yahoo.com,,,,,,,Home,097493108,Mobile,052-6394804,Radio,juvalc,,,,,,,,,,,,,,,,,,,,,,,,,,,,,,,,,,,,,,,,,,,,,,,
Kai,,Livermore,,,,,,,,,,,,,,* myContacts,,,,,,,,,,,Mobile,+1 857-313-0100,,,,,,,,,,,,,,,,,,,,,,,,,,,,,,,,,,,,,,,,,,,,,,,,,,,
Kalia,,Klein,,,,,,,,"Eitan, Pearl, Latzer & Cohen-Zedek",,,,,https://lh3.googleusercontent.com/contacts/AG6tpzGwbmzBUBd1rUQ6tZF88Z-G-ZsQv0F5zOYVp7BoubpM81yxbUdo,Imported 8/1/13 ::: Imported on 4/29 ::: * myContacts,* Other,kleink@technologylaw.co.il,,,,,,,,,Work,+972 99728000,Work Fax,+972 9-9709001,,,,,,,,,Work,Israel,,,,,,Israel,,,,,,,,,,,,,,,,,,,,,,,,,,,,,,,,,
Karen,,Alter,,,,,,,,Better Place Inc.,VP of Marketing,Global Marketing,,Exchange E-mail Address: /o=BetterPlace/ou=Exchange Administrative Group (FYDIBOHF23SPDLT)/cn=Recipients/cn=kalter,https://lh3.googleusercontent.com/contacts/AG6tpzE0XJELohxcVicAK1dn8dH9iXTc-WTd0jO1FKsszlf1Vb3TKZ54,* myContacts,* Other,Karen.Alter@betterplace.com,,,,,,,,,Pager,Skype: alterkaren,Mobile,1 650 888 6604,,,,,,,,,Work,"1070 Arastradero Road, Suite 220
Palo Alto, California 94304
United States",Suite 220 1070 Arastradero Road,Palo Alto,,CA,94304,United States,,,,,,,,,,,,,,,,,,,,,,,,,,,,,,,,,
Karen,,Garavatti,,,,,,,,Better Place Inc.,Human Resources,Global Planning and Operations,,Exchange E-mail Address: /o=BetterPlace/ou=Exchange Administrative Group (FYDIBOHF23SPDLT)/cn=Recipients/cn=kgaravatti,,* myContacts,* Other,Karen.Garavatti@betterplace.com,,,,,,,,,Pager,Skype: Karengaravatti,Mobile,1 650 810 5898,Work,1 650 845 2842,Other Fax,1 650 456 2440,,,,,Work,"1070 Arastradero Road, Suite 220
Palo Alto, CA 94304
United States",Suite 220 1070 Arastradero Road,Palo Alto,,CA,94304,United States,,,,,,,,,,,,,,,,,,,,Manager,Aliza Peleg,,,,,,,,,,,,
Karen,,Lerman,,,,,,,,,,,,,,Imported on 4/29 ::: * myContacts,* ,karenlerman@waze.com,Other,karenlerman@google.com,,,,,,,Mobile,+972 50‑576‑3807,,,,,,,,,,,,,,,,,,,,,,,,,,,,,,,,,,,,,,,,,,,,,,,,Photo,https://lh4.googleusercontent.com/-02lSzGinvA0/V2p9oVTgv0I/AAAAAAAAAAA/Io6ny6A97Kkq-9pJxcsbYEwmh4CtYbC2QCOQCEAE/photo.jpg,,
Karen,,Schreckendgust,,,,,,,,Press-sense,Product Marketing,,,<sn>id:1434070299/friendof:809988573</sn>,,Imported 8/1/13 ::: Imported on 4/29 ::: * myContacts,* Other,karen@Press-sense.com,,,,,,,,,Mobile,+1 (585) 7462158,Work,+1 (585) 9247261,Radio,karenschreck,,,,,,,,,,,,,,,,,,,,,,,,,,,,,,,,,,,,,,,fb://profile/1434070299,Sync.ME profile,http://sync.me/profile/cNSb1RVOgxI99v2QHdC-v0a_ljs276P-QP5HmdO6a0TzHEms0OZ1jUlGwD7UteM,,,,,,
Karen,,Weinstock,,,,,,,,"Siskind Susser, P.C.",Managing Attorney - Atlanta Office,,,GreenCard,,Imported 8/1/13 ::: Imported on 4/29 ::: * myContacts,* Other,kweinstock@visalaw.com,,,,,,,,,Work Fax,770-913-0888,Work,770-913-0800,,,,,,,,,Work,"100 Ashford Center North
Suite 320
Atlanta, GA 30338
United States of America",Suite 320 100 Ashford Center North,Atlanta,,GA,30338,United States of America,,,,,,,,,,,,,,,,,,,,,,,,,,,,,,,,,
Karin,,Elazari,,,,,,,,,,,,,,Imported on 4/29 ::: * myContacts,* ,elazari@waze.com,Work,elazari@google.com,,,,,,,Other,0507807091,,,,,,,,,,,,,,,,,,,,,,,,,,,,,,,,,,,,,,,,,,,,,,,,,,,
Karin,,Ucitel,,,,,,,,,,,,,,Imported 8/1/13 ::: Imported on 4/29 ::: * myContacts,* Other,Karin_Ucitel@iamba.com,,,,,,,,,Home,+972 (3) 6424437,Mobile,+972 (54) 4596186,,,,,,,,,,,,,,,,,,,,,,,,,,,,,,,,,,,,,,,,,,,,,,,,,
Kati,,Einav,,,,,,Kati,,,,,,,https://lh3.googleusercontent.com/contacts/AG6tpzFI0KzJ_1s2HfWYG-kR4M56WFV09tLeSLEbO_OMGCuM-5CCoy01,Imported 8/1/13 ::: Imported on 4/29 ::: * myContacts,* Home,ronityona@gmail.com,Other,ronityona@walla.com,,,,,,,Home,+972 97718472,Mobile,+972522210834,,,,,,,,,,,,,,,,,,,,,,,,,,,,,,,,,,,,,,,,Other,fb://profile/100000273862956,,,,,,,,
Katja,Fencing,Club,,,,,,,,,,,,,,Imported on 4/29 ::: * myContacts,,,,,,,,,,,Mobile,+972 50-714-5042,,,,,,,,,,,,,,,,,,,,,,,,,,,,,,,,,,,,,,,,,,,,,,,,,,,
Katri,Romania,Lawyer,,,,,,,,"כתרי גבריאל,",,"עו""ד",,,,* myContacts,,,,,,,,,,,Main,+972 9-950-9504,,,,,,,,,,,Home,"29 Sokolov St
Herzliya 46497
Israel",29 Sokolov St,Herzliya,,,46497,Israel,,,,,,,,,,,,,,,,,,,,,,,,Other,http://gabrielkatri.co.il/,,,,,,,,
Katriel,,Traum,,,,,,,,,,,,,,Imported on 4/29 ::: * myContacts,* ,katriel@waze.com,Work,katriel@google.com,,,,,,,Home,054-4857498,,,,,,,,,,,,,,,,,,,,,,,,,,,,,,,,,,,,,,,,,,Profile,http://www.google.com/profiles/110163785255652336382,,,,,,,,
Kedan,,Ella & Moshe,,,,,,,,,,,,,,Imported 8/1/13 ::: Imported on 4/29 ::: * myContacts,,,,,,,,,,,Mobile,+17276860360,Home,+17275318018,,,,,,,,,Other,"2354 Haddon Hall place
clearwater, FL 33764
United States of Ame","2354 Haddon Hall place
United States of Ame",clearwater,,FL,33764,United States,,,,,,,,,,,,,,,,,,,,,,,,,,,,,,,,,
Keiko,,Arase,,,,,,,,"Better Place Japan Co., Ltd.",,,,Exchange E-mail Address: /o=BetterPlace/ou=Exchange Administrative Group (FYDIBOHF23SPDLT)/cn=Recipients/cn=karase,https://lh3.googleusercontent.com/contacts/AG6tpzEief4HwwSJEOUbj7WSaEJr6HgdlE_1VC8SB7Hxo0cec0v6uajo,* myContacts,* Other,Keiko.Arase@betterplace.com,,,,,,,,,Mobile,81 90 3940 9617,Work,81 3 3595 7503,,,,,,,,,Work,"Tokyo, Kanto 150-6027
Japan","Tokyo, Kanto",,,,150-6027,Japan,,,,,,,,,,,,,,,,,,,,Manager,Kiyotaka Fujii,,,,,,,,,,,,
Kelly,,Springer,,,,,,,,K/P Corporation,Product Manager,,2006-04-01,,,Imported 8/1/13 ::: Imported on 4/29 ::: * myContacts,* Other,kspringer@KPCorp.com,,,,,,,,,Work,206-720-5430,Work Fax,206-328-4919,,,,,,,,,Work,"2001 22nd Avenue South
Seattle, WA 98110
United States of America",2001 22nd Avenue South,Seattle,,WA,98110,United States of America,,,,,,,,,,,,,,,,,,,,,,,,,,,,,,,,,
Ken,,Whild,,,,,,,,Press-sense,European Channel Manager,,,,https://lh3.googleusercontent.com/contacts/AG6tpzH8iCLFe7DWeYGGf1is7uO6RvQM912DwEQSEcK4CEjJI0aOSJfC,Imported 8/1/13 ::: Imported on 4/29 ::: * myContacts,* Other,ken@wildhouse.demon.co.uk,Other,ken@exif.com,,,,,,,Mobile,+44 (77) 89 76 11 99,Radio,kenwhild,,,,,,,,,Work,United States of America,,,,,,United States of America,,,,,,,,,,,,,,,,,,,,,,,,Other,fb://profile/682065361 ::: http://www.press-sense.com,,,,,,,,
Kenneth,C,Haxton,,,,,,,,Xerox,,,,,,Imported 8/1/13 ::: Imported on 4/29 ::: * myContacts,* Other,Kenneth.Haxton@xerox.com,,,,,,,,,,,,,,,,,,,,,,,,,,,,,,,,,,,,,,,,,,,,,,,,,,,,,,,,,,,,,
Kenneth,,Hong,,,,,,,,Better Place Inc.,Electric Vehicle Project Engineer,Automotive Alliances,,Exchange E-mail Address: /o=BetterPlace/ou=Exchange Administrative Group (FYDIBOHF23SPDLT)/cn=Recipients/cn=khong,,* myContacts,* Other,Kenneth.Hong@betterplace.com,,,,,,,,,Pager,Skype: Kenneth.Hong10,Mobile,1 314 749 3907,Work,1 650 845 2810,,,,,,,Work,"1070 Arastradero Road, Suite 220
Palo Alto, CA 94304
United States",Suite 220 1070 Arastradero Road,Palo Alto,,CA,94304,United States,,,,,,,,,,,,,,,,,,,,,,,,,,,,,,,,,
Keren,,Bar-Or,,,,,,,,,,,2006-06-07,,https://lh3.googleusercontent.com/contacts/AG6tpzEgUyjaxObTVyvOnPKcV9bsQYr7MS3Ri44AVS2u-L_EeDEI8FtF,Imported 8/1/13 ::: Imported on 4/29 ::: * myContacts,* Other,Kerenbaror@hotmail.com,,,,,,,,,Pager,kerenb@imcingular,Home,+1 (770) 390-9976,Mobile,+770 (823) 4632,Work,+1 (404) 3233309,,,,,Home,"9008 Gables LN
Atlanta
GA
30350
United States of America",9008 Gables LN,Atlanta,,GA,30350,United States of America,,,,,,,,,,,,,,,,,,,,,,,,Other,http://www.tti-telecom.com,,,,,,,,
Keren,,Cohen,,,,,,,,TopCo,GIS SW Developer,R&D,,Exchange E-mail Address: /o=BetterPlace/ou=Exchange Administrative Group (FYDIBOHF23SPDLT)/cn=Recipients/cn=kerenc,https://lh3.googleusercontent.com/contacts/AG6tpzFk_IhtGeeKTO5w22m7GLwWOQqMyIFyIapAxbMU2znP-Pw-NMNH,* myContacts,* Other,Keren.Cohen@betterplace.com,,,,,,,,,Mobile,544878149,,,,,,,,,,,,,,,,,,,,,,,,,,,,,,,,,,,,,,Manager,Eyal Perez,,,,,,,,,,,,
Keren,,Erez,,,,,,,,OpCo,Account Manager,Sales Team: Corporate Sales,,Exchange E-mail Address: /o=BetterPlace/ou=Exchange Administrative Group (FYDIBOHF23SPDLT)/cn=Recipients/cn=kerene,,* myContacts,* Other,Keren.Erez@betterplace.com,,,,,,,,,Mobile,972 54 914 8505,Work,972 73 790 2248,,,,,,,,,,,,,,,,,,,,,,,,,,,,,,,,,,,,Manager,Asaf Onn,,,,,,,,,,,,
Keren,,Glasman,,,,,,,,,,,,Exchange E-mail Address: /o=BetterPlace/ou=Exchange Administrative Group (FYDIBOHF23SPDLT)/cn=Recipients/cn=kereng,,* myContacts,* Other,Keren.Glasman@betterplace.com,,,,,,,,,Work,972 73 7902594,,,,,,,,,,,,,,,,,,,,,,,,,,,,,,,,,,,,,,,,,,,,,,,,,,,
Keren,,Halperin,,,,,,,,Begisha Shona,,,,,https://lh3.googleusercontent.com/contacts/AG6tpzFl8BbB9sIIru1NAI3IicoiKKcYTYk1MzKQCEr4HO98KFKGyqYt,Imported 8/1/13 ::: Imported on 4/29 ::: * myContacts,* Other,kerenh@gishashona.co.il,,,,,,,,,Mobile,+972 52 2307625,,,,,,,,,,,,,,,,,,,,,,,,,,,,,,,,,,,,,,,,,,,,,,,,,,,
keren,Lachover (Bar,Or),,,,,,,,,,,,,,Imported 8/1/13 ::: Imported on 4/29 ::: * myContacts,* Other,kerenbaror@hotmail.com,,,,,,,,,,,,,,,,,,,,,,,,,,,,,,,,,,,,,,,,,,,,,,,,,,,,,fb://profile/1047870304,,,,,,,,
Keren,,Raz,,,,,,,,Nevo Keidar,Attorney,,,"Smadar Tal Tabidian?
Miri Nachmias",,Imported 8/1/13 ::: Imported on 4/29 ::: * myContacts,* Other,kraz@knklaw.com,,,,,,,,,Work,+972 3 5668665 ::: +972 2 5667711,,,,,,,,,,,,,,,,,,,,,,,,,,,,,,,,,,,,,,,,,,,,,,,,,,,
Kevin,,Loftus,,,,,,,,Clear Channel Radio Total Traffic Network,"Vice President, Operations",,,,https://lh3.googleusercontent.com/contacts/AG6tpzHXvR660MEXRazNjrgblXsxLk18icqFDZJscCitIefvJHPcAqnn,Imported 8/1/13 ::: Imported on 4/29 ::: * myContacts,* Other,KevinLoftus@clearchannel.com,,,,,,,,,Mobile,+1 404-213-2666 ::: +1 404-870-5089,,,,,,,,,,,Home,"1819 Peachtree Road, NE
6th Floor
Atlanta, GA 30309","6th Floor 1819 Peachtree Road, NE",Atlanta,,GA,30309,,,,,,,,,,,,,,,,,,,,,,,,,,,,,,,,,,
Kfir,,Yarimi,,,,,,,,,,,,Exchange E-mail Address: /o=BetterPlace/ou=Exchange Administrative Group (FYDIBOHF23SPDLT)/cn=Recipients/cn=kfiry,https://lh3.googleusercontent.com/contacts/AG6tpzGj6X5rquc2T1_BY0R-E8KVdc4vgT8x2jq6lyP-0iq5PIU4_vpt,* myContacts,* Other,Kfir.Yarimi@betterplace.com,,,,,,,,,Mobile,972 52 5570080,Work,972 73 7902543,,,,,,,,,,,,,,,,,,,,,,,,,,,,,,,,,,,,,,,,,,,,,,,,,
Kim,,Nguyen,,,,,,,,Better Place Inc.,Accounting,Global Operations and Planning,,Exchange E-mail Address: /o=BetterPlace/ou=Exchange Administrative Group (FYDIBOHF23SPDLT)/cn=Recipients/cn=knguyen,,* myContacts,* Other,Kim.Nguyen@betterplace.com,,,,,,,,,Pager,Skype: kimnchan,Mobile,1 650 270 6069,Work,1 650 845 2865,,,,,,,Work,"1070 Arastradero Road, Suite 220
Palo Alto, California 94304
United States",Suite 220 1070 Arastradero Road,Palo Alto,,CA,94304,United States,,,,,,,,,,,,,,,,,,,,Manager,Reed Birnbaum,,,,,,,,,,,,
Kirstine,,Rosenkrands,,,,,,,,Better Place Denmark A/S,Student worker / Office Assistant,,,Exchange E-mail Address: /o=BetterPlace/ou=Exchange Administrative Group (FYDIBOHF23SPDLT)/cn=Recipients/cn=kirstiner,,* myContacts,* Other,Kirstine.Rosenkrands@betterplace.com,,,,,,,,,Mobile,45 40 23 44 11,Work,45 702 702 47,,,,,,,,,Work,Denmark,,,,,,Denmark,,,,,,,,,,,,,,,,,,,,Manager,Betina Osander,,,,,,,,,,,,
Kiyotaka,,Fujii,,,,,,,,"Better Place Japan Co., Ltd.",President,,,Exchange E-mail Address: /o=BetterPlace/ou=Exchange Administrative Group (FYDIBOHF23SPDLT)/cn=Recipients/cn=kfujii,https://lh3.googleusercontent.com/contacts/AG6tpzFp4leUY6wdgZdaqMwyXfBnlcO5bPgLIhgBmDSdmd0sA4QwWCir,* myContacts,* Other,Kiyotaka.Fujii@betterplace.com,,,,,,,,,Pager,Skype: kiyotaka.fujii,Mobile,81 90 5580 4355,Work,81 3 3595 7501,Other Fax,81 3 5404 8585,,,,,Work,"Shiroyama Trust Tower 27F
4-3-1 Toranomon, Minato-ku
Tokyo, Kanto 150-6027
Japan","Shiroyama Trust Tower 27F 4-3-1 Toranomon, Minato-ku Tokyo, Kanto",,,,150-6027,Japan,,,,,,,,,,,,,,,,,,,,,,,,,,,,,,,,,
Klaus,,Nibe,,,,,,,,Better Place Denmark A/S,Customer Service Coordinator,Operations,,Exchange E-mail Address: /o=BetterPlace/ou=Exchange Administrative Group (FYDIBOHF23SPDLT)/cn=Recipients/cn=klausn,https://lh3.googleusercontent.com/contacts/AG6tpzGmVP9HJixMUy8QirOalBK_0h0oita9oJ537hc7edfETO5pR3zx,* myContacts,* Other,Klaus.Nibe@betterplace.com,,,,,,,,,Mobile,45 31 73 05 10,Work,45 702 702 47,,,,,,,,,Work,"Bygmestervej 57
DK-2400
Copenhagen
Denmark",57 Bygmestervej,Copenhagen,,,2400,Denmark,,,,,,,,,,,,,,,,,,,,Manager,Peter Thrige Andersen,,,,,,,,,,,,
Kobi,,Lavi,,,,,,,,,,,,,,Imported on 4/29 ::: * myContacts,,,,,,,,,,,Mobile,050-765-9682,,,,,,,,,,,,,,,,,,,,,,,,,,,,,,,,,,,,,,,,,,,,,,,,,,,
Kobi,,Margolin,,,,,,,,Clinigence,CEO & Founder,,1967-07-28,,https://lh3.googleusercontent.com/contacts/AG6tpzHnF5E3kmlYBJdJPzxhSGieKBMZXVJnxi4NnATUoMQAjfdBSiy2,Imported 8/1/13 ::: Imported on 4/29 ::: * myContacts,* Other,kobima@attglobal.net,,,,,,,,,Home,+1 (404) 815-0162,Mobile,+1 (678) 778-5844,,,,,,,,,Home,"850 Piedmont Ave NE #1310
Atlanta, Georgia 30308
United States",#1310 850 Piedmont Ave NE,Atlanta,,Georgia,30308,United States,,,,,,,,,,,,,,,,,,,,,,,,Profile,http://www.google.com/profiles/108036263629309560596,,,,,,,,
Kobi,,Mesika,,,,,,,,Bait Vegan,,,,,,* myContacts,,,,,,,,,,,Work,+972 52-383-5133,,,,,,,,,,,,,,,,,,,,,,,,,,,,,,,,,,,,,,,,,,,,,,,,,,,
Konstantin,,Gleyzer,,,,,,,,TopCo,RT SW Engineer,R&D,,Exchange E-mail Address: /o=BetterPlace/ou=Exchange Administrative Group (FYDIBOHF23SPDLT)/cn=Recipients/cn=konstanting,,* myContacts,* Other,Konstantin.Gleyzer@betterplace.com,,,,,,,,,Pager,Skype: konstantin.gleyzer,Mobile,972 54 524 4960,Work,972 73 790 2169,,,,,,,,,,,,,,,,,,,,,,,,,,,,,,,,,,Manager,Ofer Avitzur,,,,,,,,,,,,
Kopel,,Lipshin,,,,,,,,,,,,,,Imported on 4/29 ::: * myContacts,,,,,,,,,,,Mobile,+972 54-774-4310,,,,,,,,,,,,,,,,,,,,,,,,,,,,,,,,,,,,,,,,,,,,,,,,,,,
Kumam Ferry,,,,,,,,,,,,,,,,* myContacts,,,,,,,,,,,Mobile,+355698735508,,,,,,,,,,,,,,,,,,,,,,,,,,,,,,,,,,,,,,,,,,,,,,,,,,,
Kumar,,Prasanna,,,,,,,,,,,,testing,,Imported 8/1/13 ::: Imported on 4/29 ::: * myContacts,* Other,Kumar.Prasanna@BellSouth.com,,,,,,,,,Work,+14049869885,,,,,,,,,,,,,,,,,,,,,,,,,,,,,,,,,,,,,,,,,,,,,,,,,,,
Kupat,,Hazmanot,,,,,,,,,,,,,,Imported 8/1/13 ::: Imported on 4/29 ::: * myContacts,,,,,,,,,,,Work,*2700,,,,,,,,,,,,,,,,,,,,,,,,,,,,,,,,,,,,,,,,,,,,,,,,,,,
Kupat,,Herzeliya,,,,,,,,,,,,,,Imported 8/1/13 ::: Imported on 4/29 ::: * myContacts,,,,,,,,,,,Work,+972 (9) 9592324 /23,,,,,,,,,,,,,,,,,,,,,,,,,,,,,,,,,,,,,,,,,,,,,,,,,,,
KUPAT,,SHOOALY,,,,,,,,,,,,,,Imported 8/1/13 ::: Imported on 4/29 ::: * myContacts,,,,,,,,,,,Home,+97297613221,Work,+97297477979,,,,,,,,,,,,,,,,,,,,,,,,,,,,,,,,,,,,,,,,,,,,,,,,,
Kurian,,James,,,,,,,,Zeta Cyber Solutions (P) Ltd.,CTO,,,,,Imported 8/1/13 ::: Imported on 4/29 ::: * myContacts,* Other,Kurian@zetacyber.com,,,,,,,,,Mobile,+91 (994) 010 3111,Work,+91 (44) 430 21565,,,,,,,,,Work,"I Floor, Auras Corporate Center
98A, Dr. Radhakrishna Salai
Mylapore,
Chennai 600, 006
United States of America ::: I Floor, Auras Corporate Center
98A, Dr. Radhakrishna Salai
Mylapore,
Chennai 600, 006
United States of America","600, 006 Dr. Radhakrishna Salai
I Floor, Auras Corporate Center 98A ::: 600, 006 Dr. Radhakrishna Salai
I Floor, Auras Corporate Center 98A",Chennai ::: Chennai, ::: , ::: , ::: ,United States of America ::: United States of America,Mylapore ::: Mylapore,,,,,,,,,,,,,,,,,,,,,,,,,,,,,,,,
Lab,,Lindbergh,,,,,,,,,,,,,,Imported 8/1/13 ::: Imported on 4/29 ::: * myContacts,,,,,,,,,,,Work,+14049868374,,,,,,,,,,,,,,,,,,,,,,,,,,,,,,,,,,,,,,,,,,,,,,,,,,,
Lara,,Cienfuegos-Hawley,,,,,,,,Better Place Inc.,Intern,Policy,,Exchange E-mail Address: /o=BetterPlace/ou=Exchange Administrative Group (FYDIBOHF23SPDLT)/cn=Recipients/cn=lchawley,,* myContacts,* Other,Lara.Cienfuegos-Hawley@betterplace.com,,,,,,,,,Work,1 650 845 2800,,,,,,,,,,,,,,,,,,,,,,,,,,,,,,,,,,,,,,Manager,Adi Aron-Gilat,,,,,,,,,,,,
Larisa,,Yairov,,,,,,,,BetterPlace,,,,,,* myContacts,* Work,Larisa.Yairov@betterplace.com,,,,,,,,,Mobile,052-8705932,Work,+972 73 7902211,,,,,,,,,,,,,,,,,,,,,,,,,,,,,,,,,,,,,,,,,,,,,,,,,
Lars,,Frandsen,,,,,,,,Better Place Denmark,IT Support Specialist,IT,,Exchange E-mail Address: /o=BetterPlace/ou=Exchange Administrative Group (FYDIBOHF23SPDLT)/cn=Recipients/cn=larsf,https://lh3.googleusercontent.com/contacts/AG6tpzHRtFlipaviUbjsLXk71lZyq0lTbYt8kfxKiQ-C5v9MsM59doSh,* myContacts,* Other,Lars.Frandsen@betterplace.com,,,,,,,,,Mobile,45 30 37 25 10,Work,45 702 702 47,,,,,,,,,Work,"Lygten 39
København NV 2400
Denmark",39 Lygten,,,,2400,Denmark,København NV,,,,,,,,,,,,,,,,,,,Manager,Morten Rye Christensen,,,,,,,,,,,,
,,Laser Tag Tel Aviv ,,,,,,,,,,,,,,* myContacts,,,,,,,,,,,Mobile,03-960-0040,Home,0536233197,,,,,,,,,,,,,,,,,,,,,,,,,,,,,,,,,,,,,,,,,,,,,,,,,
Lavi,,Avigdor,,,,,,,,,,,,<sn>id:707406049/friendof:809988573</sn>,,Imported 8/1/13 ::: Imported on 4/29 ::: * myContacts,* Other,laviavigdor@gmail.com,,,,,,,,,Radio,laviavigdor,,,,,,,,,,,,,,,,,,,,,,,,,,,,,,,,,,,,,,,,,,,,,,,,,,,
Lawrence,,Seeff,,,,,,,,Better Place Inc.,VP of Global Alliances,Global Alliances,,Exchange E-mail Address: /o=betterplace/ou=exchange administrative group (fydibohf23spdlt)/cn=recipients/cn=lawrences,https://lh3.googleusercontent.com/contacts/AG6tpzHTN32mTceklsa6xbnp2N_fkVUt1s3t23q7_nkILqZXobtUNM5f,* myContacts,* Other,Lawrence.Seeff@betterplace.com,,,,,,,,,Home,1 650 739 5058,Work,1 650 845 2821,,,,,,,,,Work,"1070 Arastradero Road, Suite 220
Palo Alto, CA 94304
Canada",Suite 220 1070 Arastradero Road,Palo Alto,,CA,94304,Canada,,,,,,,,,,,,,,,,,,,,Manager,Shai Agassi,,,,,,,,,,,,
Lea,,,,,,,,,,Press-sense,,,,,,Imported 8/1/13 ::: Imported on 4/29 ::: * myContacts,* Other,lea@Press-sense.com,,,,,,,,,Radio,lilyan_s,,,,,,,,,,,,,,,,,,,,,,,,,,,,,,,,,,,,,,,,,,,,,,,,,,,
Lea,,Ovadia,,,,,,,,,,,,,,Imported 8/1/13 ::: Imported on 4/29 ::: * myContacts,,,,,,,,,,,Mobile,+972 523578667,,,,,,,,,,,,,,,,,,,,,,,,,,,,,,,,,,,,,,,,,,,,,,,,,,,
Lee,,Dikshtein,,,,,,,,OpCo,EA to the CEO,G&A,,Exchange E-mail Address: /o=BetterPlace/ou=Exchange Administrative Group (FYDIBOHF23SPDLT)/cn=Recipients/cn=leed,https://lh3.googleusercontent.com/contacts/AG6tpzHLUsedz_sCN2VBvq6Zc4lVrK2fHdwGADtCl224dQfJ3KuW0VkL,* myContacts,* Other,Lee.Dikshtein@betterplace.com,,,,,,,,,Pager,Skype: lee.dikshtein,Mobile,972 54 971 6063,Work,972 73 790 2103,,,,,,,Work,"Building #2
Kiriat Atidim
Tel Aviv 61581
Israel",Building #2 Kiriat Atidim Tel Aviv 61581,,,,,Israel,,,,,,,,,,,,,,,,,,,,Manager,Moshe Kaplinsky,,,,,,,,,,,,
,,Leibovitz,,,,,,,,,,,,Neighbours across,,Imported 8/1/13 ::: Imported on 4/29 ::: * myContacts,,,,,,,,,,,Home,054-995-5901,,,,,,,,,,,,,,,,,,,,,,,,,,,,,,,,,,,,,,,,,,,,,,,,,,,
Lemesh,,,,,,,,,,,,,,,,* myContacts,,,,,,,,,,,Home,+972 9-884-2430,,,,,,,,,,,,,,,,,,,,,,,,,,,,,,,,,,,,,,,,,,,,,,,,,,,
Lemesh,,,,,,,,,,,,,,,,Imported 8/1/13 ::: Imported on 4/29 ::: * myContacts,,,,,,,,,,,Mobile,+972 (52) 8323986,Home,+972 (9) 7448770,,,,,,,,,,,,,,,,,,,,,,,,,,,,,,,,,,,,,,,,,,,,,,,,,
,,Lena,,,,,,,,Travel Agency,,,,,,Imported 8/1/13 ::: Imported on 4/29 ::: * myContacts,* Other,lena@talma.com,,,,,,,,,,,,,,,,,,,,,,,,,,,,,,,,,,,,,,,,,,,,,,,,,,,,,,,,,,,,,
Leo,,Corry,,,,,,,,,,,,,,Imported 8/1/13 ::: Imported on 4/29 ::: * myContacts,* Other,leo@emc.co.il,Other,corry@post.tau.ac.il,,,,,,,,,,,,,,,,,,,,,,,,,,,,,,,,,,,,,,,,,,,,,,,,,,,,,,,,,,,
Leonidas,,,,,,,,,,Villa,,,,,,Imported on 4/29 ::: * myContacts,,,,,,,,,,,Home,00 30 694 4199297,,,,,,,,,,,,,,,,,,,,,,,,,,,,,,,,,,,,,,,,,,,,,,,,,,,
Leora,,Wiseman,,,,,,,,,,,,,,Imported on 4/29 ::: * myContacts,* ,leora@waze.com,Other,leora@google.com,,,,,,,Other,0542451083,,,,,,,,,,,,,,,,,,,,,,,,,,,,,,,,,,,,,,,,,,,,,,,,Photo,https://lh6.googleusercontent.com/--Mba05FkiM0/WVoHvgXNuyI/AAAAAAAAAAA/NHt6o7h-OSgqo78-HjYbO9-B6xdRIeQ0wCOQCEAE/photo.jpg,,
Lev,,Nachmanson,,,,,,,,Microsoft Corp.,Research Software Development Engineer,,,<sn>id:1584510148/friendof:809988573</sn>,https://lh3.googleusercontent.com/contacts/AG6tpzFHXlR-IdCq3O4Nj_ExFHb_788OGMUxZCd36ydUoENt4zlfWdmN,Imported 8/1/13 ::: Imported on 4/29 ::: * myContacts,* Other,levnach@gmail.com,Other,levnach@microsoft.com,,,,,,,Home,+1 (425) 8818283,Mobile,+1 (425) 7364819,Work,+1 (425) 7054277,Radio,levnach,,,,,,,,,,,,,,,,,,,,,,,,,,,,,,,,,,,,Other,fb://profile/1584510148,Profile,http://www.google.com/profiles/106372137526816622977,Sync.ME profile,http://sync.me/profile/hW_7thu4raFaguIl1dMdxEJuTdF0lmlT0dG8XNoilRCqaYRb_pYw-SRX8B0aNdpWc4MvPlZ5,,,,
Levon,,Faivush,,,,,,,,,,,,"Group: Map Team
Israeli Mobile: 972.54.8086227
Mobile: +972.54.8086227",https://lh3.googleusercontent.com/contacts/AG6tpzFThtFr9JPYS-rfsNUx0fUkjAvt9Y9ZRui_Ka43ikqJVjQknUGT,Imported 8/1/13 ::: Waze ::: Imported 3/19/12 ::: Imported on 4/29 ::: * myContacts,* Obsolete,levon@waze.com,Work,levonf@google.com,,levon@wazearchive.goog ::: levonfaivush@gmail.com,,,,,Mobile,+972-54-8086227,,,,,,,,,,,Home,החרות 9/20 חדרה 38422,9/20 החרות,חדרה,,,38422,,,,,,,,,,,,,,,,,,,,,,,,,Profile,http://www.google.com/profiles/100711418771851914462 ::: http://www.google.com/profiles/108865540396029738910,,,,,,,,
Lia,,Kurzer,,,,,,,,,,,,Exchange E-mail Address: /o=BetterPlace/ou=Exchange Administrative Group (FYDIBOHF23SPDLT)/cn=Recipients/cn=liak,https://lh3.googleusercontent.com/contacts/AG6tpzFddCGreQIISp4kjvOOd_w8UmMYgRAqQdyKJgcn2UNo_29pkBvL,* myContacts,* Other,Lia.Kurzer@betterplace.com,,,,,,,,,Mobile,054-5283455,,,,,,,,,,,,,,,,,,,,,,,,,,,,,,,,,,,,,,Manager,Ophir Langman,,,,,,,,,,,,
Liad,,Itzhak,,,,,,,,,,,,"Group: R&D 
Israeli Mobile: 972.54.3086562
Mobile: +972.54.3086562",,Imported 8/1/13 ::: Imported 3/19/12 ::: Imported on 4/29 ::: * myContacts,* Obsolete,liad@waze.com,,liad@wazearchive.goog,Work,liad@google.com,Other,liad.itzhak@gmail.com,,,Mobile,0546634056,,,,,,,,,,,,,,,,,,,,,,,,,,,,,,,,,,,,,,,,,,Profile,http://www.google.com/profiles/118233832846262869306,,,,,Photo,https://lh3.googleusercontent.com/-vqAqH5qUjiw/V4yY2_Ib12I/AAAAAAAAAAA/P50piHMbcNIo-6dpZZdwzJOqArCF0VsvgCOQCEAE/photo.jpg,,
Liana,,Lerner,,,,,,,,DataSafe,Account Manager,,,,,Imported 8/1/13 ::: Imported on 4/29 ::: * myContacts,* Other,liana@datasafe.co.il,,,,,,,,,Mobile,+972 54-6600721,Work,+972 (8) 9258019,,,,,,,,,,,,,,,,,,,,,,,,,,,,,,,,,,,,,,,,,,,,,,,,,
Liat,,Kasif,,,,,,,,TTI Telecom,"Director, Product Management",,,<sn>id:542164915/friendof:809988573</sn>,,Imported 8/1/13 ::: Imported on 4/29 ::: * myContacts,* Other,liatkasif@hotmail.com,Other,liat@uxsrvc.tti-telecom.com,,,,,,,,,,,,,,,,,,,,,,,,,,,,,,,,,,,,,,,,,,,,,,,,,,,fb://profile/542164915,,,,,,,,
Liat,,Mordechay Hertanu,,,,,,,,24me,"Co-Founder, CMO",,1978-06-15,,,Imported on 4/29 ::: * myContacts,* Other,liat@twentyfour.me,,,,,,,,,,,,,,,,,,,,,Home,"Tel Aviv, Tel Aviv
Israel",,Tel Aviv,,Tel Aviv,,Israel,,,,,,,,,,,,,,,,,,,,,,,,,,,,,,Photo,https://lh3.googleusercontent.com/-ic3t1KRhTIM/WceSUTleMPI/AAAAAAAAAAA/VRN0XIbcsT4FeBq_VcH2n6TsT7PAQkBeACOQCEAE/photo.jpg,,
Liat,Mordechay Mordechay,Hertanu,,,,,,,,24me,Co-Founder | Marketing & Operations,,,<sn>id:581774549/friendof:809988573</sn>,https://lh3.googleusercontent.com/contacts/AG6tpzFq3BiHGqRqPwgO6_BP0_BbGGqhhY6ojItmb_8tCiBoT7QfeZdl,Imported 8/1/13 ::: Imported on 4/29 ::: * myContacts,* Other,liat@press-sense.com,Other,liatmord@gmail.com,,,,,,,Other,+972 52-4-639123,Mobile,+1 (314) 825-9582,Radio,liatmord,,,,,,,,,,,,,,,,,,,,,,,,,,,,,,,,,,,,,,Other,fb://profile/581774549,,,,,,,,
Lidia,,,,,,,,,,,,,,,,Imported on 4/29 ::: * myContacts,,,,,,,,,,,Mobile,0545343504,,,,,,,,,,,,,,,,,,,,,,,,,,,,,,,,,,,,,,,,,,,,,,,,,,,
Lidia,,Kalinovsky,,,,,,,,,,,,,,Imported 8/1/13 ::: Imported on 4/29 ::: * myContacts,* Other,lidia@lemur-soft.com,Other,lilka@013.net ::: Lidia@Press-sense.com,,,,,,,Home,+972 (4) 6230703,Mobile,+972 (54) 5748325,Work,+972 (4) 6260318 x 133,,,,,,,,,,,,,,,,,,,,,,,,,,,,,,,,,,,,,,,,,,,,,,,
Lihi,,Zelnik,,,,,,,,,,,,,,Imported 8/1/13 ::: Imported on 4/29 ::: * myContacts,* Other,lihi@ee.technion.ac.il,,,,,,,,,,,,,,,,,,,,,,,,,,,,,,,,,,,,,,,,,,,,,,,,,,,,,,,,,,,,,
Lika,,Mamia,,,,,,,,,,,,,,Imported on 4/29 ::: * myContacts,* Work,lika@google.com,,,,,,,,,Other,0545777058,,,,,,,,,,,,,,,,,,,,,,,,,,,,,,,,,,,,,,,,,,,,,,,,,,,
Lilach,,,,,,,,,,הקולקטיב הארצי,,,,Insurance for GAN,,Imported 8/1/13 ::: Imported on 4/29 ::: * myContacts,* Other,LilachD2@agents.phoenix.co.il,,,,,,,,,Mobile,+972 52-7247425,Work,+972 3 9046070,,,,,,,,,,,,,,,,,,,,,,,,,,,,,,,,,,,,,,,,,,,,,,,,,
Lilach,,Gon,,,,,,,,,,,,Exchange E-mail Address: /o=BetterPlace/ou=Exchange Administrative Group (FYDIBOHF23SPDLT)/cn=Recipients/cn=vctlm2,https://lh3.googleusercontent.com/contacts/AG6tpzEXRe-P2M_0oxveUiCt0Ne77A_Nilasl0vJdntrD0MV-IqA64nN,* myContacts,* Other,lilach.gon@betterplace.com,,,,,,,,,Work,972 73 790 2512,,,,,,,,,,,,,,,,,,,,,,,,,,,,,,,,,,,,,,Manager,Limor Benshimol,,,,,,,,,,,,
Lily,,Schupack,,,,,,,,,physical therapist,,,,,Imported 8/1/13 ::: Imported on 4/29 ::: * myContacts,* Other,szczu509@zahav.net.il,,,,,,,,,Mobile,054-689-9772,Work,09-7746505,,,,,,,,,Work,"רח' הרצל 6, רעננה",6 רח' הרצל,רעננה,,,,,,,,,,,,,,,,,,,,,,,,,,,,,,,,,,,,,
Limor,,Akta,,,,,,,,Music Center,,,,,,Imported on 4/29 ::: * myContacts,,,,,,,,,,,Mobile,+972 52-819-7173,,,,,,,,,,,,,,,,,,,,,,,,,,,,,,,,,,,,,,,,,,,,,,,,,,,
Limor,,Benshimol,,,,,,,,,,,,Exchange E-mail Address: /o=BetterPlace/ou=Exchange Administrative Group (FYDIBOHF23SPDLT)/cn=Recipients/cn=limors,https://lh3.googleusercontent.com/contacts/AG6tpzGqMpqGG-2sJFfTj2eoGwKSdNFjKD1GjLi_gjmwHdnzXtboie1_,* myContacts,* Other,Limor.Benshimol@betterplace.com,,,,,,,,,Mobile,972 54 830 0616,Work,972 73 790 2515,,,,,,,,,,,,,,,,,,,,,,,,,,,,,,,,,,,,Manager,Sharon Shachar,,,,,,,,,,,,
Limor,,Gersch,,,,,,,,OpCo,,Ops,,Exchange E-mail Address: /o=BetterPlace/ou=Exchange Administrative Group (FYDIBOHF23SPDLT)/cn=Recipients/cn=limorg,https://lh3.googleusercontent.com/contacts/AG6tpzFsilSj-zo3CGMq70ZP9bzufMIG0U0-6iaJ_recJzqs9UMqZaql,* myContacts,* Other,Limor.Gersch@betterplace.com,,,,,,,,,Mobile,972 50 726 8277,Work,972 73 7902701,,,,,,,,,,,,,,,,,,,,,,,,,,,,,,,,,,,,Manager,Eli Vahabi,,,,,,,,,,,,
Limor,,Goldhaber,,,,,,,,,,,,,,Imported on 4/29 ::: * myContacts,* Work,limorg@google.com,,,,,,,,,Other,0547807191,,,,,,,,,,,,,,,,,,,,,,,,,,,,,,,,,,,,,,,,,,,,,,,,Photo,https://lh5.googleusercontent.com/-0ssG4AYLHBU/WLaQBSLdyHI/AAAAAAAAAAA/qsp0JaW2a3ouH6ZsaCyT_rZGMJ4-g8VpACOQCEAE/photo.jpg,,
Limor,,Navaro Eshel,,,,,,,,מרפאת שיניים,Dental assistant,,1967-09-26,,,Imported 8/1/13 ::: Imported on 4/29 ::: * myContacts,* Other,eshel.limor@gmail.com,,,,,,,,,,,,,,,,,,,,,Home,"Kfar Saba, Central District
Israel",,Kfar Saba,,Central District,,Israel,,,,,,,,,,,,,,,,,,,,,,,,,,,,,,Photo,https://lh6.googleusercontent.com/-h0EtOvpizVc/WceSymf4_OI/AAAAAAAAAAA/Q8xfOjnfEHwHLBEq7eKQQtlCQQuVtxd0gCOQCEAE/photo.jpg,,
Limor,,Raviv,,,,,,,,,,,,,,Imported on 4/29 ::: * myContacts,* Other,ravivlimor3@gmail.com,,,,,,,,,Mobile,+972545633326,,,,,,,,,,,,,,,,,,,,,,,,,,,,,,,,,,,,,,,,,,,,,,,,,,,
Linda,,Ladd,,,,,,,,TTI - NA,Project Manager,,2006-06-22,,,* myContacts,* Other,lladd@imcingular.com,Other,lladd4820@comcast.net ::: lindal@tti-telecom.com,,,,,,,Home,+1 (770) 886-6674,Mobile,+1 (770) 312-1690,Work,+1 (770) 206-4732,Work Fax,+1 (770) 206-4701,,,,,Home,"4820 Cardigan Ct.
Suwanee, GA 30024
United States of America",4820 Cardigan Ct,Suwanee,,GA,30024,United States of America,,Work,"1000 Abernathy Rd.
Suite#1850
400 North Park
Atlanta, GA 30328
United States of America",1000 Abernathy Rd. Suite#1850 400,Atlanta,,GA,30328,United States of America,North Park,,,,,,,,,,Manager,Sagive Greenspan,,,,http://www.tti-telecom.com,,,,,,Cox Communications,,
Linda,,Palmor,,,,,,,,Better Place Inc.,Finance Management,Global Planning and Operations,,Exchange E-mail Address: /o=BetterPlace/ou=Exchange Administrative Group (FYDIBOHF23SPDLT)/cn=Recipients/cn=lpalmor,,* myContacts,* Other,Linda.Palmor@betterplace.com,,,,,,,,,Pager,Skype: linda.palmor,Mobile,1 650 380 6402,Work,1 650 845 2843,,,,,,,Work,"1070 Arastradero Road, Suite 220
Palo Alto, California 94304
United States",Suite 220 1070 Arastradero Road,Palo Alto,,CA,94304,United States,,,,,,,,,,,,,,,,,,,,Manager,Aliza Peleg,,,,,,,,,,,,
Lior,,Avraham,,,,,,,,,Shalev's Basketball Instructor,,,,https://lh3.googleusercontent.com/contacts/AG6tpzG8hokFjuL82DtgJOtsWQbGk7ePXxv8aG9pCE-mZFcO_h9EfBQv,Imported 8/1/13 ::: Imported on 4/29 ::: * myContacts,,,,,,,,,,,Mobile,+972 54 3143000,,,,,,,,,,,,,,,,,,,,,,,,,,,,,,,,,,,,,,,,,,,,,,,,,,,
Lior,,Cohen,,,,,,,,NetTranslators,Sales Manager,,,,,Imported 8/1/13 ::: Imported on 4/29 ::: * myContacts,,,,,,,,,,,Mobile,+972 (52) 5228885,,,,,,,,,,,,,,,,,,,,,,,,,,,,,,,,,,,,,,,,,,,,,,,,,,,
Lior,,Forer,,,,,,,,OpCo,Switchers (Sales Rep for Visitors Center),Sales Team: Visitors Center,,Exchange E-mail Address: /o=BetterPlace/ou=Exchange Administrative Group (FYDIBOHF23SPDLT)/cn=Recipients/cn=liorf,,* myContacts,* Other,Lior.Forer@betterplace.com,,,,,,,,,Mobile,972 54 323 3079,Work,972 73 777 7222,,,,,,,,,,,,,,,,,,,,,,,,,,,,,,,,,,,,Manager,Maya Cohen Lubitch,,,,,,,,,,,,
Lior,,Gavriel,,,,,,,,TopCo,Integration Engineer,R&D Team :OBS,,Exchange E-mail Address: /o=BetterPlace/ou=Exchange Administrative Group (FYDIBOHF23SPDLT)/cn=Recipients/cn=liorg,https://lh3.googleusercontent.com/contacts/AG6tpzFzW52dam_akcOJhbi43yUD-2nAK2Wjw2ZQOMV1XbiCtXryPAPY,* myContacts,* Other,Lior.Gavriel@betterplace.com,,,,,,,,,Work,972 73 790 2125,,,,,,,,,,,,,,,,,,,,,,,,,,,,,,,,,,,,,,Manager,Ilana dankovich,,,,,,,,,,,,
Lior,,Haklay,,,,,,,,OpCo,Corporate Sales Representative,Sales Team: Corporate Sales,,Exchange E-mail Address: /o=BetterPlace/ou=Exchange Administrative Group (FYDIBOHF23SPDLT)/cn=Recipients/cn=liork,https://lh3.googleusercontent.com/contacts/AG6tpzEMzaqTdxrkKjE7RFmN6e_wylhUWfilOn2sr1ZuDFGzF5cPcO5K,* myContacts,* Other,Lior.Haklay@betterplace.com,,,,,,,,,Mobile,972 54 799 9389,Work,972 73 790 2250,,,,,,,,,,,,,,,,,,,,,,,,,,,,,,,,,,,,Manager,Asaf Onn,,,,,,,,,,,,
Lior,,Krasnovsky,,,,,,,,"Director, HP Channel",,,,,https://lh3.googleusercontent.com/contacts/AG6tpzGz1W5mF5YuuHPzXaN7eGms6qlGc3N_yXrTx3Fuf5Mi7aj-4Fej,Imported 8/1/13 ::: Imported on 4/29 ::: * myContacts,* Other,lior@press-sense.com,,,,,,,,,Mobile,+972 54-7719101,Work,+972 4-6269000 - Ext 212,,,,,,,,,,,,,,,,,,,,,,,,,,,,,,,,,,,,Manager,Amir Karby,,,Other,fb://profile/100001820378004,,,,,,,,
Lior,,Loit,,,,,,,,EasyHi,Head of design,,,,https://lh3.googleusercontent.com/contacts/AG6tpzEIjXKZKMR-ZKnI4FDuy0R1QhsRaRLUIUFxJ5tHFQRwWyBmgtdZ,Imported 8/1/13 ::: Waze ::: Imported on 4/29 ::: * myContacts,,,,,,,,,,,Mobile,+972-52-3324939,,,,,,,,,,,Home,זמנהוף 4 נתניה 42309,4 זמנהוף,נתניה,,,42309,,,,,,,,,,,,,,,,,,,,,,,,,,,,,,,,,,
Lior,,Mandelzweig,,,,,,,,OpCo,Process Engineer,Infrastructure Team: SCM,,Exchange E-mail Address: /o=BetterPlace/ou=Exchange Administrative Group (FYDIBOHF23SPDLT)/cn=Recipients/cn=liorm,https://lh3.googleusercontent.com/contacts/AG6tpzGOT_o7UqrmOC55klwI7ovJiZrrVP1lWSQpzDRPf4YJXUbKNB_i,* myContacts,* Other,Lior.Mandelzweig@betterplace.com,,,,,,,,,Mobile,972 54 300 3980,Work,972 73 790 2569,,,,,,,,,,,,,,,,,,,,,,,,,,,,,,,,,,,,Manager,Hemi Kabir,,,,,,,,,,,,
Lior,,Netzer,,,,,,,,Comverse Network Systems,Senior Director Corporate Strategy and Business Development,,,,https://lh3.googleusercontent.com/contacts/AG6tpzG4-lA0BwUQWmsWGdB-bkb3fOgMtdvaGHaTI_lljs4OtWo_8XYt,Imported 8/1/13 ::: Imported on 4/29 ::: * myContacts,* Other,lior.netzer@comverse.com,Other,lior_netzer@yahoo.com,,,,,,,Home,+1 (617) 6423621,Mobile,+972 (54) 5425990,Other,+1 (617) 292 4731,Work,+972 3.7655990,Radio,rigomortis,,,Work,"Malcha Technology Park
Building 1, P.O.B. 21
Jerusalem 96951
United States of America ::: Malcha Technology Park
Building 1, P.O.B. 21
Jerusalem 96951
United States of America","Malcha Technology Park Building 1, P.O.B. 21 Jerusalem 96951 ::: Malcha Technology Park Building 1, P.O.B. 21 Jerusalem 96951", ::: , ::: , ::: , ::: ,United States of America ::: United States of America, ::: ,,,,,,,,,,,,,,,,,,,,,,,Home Page,http://www.kayote.com,Sync.ME profile,http://sync.me/profile/wfjnGmpobC2fSQx7ZAGnDmgOft_NqvDXJBxmrMA_fPTIYRXxLKPVdh3Xz_k4ESpt4GDQv8aJsVo,,,,,,
Lior,,Resnik,,,,,,,,OpCo,planning and control manager,Sales,,Exchange E-mail Address: /o=BetterPlace/ou=Exchange Administrative Group (FYDIBOHF23SPDLT)/cn=Recipients/cn=liorr,https://lh3.googleusercontent.com/contacts/AG6tpzHfzMK87dHf4tuB1mArC_akLgqHDfLWdoZaaRPP2S5nsiZuVpGp,* myContacts,* Other,Lior.Resnik@betterplace.com,,,,,,,,,Mobile,972 54 3233087,Work,972 73 790 2212,,,,,,,,,,,,,,,,,,,,,,,,,,,,,,,,,,,,,,,,,,,,,,,,,
Lior,,Storfer,,,,,,,,TopCo,head of R&D,R&D,,Exchange E-mail Address: /o=BetterPlace/ou=Exchange Administrative Group (FYDIBOHF23SPDLT)/cn=Recipients/cn=liors,https://lh3.googleusercontent.com/contacts/AG6tpzF4Tt8rojGMfVdCSweXrujAVXWfIkyhekFrpsz5iXKiL82CchH5,Imported 8/1/13 ::: Imported on 4/29 ::: * myContacts,* Other,Lior.Storfer@betterplace.com,Other,lior.storfer@gmail.com,,,,,,,Pager,Skype: lior.storfer,Home,+972 (3) 6445323,Mobile,+972 (54) 4301106,Work,+972 (9) 9706468 ::: 972 73 790 2157,,,,,,,,,,,,,,,,,,,,,,,,,,,,,,,,,,,,Other,fb://profile/562133271,,,,,,,,
Liora,,Haklai,,,,,,,,OpCo,Admin Manager,G&A,,Exchange E-mail Address: /o=BetterPlace/ou=Exchange Administrative Group (FYDIBOHF23SPDLT)/cn=Recipients/cn=liorah,,* myContacts,* Other,Liora.Haklai@betterplace.com,,,,,,,,,Mobile,972 54 5225026,Work,972 73 7902105,,,,,,,,,,,,,,,,,,,,,,,,,,,,,,,,,,,,Manager,Rami Pinkhas,,,,,,,,,,,,
Liraz,,Axelrad,,,,,,,,,,,,,https://lh3.googleusercontent.com/contacts/AG6tpzGtscEeQAjpZs6zs0JkNo2QD3y5iRN2pDuSlJ8ExKWvD_ZudtHK,Imported 8/1/13 ::: Imported on 4/29 ::: * myContacts,* Other,lirazaxelrad@gmail.com,,,,,,,,,Mobile,+972 544805858,,,,,,,,,,,,,,,,,,,,,,,,,,,,,,,,,,,,,,,,,,Other,fb://profile/504742926,,,,,,,,
Liron,,Enkava,,,,,,,,TopCo,QA Tester- Autos,R&D,,Exchange E-mail Address: /o=BetterPlace/ou=Exchange Administrative Group (FYDIBOHF23SPDLT)/cn=Recipients/cn=Lirone,https://lh3.googleusercontent.com/contacts/AG6tpzHcBPoUcIQcfK6MC8eu8bF6Vcn0P9P2cm7Y_o-9Sq656Rr8nVzK,* myContacts,* Other,Liron.Enkava@betterplace.com,,,,,,,,,Mobile,972 54 2187286,Work,972 73 790 2265,,,,,,,,,,,,,,,,,,,,,,,,,,,,,,,,,,,,Manager,Barak Ben-Rachel,,,,,,,,,,,,
Liron,,Levi,,,,,,,,TopCo,SW Developer,R&D,,Exchange E-mail Address: /o=BetterPlace/ou=Exchange Administrative Group (FYDIBOHF23SPDLT)/cn=Recipients/cn=lironl,,* myContacts,* Other,Liron.Levi@betterplace.com,,,,,,,,,Mobile,972 52 829 2629,Work,972 73 790 2218,,,,,,,,,,,,,,,,,,,,,,,,,,,,,,,,,,,,Manager,Motty Cohen,,,,,,,,,,,,
Liron,,Linker,,,,,,,,wednesdaynightsoccer,,,,,https://lh3.googleusercontent.com/contacts/AG6tpzGUDWd8DfhnNVrXkGa54TYPrlrD5wN93w_VeMnQkytvHkl6Z9Mm,Imported 8/1/13 ::: wednesdaynightsoccer ::: Imported on 4/29 ::: * myContacts,* Other,lironlinker@yahoo.com,,,,,,,,,Mobile,054-4322122,,,,,,,,,,,,,,,,,,,,,,,,,,,,,,,,,,,,,,,,,,Profile,http://www.google.com/profiles/113323019904195273943,,,,,,,,
Lisa,,Miyazaki,,,,,,,,,,,,Exchange E-mail Address: /o=BetterPlace/ou=Exchange Administrative Group (FYDIBOHF23SPDLT)/cn=Recipients/cn=lmiyazaki,,* myContacts,* Other,Lisa.Miyazaki@betterplace.com,,,,,,,,,Pager,Skype: lisa.miyazaki,Home,81 3 5404 8571,Mobile,81 90 3119 2402,Work,81 3 3595 7500,,,,,,,,,,,,,,,,,,,,,,,,,,,,,,,,Manager,Kiyotaka Fujii,,,,,,,,,,,,
Lital,,Parush,,,,,,,,Amdocs,Recruitment & Career Consulting manager -Israel,,,,https://lh3.googleusercontent.com/contacts/AG6tpzEJUPxK1AqZ7jGLePZyFWa76SGPjgTfmIkDbL7R5AM79EbOMvBz,Imported 8/1/13 ::: Imported on 4/29 ::: * myContacts,* Other,lital.parush@amdocs.com,,,,,,,,,Mobile,+972 52-6194626,Work,+972 9-7763041,Work Fax,+972 9-7763886,,,,,,,,,,,,,,,,,,,,,,,,,,,,,,,,,,,,,,,,,,,,,,,
Liz,,,,,,,,,,Hotel,,,,,,* myContacts,,,,,,,,,,,Mobile,+1 508-496-5501,,,,,,,,,,,,,,,,,,,,,,,,,,,,,,,,,,,,,,,,,,,,,,,,,,,
Liz,,Bitton,,,,,,,,,,,,"Group: Map Team
Israeli Mobile: 972.50.9419056
Mobile: +972.50.9419056",https://lh3.googleusercontent.com/contacts/AG6tpzFK0ts2uz5hPY3al_RUqlKJ3ZuHAZz-KzKAs-BU1OMs_2G_v6S8,Imported 8/1/13 ::: Waze ::: Imported 3/19/12 ::: Imported on 4/29 ::: * myContacts,* Other,liz@waze.com,,,,,,,,,Mobile,+972-50-9419056,,,,,,,,,,,Home,"בר גיורא 4 פ""ת",4 בר גיורא,"פ""ת",,,,,,,,,,,,,,,,,,,,,,,,,,,,Sync.ME profile,http://sync.me/profile/9etdlv3rJ3_-uq8IaRkQklj2c8Vn3HVC_vkZYKCi,,,,,,,,
Lori Deese Flooring,,Atlanta,,,,,,,,,,,,,,* myContacts,,,,,,,,,,,Other,+14703067626,,,,,,,,,,,,,,,,,,,,,,,,,,,,,,,,,,,,,,,,,,,,,,,,,,,
Losovsky,,Alex,,,,,,,,,,,,,,Imported 8/1/13 ::: Imported on 4/29 ::: * myContacts,* Other,Alex.Losovsky@comverse.com,,,,,,,,,Mobile,+972 528545713,,,,,,,,,,,,,,,,,,,,,,,,,,,,,,,,,,,,,,,,,,,,,,,,,,,
Lou,,Ingwersen,,,,,,,,,,,,Testing Manager ?,,Imported 8/1/13 ::: Imported on 4/29 ::: * myContacts,* Other,Lou.Ingwersen@BellSouth.com,,,,,,,,,,,,,,,,,,,,,,,,,,,,,,,,,,,,,,,,,,,,,,,,,,,,,,,,,,,,,
Louise,,Henriques,,,,,,,,Better Place Denmark A/S,Marketing Program Specialist,Marketing,,Exchange E-mail Address: /o=BetterPlace/ou=Exchange Administrative Group (FYDIBOHF23SPDLT)/cn=Recipients/cn=louiseh,https://lh3.googleusercontent.com/contacts/AG6tpzFEnyVeiNOnHJpsyTWYaJkIF4WhLi0BydxsTR_zjOflo_vFWZaX,* myContacts,* Other,Louise.Henriques@betterplace.com,,,,,,,,,Mobile,45 30 37 25 17,Work,45 702 702 47,,,,,,,,,Work,"1. sal 57 Bygmestervej
NV
Copenhagen 2400
Denmark","1. sal 57 Bygmestervej
NV",Copenhagen,,,2400,Denmark,,,,,,,,,,,,,,,,,,,,Manager,Henrik Linderberg,,,,,,,,,,,,
Luda,,,,,,,,,,,,,,,,Imported 8/1/13 ::: Imported on 4/29 ::: * myContacts,,,,,,,,,,,Mobile,+17709351312,,,,,,,,,,,,,,,,,,,,,,,,,,,,,,,,,,,,,,,,,,,,,,,,,,,
Lufthansa,,,,,,,,,,,,,,,,Imported 8/1/13 ::: Imported on 4/29 ::: * myContacts,,,,,,,,,,,Work,1809371937,,,,,,,,,,,,,,,,,,,,,,,,,,,,,,,,,,,,,,,,,,,,,,,,,,,
Luiz Electrician,,,,,,,,,,,,,,,,* myContacts,,,,,,,,,,,Other,+14046893575,,,,,,,,,,,,,,,,,,,,,,,,,,,,,,,,,,,,,,,,,,,,,,,,,,,
Luiz,,Scheinkman,,,,,,,,Better Place Inc.,Engineer,Research and Development,,Exchange E-mail Address: /o=BetterPlace/ou=Exchange Administrative Group (FYDIBOHF23SPDLT)/cn=Recipients/cn=lscheinkman,,* myContacts,* Other,Luiz.Scheinkman@betterplace.com,,,,,,,,,Pager,972-52-323-9165,Home,Skype: luiz.scheinkman,Mobile,1 408 580 6908,Work,1 650 845 2864,,,,,Work,"1070 Arastradero Road, Suite 220
Palo Alto, California 94304
United States",Suite 220 1070 Arastradero Road,Palo Alto,,CA,94304,United States,,,,,,,,,,,,,,,,,,,,Manager,Shai Agassi,,,,,,,,,,,,
Lynn,,Porter,,,,,,,,BellSouth,Operator,,,,,Imported 8/1/13 ::: Imported on 4/29 ::: * myContacts,* Other,Lynn.Porter@bellsouth.net,,,,,,,,,,,,,,,,,,,,,,,,,,,,,,,,,,,,,,,,,,,,,,,,,,,,,,,,,,,,,
Lynn,,Tsai,,,,,,,,,,,,,,Imported 8/1/13 ::: Imported on 4/29 ::: * myContacts,* ,lynn.tsai@xerox.com,,,,,,,,,,,,,,,,,,,,,,,,,,,,,,,,,,,,,,,,,,,,,,,,,,,,,,,,,,,,,
,,,,,,,,,,"משרד מע""מ אזורי - נתניה",,,,"ימים א'-ה' 13:30 - 08:00	 שעות קבלה",,Imported 8/1/13 ::: Imported on 4/29 ::: * myContacts,* Home,maam.netanya@mc.shaam.gov.il,,,,,,,,,Work Fax,09-8606353,Work,09-8606333,,,,,,,,,Home,"רח' סמילנסקי 8, נתניה, מיקוד 42432","רח' סמילנסקי 8, נתניה, מיקוד",,,,42432,,,,,,,,,,,,,,,,,,,,,,,,,,,,,,,,,,
Maayan,,Kalujny,,,,,,,,,,,,,,Imported 8/1/13 ::: Imported on 4/29 ::: * myContacts,* ,maayan@waze.com,Work,maayanka@google.com,,,,,,,Mobile,0544411696,,,,,,,,,,,,,,,,,,,,,,,,,,,,,,,,,,,,,,,,,,Profile,http://www.google.com/profiles/107897252860705410136,,,,,Photo,https://www.google.com/s2/photos/private/AIbEiAIAAAAhCKP_6_LYlPDnERCtl6GBnqSzzhAY44D-17SH_ZK1ATABRCtEKwEE5hlVD1QazZVa6aVFZ9Y,,
Macgregor,,Duncan,,,,,,,,"Better Place, Inc.",Corporate Development,G&A,,Exchange E-mail Address: /o=BetterPlace/ou=Exchange Administrative Group (FYDIBOHF23SPDLT)/cn=Recipients/cn=mduncan,,* myContacts,* Other,Macgregor.Duncan@betterplace.com,,,,,,,,,Pager,Skype: macgregor_duncan,Mobile,1 650 704 7622,Work,1 650 845 2800,,,,,,,Work,"1070 Arastradero Road, Suite 220
Palo Alto, CA 94304
United States",Suite 220 1070 Arastradero Road,Palo Alto,,CA,94304,United States,,,,,,,,,,,,,,,,,,,,,,,,,,,,,,,,,
Magal,,Saphier,,,,,,,,,,,,Exchange E-mail Address: /o=BetterPlace/ou=Exchange Administrative Group (FYDIBOHF23SPDLT)/cn=Recipients/cn=MagalS,,* myContacts,* Other,Magal.Saphier@betterplace.com,,,,,,,,,Pager,skype:magal.saphier,Mobile,972 54 546 4064,,,,,,,,,,,,,,,,,,,,,,,,,,,,,,,,,,,,,,,,,,,,,,,,,
Main,,Fax,,,,,,,,,,,,Exchange E-mail Address: /o=BetterPlace/ou=Exchange Administrative Group (FYDIBOHF23SPDLT)/cn=Recipients/cn=MainF,,* myContacts,* Other,Main.Fax@betterplace.com,,,,,,,,,,,,,,,,,,,,,,,,,,,,,,,,,,,,,,,,,,,,,,,,,,,,,,,,,,,,,
Maki,,,,,,,,,,Tour Guide,,,,,,Imported on 4/29 ::: * myContacts,,,,,,,,,,,Home,+81 90 5801 6570,,,,,,,,,,,,,,,,,,,,,,,,,,,,,,,,,,,,,,,,,,,,,,,,,,,
Maki,,Yasuda,,,,,,,,"Better Place Japan Co., Ltd.",Marketing Specialist / Business Development,Business Development,,Exchange E-mail Address: /o=BetterPlace/ou=Exchange Administrative Group (FYDIBOHF23SPDLT)/cn=Recipients/cn=myasuda,https://lh3.googleusercontent.com/contacts/AG6tpzFIUL_cK47KtXidMQ8GtaJYwMkVK7aeHOejMvh5NinCVrZiDWTn,* myContacts,* Other,Maki.Yasuda@betterplace.com,,,,,,,,,Pager,Skype: makimaki_,Mobile,81 90 6171 7771,Work,81 3 3595 7503,Other Fax,81 3 5404 8585,,,,,Work,"Shiroyama Trust Tower 27F
4-3-1 Toranomon, Minato-ku
Tokyo, Kanto 150-6027
Japan","Shiroyama Trust Tower 27F 4-3-1 Toranomon, Minato-ku Tokyo, Kanto",,,,150-6027,Japan,,,,,,,,,,,,,,,,,,,,Manager,Kiyotaka Fujii,,,,,,,,,,,,
mano & Michal,,Sade,,,,,,,,,,,,,,Imported 8/1/13 ::: Imported on 4/29 ::: * myContacts,,,,,,,,,,,Home,+1 (770) 396-0394,,,,,,,,,,,,,,,,,,,,,,,,,,,,,,,,,,,,,,,,,,,,,,,,,,,
Manoj,,Jasrotia,,,,,,,,,,,,,,Imported 8/1/13 ::: Imported on 4/29 ::: * myContacts,* Other,manojj@amdocs.com,,,,,,,,,,,,,,,,,,,,,,,,,,,,,,,,,,,,,,,,,,,,,,,,,,,,,,,,,,,,,
Manon,,Cherrier,,,,,,,,Accenture,PM,,,,,Imported 8/1/13 ::: Imported on 4/29 ::: * myContacts,* Other,Manon.Cherrier@BellSouth.com,,,,,,,,,Work,+1 (404) 9860967,,,,,,,,,,,,,,,,,,,,,,,,,,,,,,,,,,,,,,,,,,,,,,,,,,,
Manor,,Benita,,,,,,,,,,,,"Group: Map Team
Israeli Mobile: 972.50.2805547
Mobile: +972.50.2805547",,Imported 8/1/13 ::: Imported 3/19/12 ::: Imported on 4/29 ::: * myContacts,* Work,manorbenita@google.com,,manor@waze.com,,,,,,,,,,,,,,,,,,,,,,,,,,,,,,,,,,,,,,,,,,,,,,,,,,Profile,http://www.google.com/profiles/103065438561478665362,,,,,,,,
Manuel,,Gonzalez,,,,,,,,Hewlett Packard,"R&D Partners Program Manager (EMEA), Indigo Press Division",,,,https://lh3.googleusercontent.com/contacts/AG6tpzFkT46QcQ1MIukpkayhXG2KaKfAkpnLPHiqKHtAfAm80GHJCyzw,Imported 8/1/13 ::: Imported on 4/29 ::: * myContacts,* Other,m.gonzalez@hp.com,,,,,,,,,Work,+34 (690) 609 282,,,,,,,,,,,,,,,,,,,,,,,,,,,,,,,,,,,,,,,,,,,,,,,,,,,
Maor,,,,,,,,,,wednesdaynightsoccer,,,,,,Imported 8/1/13 ::: wednesdaynightsoccer ::: Imported on 4/29 ::: * myContacts,* Other,xxxzz5@mailinator.com,,,,,,,,,Mobile,050-5785447,,,,,,,,,,,,,,,,,,,,,,,,,,,,,,,,,,,,,,,,,,,,,,,,,,,
Marc,,Smith,,,,,,,,Better Place Inc.,Supply Chain,Global Planning and Operations,,Exchange E-mail Address: /o=BetterPlace/ou=Exchange Administrative Group (FYDIBOHF23SPDLT)/cn=Recipients/cn=msmith,https://lh3.googleusercontent.com/contacts/AG6tpzHFq2sTLRrB5Atc7TcVwR7CzCiVUyIwg5xJWf1ylBORX1YGtXbQ,* myContacts,* Other,Marc.Smith@betterplace.com,,,,,,,,,Mobile,1 408 218 3219,,,,,,,,,,,Work,"1070 Arastradero Road, Suite 220
Palo Alto, CA 94304
United States",Suite 220 1070 Arastradero Road,Palo Alto,,CA,94304,United States,,,,,,,,,,,,,,,,,,,,,,,,,,,,,,,,,
Marcelo,,Levin,,,,,,,,,,,,,https://lh3.googleusercontent.com/contacts/AG6tpzFbeQmvn2wlmF7IIBHJc1zriP1noiiGXrtkWR_H2utVrrtr_tkt,Imported 8/1/13 ::: Imported on 4/29 ::: * myContacts,* Other,levin.marcelo3@gmail.com,,,,,,,,,Home,+972 9 7717919,Mobile,0505926409,,,,,,,,,,,,,,,,,,,,,,,,,,,,,,,,,,,,,,,,,,,,,,,,,
Marco,,Janschke,,,,,,,,OCE,Intl. Product Manager Software,,,,,Imported 8/1/13 ::: Imported on 4/29 ::: * myContacts,* Other,Marco.Janschke@ops.de,,,,,,,,,Mobile,+49 (173) 357 39 36,Work,+49 (8121) 72 3642,,,,,,,,,Work,United States of America,,,,,,United States of America,,,,,,,,,,,,,,,,,,,,,,,,,,,,,,,,,
Maria,,Skøtt,,,,,,,,Better Place Denmark,Site Acquisition Project Manager,Deployment,,Exchange E-mail Address: /o=BetterPlace/ou=Exchange Administrative Group (FYDIBOHF23SPDLT)/cn=Recipients/cn=marias,https://lh3.googleusercontent.com/contacts/AG6tpzELPUJPqTZ3BPyMQkyhJJw-1tP7HeIdSWDJR1m_sliaJkSfQ_HW,* myContacts,* Other,Maria.Skoett@betterplace.com,,,,,,,,,Mobile,45 30 37 25 12,Work,45 702 702 47,,,,,,,,,Work,"Bygmestervej 57, 1. sal
København NV 2400
Denmark",1. sal 57 Bygmestervej,,,,2400,Denmark,København NV,,,,,,,,,,,,,,,,,,,Manager,Torben Bjerre,,,,,,,,,,,,
Maria,,Svoisky,,,,,,,,,,,,Exchange E-mail Address: /o=BetterPlace/ou=Exchange Administrative Group (FYDIBOHF23SPDLT)/cn=Recipients/cn=vctlm1,https://lh3.googleusercontent.com/contacts/AG6tpzEFXOnXXbqRj2sepn1Z89aGXTQkkY3fhJj6cZwxWRgzRyWsyo8W,* myContacts,* Other,maria.svoisky@betterplace.com,,,,,,,,,Mobile,972 52 749 5745,Work,972 73 790 2511,,,,,,,,,,,,,,,,,,,,,,,,,,,,,,,,,,,,Manager,Limor Benshimol,,,,,,,,,,,,
Marianne,,Wier,,,,,,,,Better Place Denmark A/S,Director of Public Affairs,Public Affairs,,Exchange E-mail Address: /o=BetterPlace/ou=Exchange Administrative Group (FYDIBOHF23SPDLT)/cn=Recipients/cn=mariannew,https://lh3.googleusercontent.com/contacts/AG6tpzGTmAtPPmHinE9m4qiU0Gt2o328XZz8CEKB3LXXrBTtradB7NPs,* myContacts,* Other,Marianne.Wier@betterplace.com,,,,,,,,,Pager,Skype: marianne.wier,Mobile,45 22 51 28 50,Work,45 70 27 02 47,,,,,,,Work,"Enigheden
Bygmestervej 57
DK-2400 København NV
Denmark",Enigheden Bygmestervej 57,,,,DK-2400,Denmark,København NV,,,,,,,,,,,,,,,,,,,Manager,Jens Moberg,,,,,,,,,,,,
Marie,,Niedermeier,,,,,,,,,,,,,,Imported 8/1/13 ::: Imported on 4/29 ::: * myContacts,* ,marie.niedermeier@xerox.com,,,,,,,,,,,,,,,,,,,,,,,,,,,,,,,,,,,,,,,,,,,,,,,,,,,,,,,,,,,,,
Marie-Leonore,,Faiez,,,,,,,,Better Place Inc.,Office Manager,Global Planning and Operations,,"Marie is TopCo's Office Manager working directly with Aliza Peleg and has been with Better Place since February 2008.  Marie is fluent in French and can help you with anything from paperclips to expense reports and everything in-between.
Exchange E-mail Address: /o=BetterPlace/ou=Exchange Administrative Group (FYDIBOHF23SPDLT)/cn=Recipients/cn=mfaiez",,* myContacts,* Other,Marie-Leonore.Faiez@betterplace.com,,,,,,,,,Pager,Skype: mlfaiez,Mobile,1 408 507 5909,Work,1 650 845 2852,,,,,,,Work,"1070 Arastradero Road, Suite 220
Palo Alto, California 94304
United States",Suite 220 1070 Arastradero Road,Palo Alto,,CA,94304,United States,,,,,,,,,,,,,,,,,,,,Manager,Aliza Peleg,,,,,,,,,,,,
Marilyn,,Taylor,,,,,,,,,,,,,,Imported 8/1/13 ::: Imported on 4/29 ::: * myContacts,* Other,Marilyn.Taylor2@BELLSOUTH.COM,,,,,,,,,Work,+1 (678) 728-7835,,,,,,,,,,,,,,,,,,,,,,,,,,,,,,,,,,,,,,,,,,,,,,,,,,,
Mark,,Barry,,,,,,,,OpenView Venture Partners,Venture Partner,,,,,Imported 8/1/13 ::: Imported on 4/29 ::: * myContacts,* Other,mbarry@openviewpartners.com,,,,,,,,,Mobile,404-386-6444,Work,617-478-7523,Work Fax,617-478-7501,,,,,,,Work,"303 Congress Street
7th Floor
Boston, MA 02210
United States of America",7th Floor 303 Congress Street,Boston,,MA,02210,United States of America,,,,,,,,,,,,,,,,,,,,,,,,Home Page,http://www.openviewpartners.com,,,,,,,,
Mark,,Pacelli,,,,,,,,,,,,,,Imported 8/1/13 ::: Imported on 4/29 ::: * myContacts,* Other,mpacelli@adelphia.net,,,,,,,,,Mobile,+1 (201) 2204544,Work,+1 (858) 5094880,,,,,,,,,,,,,,,,,,,,,,,,,,,,,,,,,,,,,,,,,,,,,,,,,
Mark,,Thomason,,,,,,,,,,,,,,Imported 8/1/13 ::: Imported on 4/29 ::: * myContacts,* ,markthomason@mindspring.com,,,,,,,,,,,,,,,,,,,,,,,,,,,,,,,,,,,,,,,,,,,,,,,,,,,,,,,,,,,,,
Marketing,,Fax,,,,,,,,,,,,Exchange E-mail Address: /o=BetterPlace/ou=Exchange Administrative Group (FYDIBOHF23SPDLT)/cn=Recipients/cn=MarkFax,,* myContacts,* Other,Marketing.Fax@betterplace.com,,,,,,,,,,,,,,,,,,,,,,,,,,,,,,,,,,,,,,,,,,,,,,,,,,,,,,,,,,,,,
Martin,,Alfia,,,,,,,,,Bar Mizva Teacher,,,אלפייה מרטין,,Imported 8/1/13 ::: Imported on 4/29 ::: * myContacts,* Other,martin@martinalfie.com.ar,,,,,,,,,Mobile,+972 (54) 764 0226,,,,,,,,,,,,,,,,,,,,,,,,,,,,,,,,,,,,,,,,,,,,,,,,,,,
Martin,,Jahrsdorfer,,,,,,,,Better Place Denmark,Civil Works Engineer,Deployment,,Exchange E-mail Address: /o=BetterPlace/ou=Exchange Administrative Group (FYDIBOHF23SPDLT)/cn=Recipients/cn=martinj,https://lh3.googleusercontent.com/contacts/AG6tpzFFtpZZiTdoyT6AOXYBedVAOqQH9AuQ6MigjKHLI5BLYnw2CdCv,* myContacts,* Other,Martin.Jahrsdorfer@betterplace.com,,,,,,,,,Mobile,45 31 73 05 12,Work,45 702 702 47,,,,,,,,,Work,"Bygmestervej 57, 1. sal
København NV 2400
Denmark",1. sal 57 Bygmestervej,,,,2400,Denmark,København NV,,,,,,,,,,,,,,,,,,,Manager,Torben Bjerre,,,,,,,,,,,,
Martin,,Rovers,,,,,,,,Better Place Inc.,Business Development,Better Place North America,,Exchange E-mail Address: /o=BetterPlace/ou=Exchange Administrative Group (FYDIBOHF23SPDLT)/cn=Recipients/cn=mrovers,,* myContacts,* Other,Martin.Rovers@betterplace.com,,,,,,,,,Mobile,1 416 846 6748,,,,,,,,,,,,,,,,,,,,,,,,,,,,,,,,,,,,,,Manager,Jason Wolf,,,,,,,,,,,,
Masamune,,Mimura,,,,,,,,"Better Place Japan Co., Ltd.",Business Development,Business Development,,Exchange E-mail Address: /o=BetterPlace/ou=Exchange Administrative Group (FYDIBOHF23SPDLT)/cn=Recipients/cn=MasamuneM,https://lh3.googleusercontent.com/contacts/AG6tpzFn6EXTVK3yCVrpr-EyD6CU3h9TeC3eCGnpefFRHKvxGLp1nLVG,* myContacts,* Other,Masamune.Mimura@betterplace.com,,,,,,,,,Pager,Skype: masamunem,Mobile,81 90 5201 9959,Work,81 3 3595 7502,Other Fax,81 3 5404 8585,,,,,Work,"Shiroyama Trust Tower 27F
4-3-1 Toranomon, Minato-ku
Tokyo, Kanto 150-6027
Japan","Shiroyama Trust Tower 27F 4-3-1 Toranomon, Minato-ku Tokyo, Kanto",,,,150-6027,Japan,,,,,,,,,,,,,,,,,,,,Manager,Kiyotaka Fujii,,,,,,,,,,,,
Masanobu,,Otaki,,,,,,,,Fuji Xerox,,,,,,Imported 8/1/13 ::: Imported on 4/29 ::: * myContacts,* Other,masanobu.ootaki@fujixerox.co.jp,,,,,,,,,,,,,,,,,,,,,,,,,,,,,,,,,,,,,,,,,,,,,,,,,,,,,,,,,,,,,
Mashiah,,Dar,,,,,,,,,,,,,https://lh3.googleusercontent.com/contacts/AG6tpzHlFQxwRbbLJ0XKZ7upRUZdDiGS7nxbP8Xq9MOx6t57zxrrpp1l,Imported 8/1/13 ::: Imported on 4/29 ::: * myContacts,* Other,darmashiah@gmail.com,,,,,,,,,Mobile,+972 54 940 5488,,,,,,,,,,,,,,,,,,,,,,,,,,,,,,,,,,,,,,,,,,,,,,,,,,,
Masoud,,Kamali,,,,,,,,BellSouth,,,,,,Imported 8/1/13 ::: Imported on 4/29 ::: * myContacts,* Other,Masoud.Kamali@BellSouth.com,,,,,,,,,Work,+1 (404) 986-9820,,,,,,,,,,,,,,,,,,,,,,,,,,,,,,,,,,,,,,,,,,,,,,,,,,,
Matan,,Bar,,,,,,,,wednesdaynightsoccer,,,,,https://lh3.googleusercontent.com/contacts/AG6tpzF-I3zLiTtUvvWwrhvi6jYOrJDEXnQfnatXEEBSqC2nNn1Jj-8D,Imported 8/1/13 ::: wednesdaynightsoccer ::: Imported on 4/29 ::: * myContacts,* Other,matan.bar@gmail.com,,,,,,,,,,,,,,,,,,,,,,,,,,,,,,,,,,,,,,,,,,,,,,,,,,,,,,,,,,,,,
Matan,,Diener,,,,,,,,,,,,,,Imported on 4/29 ::: * myContacts,* ,matand@waze.com,Work,matand@google.com,,,,,,,Other,0542088487,,,,,,,,,,,,,,,,,,,,,,,,,,,,,,,,,,,,,,,,,,,,,,,,,,,
Matan,,Gorodish,,,,,,,,OpCo,Acquisition Representative,Infrastructure Team: Acquisition,,Exchange E-mail Address: /o=BetterPlace/ou=Exchange Administrative Group (FYDIBOHF23SPDLT)/cn=Recipients/cn=matanm,https://lh3.googleusercontent.com/contacts/AG6tpzGxuzEQZB_19IKaGQMhBEZbAt0bBcmRRFYiwZPj2nneKEGJt18L,* myContacts,* Other,Matan.Gorodish@betterplace.com,,,,,,,,,Mobile,972 54 830 0677,Work,972 73 790 2548,,,,,,,,,,,,,,,,,,,,,,,,,,,,,,,,,,,,Manager,Hanan Schlesinger,,,,,,,,,,,,
Matan,,Jaffe,,,,,,Matan,,,,,,,,Imported 8/1/13 ::: Imported on 4/29 ::: * myContacts,* Other,matan.jaffe@gmail.com,,,,,,,,,,,,,,,,,,,,,,,,,,,,,,,,,,,,,,,,,,,,,,,,,,,,,fb://profile/100001219778921,,,,,,,,
Matan,,Zefania הזית 2,,,,,,,,,,,,,,* myContacts,,,,,,,,,,,Mobile,+972525594007,,,,,,,,,,,,,,,,,,,,,,,,,,,,,,,,,,,,,,,,,,,,,,,,,,,
,,,,,,,,,,,,,,,,* myContacts,* ,Matangoldi7@gmail.com,,,,,,,,,,,,,,,,,,,,,,,,,,,,,,,,,,,,,,,,,,,,,,,,,,,,,,,,,,,,,
Matt,,Barkman,,,,,,,,BellSouth,Metro Ethernet Operations Center,,,young and bold ...,,Imported 8/1/13 ::: Imported on 4/29 ::: * myContacts,* Other,Matthew.Barkman@BellSouth.com,Other,mbarkman@imcingular.com,,,,,,,Pager,mbarkman@imcingular.com,Work,+1 (404) 499-3761,,,,,,,,,,,,,,,,,,,,,,,,,,,,,,,,,,,,,,,,,,,,,,,,,
Matt,,Cole,,,,,,,,Better Place Inc.,Business Analytics,G&A,,Exchange E-mail Address: /o=BetterPlace/ou=Exchange Administrative Group (FYDIBOHF23SPDLT)/cn=Recipients/cn=mcole,https://lh3.googleusercontent.com/contacts/AG6tpzEwnxUG4njGwI_sNWamGfK6_YK8cb-Kjrp9D_D_DM6CEQe4I4QO,* myContacts,* Other,Matt.Cole@betterplace.com,,,,,,,,,Pager,Skype: matt.cole.bp,Mobile,1 415 254 4365,Work,1 650 845 2873,,,,,,,Work,"1070 Arastradero Road, Suite 220
Palo Alto, CA 94304
United States",Suite 220 1070 Arastradero Road,Palo Alto,,CA,94304,United States,,,,,,,,,,,,,,,,,,,,Manager,Charles Stonehill,,,,,,,,,,,,
Matt,,Edwards,,,,,,,,Disaster Recovery Specialists,,,,,,* myContacts,,,,,,,,,,,Mobile,+1 (770) 298-9561,,,,,,,,,,,,,,,,,,,,,,,,,,,,,,,,,,,,,,,,,,,,,,,,,,,
Matt,,Fumerton,,,,,,,,,,,,,,Imported 8/1/13 ::: Imported on 4/29 ::: * myContacts,* Other,mfume@hotmail.com,,,,,,,,,,,,,,,,,,,,,,,,,,,,,,,,,,,,,,,,,,,,,,,,,,,,,,,,,,,,,
Matthew,,Schmidt,,,,,,,,Accenture,,,,,,Imported 8/1/13 ::: Imported on 4/29 ::: * myContacts,* Other,mattschmidt@imcingular.com,Other,Matthew.Schmidt@BELLSOUTH.COM,,,,,,,Work,+1 (404) 499-3656,,,,,,,,,,,,,,,,,,,,,,,,,,,,,,,,,,,,,,,,,,Other,fb://profile/1163738503,,,,,Photo,https://www.google.com/s2/photos/private/AIbEiAIAAAAiCKP_6_LYlPDnERDbndGllees1bABGPzg4YDL1obcjAEwAcJUqra3ZggTe_RziDOfAuIaIgEs,,
Mauricio,,Obrutsky,,,,,,,,,,,,,https://lh3.googleusercontent.com/contacts/AG6tpzEBiMlqkA1vAgqeB-GOmglxoSLPhOQ7YqBNnYRCGBDfV_eIqQZE,Imported 8/1/13 ::: Imported on 4/29 ::: * myContacts,* Other,mauricio@waze.com,Work,mauricioo@google.com,,,,,,,Mobile,0544894315,,,,,,,,,,,,,,,,,,,,,,,,,,,,,,,,,,,,,,,,,,Profile,http://www.google.com/profiles/114993014591805716506,,,,,,,,
Max,,,,,,,,,,,,,,,,* myContacts,,,,,,,,,,,Mobile,+972547666611,,,,,,,,,,,,,,,,,,,,,,,,,,,,,,,,,,,,,,,,,,,,,,,,,,,
Maya,,,,,,,,,,Netica,,,,,,Imported 8/1/13 ::: Imported on 4/29 ::: * myContacts,* Other,mayak@netica.co.il,,,,,,,,,Mobile,+972 52-8564758,Work,+972 36203333 x 117,,,,,,,,,,,,,,,,,,,,,,,,,,,,,,,,,,,,,,,,,,,,,,,,,
Maya,,,,,,,,,,Amdocs,Salary,,,,,Imported 8/1/13 ::: Imported on 4/29 ::: * myContacts,,,,,,,,,,,Work,+972 9-7762296,,,,,,,,,,,,,,,,,,,,,,,,,,,,,,,,,,,,,,,,,,,,,,,,,,,
Maya,,,,,,,,,,ZOFIM - צופים,,,,,https://lh3.googleusercontent.com/contacts/AG6tpzFOOqTAeAmUM-LCMRp6tNq-ehUlPG-zgXHAcUxZQf-8oY6MpPmM,Imported 8/1/13 ::: Imported on 4/29 ::: * myContacts,,,,,,,,,,,Mobile,+972 54 818 0896,,,,,,,,,,,,,,,,,,,,,,,,,,,,,,,,,,,,,,,,,,,,,,,,,,,
Maya,,Asher,,,,,,,,,,,,,https://lh3.googleusercontent.com/contacts/AG6tpzHJBKQJ3vHoyyEckkwqFN1wLzTbIxa749pyV-_kg0S7x-3irma6,Imported 8/1/13 ::: Waze ::: Imported on 4/29 ::: * myContacts,,,,,,,,,,,Mobile,+972-52-4478231,,,,,,,,,,,Home,"כפר מונש, עמק חפר",,כפר מונש,,עמק חפר,,,,,,,,,,,,,,,,,,,,,,,,,,Sync.ME profile,http://sync.me/profile/SbNFBdC47YiOgjFRnNpzJo8FAdeoy8EY9MbVAWdg,,,,,,,,
Maya,,Cohen Lubitch,,,,,,,,,,,,Exchange E-mail Address: /o=BetterPlace/ou=Exchange Administrative Group (FYDIBOHF23SPDLT)/cn=Recipients/cn=mayacl,https://lh3.googleusercontent.com/contacts/AG6tpzFPEdUeIGEvrEQdYBLKtzJq2noHYHZ_KOgIXyY7Zj83FFfcAP03,* myContacts,* Other,maya.lubitch@betterplace.com,,,,,,,,,Mobile,972 52 833 4369,Work,972 73 790 2244,,,,,,,,,,,,,,,,,,,,,,,,,,,,,,,,,,,,,,,,,,,,,,,,,
Maya,,Dror,,,,,,,,OpCo,Switchers (Sales Rep for Visitors Center),Sales Team: Visitors Center,,Exchange E-mail Address: /o=BetterPlace/ou=Exchange Administrative Group (FYDIBOHF23SPDLT)/cn=Recipients/cn=mayad,,* myContacts,* Other,Maya.Dror@betterplace.com,,,,,,,,,Mobile,972 54 830 0619,Work,972 73 777 7222,,,,,,,,,,,,,,,,,,,,,,,,,,,,,,,,,,,,Manager,Maya Cohen Lubitch,,,,,,,,,,,,
Maya,,Easton,,,,,,,,,,,,"Group: Operations
Israeli Mobile: 972.52.4478231
Mobile: +972.52.4478231",https://lh3.googleusercontent.com/contacts/AG6tpzGlJAztvU_YRyF0wXVsApX8aorZNEjYgjaECJpUzKeMjj82_erH,Imported 8/1/13 ::: Imported 3/19/12 ::: Imported on 4/29 ::: * myContacts,* ,maya@wazearchive.goog,Work,mayae@google.com,Obsolete,maya@waze.com,,,,,Mobile,+972 54 9840120,,,,,,,,,,,,,,,,,,,,,,,,,,,,,,,,,,,,,,,,,,Profile,http://www.google.com/profiles/116983805561024375527,,,,,,,,
Maya,Elizabeth,Rudich,,,,,,,,,,,,,,* myContacts,,,,,,,,,,,Mobile,+972548101884,,,,,,,,,,,,,,,,,,,,,,,,,,,,,,,,,,,,,,,,,,,,,,,,,,,
Maya,,Kadar,,,,,,,,Pageflex,QA Team Leader - Professional Services,,,,https://lh3.googleusercontent.com/contacts/AG6tpzF7xyW93dNJPafcXpg75U_VXNHuANqwhAzY9kzkhC8Lfviw66iz,Imported 8/1/13 ::: Imported on 4/29 ::: * myContacts,* Other,maya@press-sense.com,,,,,,,,,Mobile,+972 (52) 4544844,,,,,,,,,,,,,,,,,,,,,,,,,,,,,,,,,,,,,,,,,,Other,fb://profile/100000650566031,Sync.ME profile,http://sync.me/profile/ezDwQi1ALLo_zIJhPG-HcADZ7wD7_QKAlcF4qdAiucDLbIDQMQ,,,,,,
Maya,,Mandel,,,,,,,,TopCo,"Product Manager, Grid Components",Product Management,,Exchange E-mail Address: /o=BetterPlace/ou=Exchange Administrative Group (FYDIBOHF23SPDLT)/cn=Recipients/cn=Mayam,https://lh3.googleusercontent.com/contacts/AG6tpzFn2yDnvBKEVC7xWOKGrHutmEovW4BxSfx0s042etFJ60A_xny-,* myContacts,* Other,Maya.Mandel@betterplace.com,,,,,,,,,Mobile,972 54 584 4722,Work,972 73 790 2268,,,,,,,,,,,,,,,,,,,,,,,,,,,,,,,,,,,,Manager,Emek Sadot,,,,,,,,,,,,
Maya,,Meidav,,,,,,Maya,,,,,,,,Imported on 4/29 ::: * myContacts,,,,,,,,,,,Mobile,053-425-0350,,,,,,,,,,,,,,,,,,,,,,,,,,,,,,,,,,,,,,,,,,,,,,,,,,,
Maya,,Michaeli,,,,,,,,TTI - NA,Software Engineer,,2006-01-01,,https://lh3.googleusercontent.com/contacts/AG6tpzF_8E76JK3TkUmH4w2GWhMtPgtZ_0QUMV0_FOJsxgcdR5z_XZEq,Imported 8/1/13 ::: Imported on 4/29 ::: * myContacts,* Other,mayam@tti-telecom.com,,,,,,,,,Home,+1 (678) 935-0278,Mobile,+1 (770) 363-4554,Work,+1 (770) 206-4723,Work Fax,+1 (770) 206-4701,,,,,Home,"1423 Heritage Glen Dr.
Marietta
GA
30068
United States of America",1423 Heritage Glen Dr,Marietta,,GA,30068,United States of America,,Work,"1000 Abernathy Rd.
Suite#1850
400 North Park
Atlanta
GA
30328
United States of America ::: 1000 Abernathy Rd.
Suite#1850
400 North Park
Atlanta, GA 30328
United States of America","Suite#1850
400 North Park
1000 Abernathy Rd ::: Suite#1850
400 North Park
1000 Abernathy Rd",Atlanta ::: Atlanta, ::: ,GA ::: GA,30328 ::: 30328,United States of America ::: United States of America, ::: ,,,,,,,,,,,,,,Other,http://www.tti-telecom.com,Sync.ME profile,http://sync.me/profile/2vgb1a-Y3gOk0TQ0DJa3bWgqrGDQsiuJtslwGAyq9JtjWsj4oR8I1GhQOHqbbGgV7bRTd6ijoB9e,,,,,,
Maytal,,Gil,,,,,,,,OpCo,Advocate,Ops,,Exchange E-mail Address: /o=BetterPlace/ou=Exchange Administrative Group (FYDIBOHF23SPDLT)/cn=Recipients/cn=maytalg,https://lh3.googleusercontent.com/contacts/AG6tpzGXUybCM40KMvTmOxvwmJeST8i39gWXIbqZ_zLlVfS_LfXrKy-b,* myContacts,* Other,Maytal.Gil@betterplace.com,,,,,,,,,Mobile,972 54 971 6075,,,,,,,,,,,,,,,,,,,,,,,,,,,,,,,,,,,,,,Manager,Hanan Schlesinger,,,,,,,,,,,,
Maytal,,Marks,,,,,,,,OpCo,HR,HR,,Exchange E-mail Address: /o=BetterPlace/ou=Exchange Administrative Group (FYDIBOHF23SPDLT)/cn=Recipients/cn=maytalm,https://lh3.googleusercontent.com/contacts/AG6tpzHNwbmOwGvTA7GCI4gO68p5BR7RHtwak7r69lNccUnayT20_gXb,* myContacts,* Other,Maytal.Marks@betterplace.com,,,,,,,,,Pager,Skype:may_tal,Mobile,972 54 783 5388,Work,972 73 790 2221,,,,,,,,,,,,,,,,,,,,,,,,,,,,,,,,,,Manager,Mickey Nagel,,,,,,,,,,,,
Megan,,Maselli,,,,,,,,Better Place Inc.,Executive Assistant,G&A,,Exchange E-mail Address: /o=BetterPlace/ou=Exchange Administrative Group (FYDIBOHF23SPDLT)/cn=Recipients/cn=mmaselli,,* myContacts,* Other,Megan.Maselli@betterplace.com,,,,,,,,,Pager,Skype: meganmaselli,Mobile,1 408 624 0023,Work,1 650 845 2855,,,,,,,Work,"1070 Arastradero Road, Suite 220
Palo Alto, California 94304
United States",Suite 220 1070 Arastradero Road,Palo Alto,,CA,94304,United States,,,,,,,,,,,,,,,,,,,,Manager,Dan Cohen,,,,,,,,,,,,
Meir,,Meidav,,,,,,Meir,,,,,,,,Imported 8/1/13 ::: Imported on 4/29 ::: * myContacts ::: * starred,* Home,meidavm@post.tau.ac.il,Other,meidavm@tauex.tau.ac.il ::: meidavm@gmail.com,,,,,,,Mobile,+972 (52) 4800127,,,,,,,,,,,,,,,,,,,,,,,,,,,,,,,,,,,,,,,,,,,,,,,,,,,
Meir,,Spector,,,,,,,,,,,,Exchange E-mail Address: /o=BetterPlace/ou=Exchange Administrative Group (FYDIBOHF23SPDLT)/cn=Recipients/cn=Meirs,,* myContacts,* Other,Meir.Spector@betterplace.com,,,,,,,,,Mobile,972 54 839 5361,Work,972 3 916 5361,,,,,,,,,,,,,,,,,,,,,,,,,,,,,,,,,,,,,,,,,,,,,,,,,
Meirav,,Bar Sade,,,,,,,,,,,,Exchange E-mail Address: /o=BetterPlace/ou=Exchange Administrative Group (FYDIBOHF23SPDLT)/cn=Recipients/cn=meiravb,,* myContacts,* Other,Meirav.BarSade@betterplace.com,,,,,,,,,Mobile,054-2192777,,,,,,,,,,,,,,,,,,,,,,,,,,,,,,,,,,,,,,Manager,Ron Sapir,,,,,,,,,,,,
Meirav,,Tal,,,,,,,,,,,,"Sharons sister, SpouseName, , WorkPhone, +972 (9) 7482111, WorkPager, , WorkFax, , JobTitle, , Company, , Department, , BusinessEmail, , BusinessWebPage, , WorkAddress, , WorkAddress2, , WorkCity, , WorkCountry, , WorkState, , WorkZipCode,",https://lh3.googleusercontent.com/contacts/AG6tpzFOcQDeHPJ5rgkiZ5jbOoJ_2PYc7mUjpa1sxr4bMcfFCZCICOJU,Imported 8/1/13 ::: Imported on 4/29 ::: * myContacts,,,,,,,,,,,Mobile,+972 (52) 3873783,,,,,,,,,,,,,,,,,,,,,,,,,,,,,,,,,,,,,,,,,,,,,,,,,,,
Meital,,Herskovits,,,,,,,,מרחב,,,,,,Imported on 4/29 ::: * myContacts,* Work,meitalher@gmail.com,,,,,,,,,Mobile,054-2370173,,,,,,,,,,,,,,,,,,,,,,,,,,,,,,,,,,,,,,,,,,,,,,,,,,,
Meital,,Segal,,,,,,,,,,,,Exchange E-mail Address: /o=BetterPlace/ou=Exchange Administrative Group (FYDIBOHF23SPDLT)/cn=Recipients/cn=vctlm3,https://lh3.googleusercontent.com/contacts/AG6tpzFn4ScW19SSmZTAC3fpgULx-UbGHEa3Rsh2TNkik6NNO6OIViHv,* myContacts,* Other,meital.segal@betterplace.com,,,,,,,,,Mobile,972 52 293 3123,Work,972 73 790 2514,,,,,,,,,,,,,,,,,,,,,,,,,,,,,,,,,,,,Manager,Limor Benshimol,,,,,,,,,,,,
Meital,,Yakir,,,,,,,,Amsalem Tours,,,,,,Imported 8/1/13 ::: Imported on 4/29 ::: * myContacts,* ,meitaly@amsalem.com,,,,,,,,,Mobile,0542-444286,Work,1-800-777-999 ::: 1-888-777-9795,,,,,,,,,,,,,,,,,,,,,,,,,,,,,,,,,,,,,,,,,,,,,,,,,
melxerox,,,,,,,,,,,,,,Exchange E-mail Address: /o=BetterPlace/ou=Exchange Administrative Group (FYDIBOHF23SPDLT)/cn=Recipients/cn=melxerox,,* myContacts,* Other,melxerox@betterplace.com,,,,,,,,,,,,,,,,,,,,,,,,,,,,,,,,,,,,,,,,,,,,,,,,,,,,,,,,,,,,,
Menachem,,Konorty,,,,,,,,,,,,,,Imported 8/1/13 ::: Imported on 4/29 ::: * myContacts,* ,menny@tti-telecom.com,,,,,,,,,,,,,,,,,,,,,,,,,,,,,,,,,,,,,,,,,,,,,,,,,,,,,,,,,,,,,
Menachem,,Sternlieb,,,,,,,,OpCo,Budget and Control Manager,Finance,,Exchange E-mail Address: /o=BetterPlace/ou=Exchange Administrative Group (FYDIBOHF23SPDLT)/cn=Recipients/cn=Menachems,,* myContacts,* Other,Menachem.Sternlieb@betterplace.com,,,,,,,,,Mobile,972 50 716 7088,Work,972 73 790 2209,,,,,,,,,,,,,,,,,,,,,,,,,,,,,,,,,,,,Manager,Ran Matoki,,,,,,,,,,,,
Menashe,,Rothschild,,,,,,,,JumpTap Inc.,Chief Technology Officer,,,,https://lh3.googleusercontent.com/contacts/AG6tpzEAKH2X6a2X3tAddGduLhvFB6GzpYawGuSyPcKhFx02Kkz75hZ5,Imported 8/1/13 ::: Imported on 4/29 ::: * myContacts,* Other,mrothschild@jumptap.com,,,,,,,,,Mobile,+972 (54) 4235145,Radio,menrot,,,,,,,,,,,,,,,,,,,,,,,,,,,,,,,,,,,,,,,,Profile,http://www.google.com/profiles/112695306702694999118,,,,,,,,
Menny,,Konorty,,,,,,,,,,,,,,Imported 8/1/13 ::: Imported on 4/29 ::: * myContacts,* Other,mkonorty@amdocs.com,,,,,,,,,,,,,,,,,,,,,,,,,,,,,,,,,,,,,,,,,,,,,,,,,,,,,fb://profile/771438468,,,,,,,,
Meny,,Levy,,,,,,,,,,,,,https://lh3.googleusercontent.com/contacts/AG6tpzGGpPE0nrEEEfcRscXg6fp1rN9-vDNZ0BbWvdFY-2MOttt_XDTo,Imported 8/1/13 ::: Imported on 4/29 ::: * myContacts,* Work,mlevy@google.com,Obsolete,meny@waze.com,Other,meny@wazearchive.goog,,,,,Mobile,+972528543350,,,,,,,,,,,,,,,,,,,,,,,,,,,,,,,,,,,,,,,,,,Profile,http://www.google.com/profiles/107353268771813541204,,,,,,,,
Merav,,Greenberg,,,,,,,,,,,,,,Imported on 4/29 ::: * myContacts,* Work,meravg@google.com,,,,,,,,,,,,,,,,,,,,,,,,,,,,,,,,,,,,,,,,,,,,,,,,,,,,,,,,,,,,,
Merav,,Rotem,,,,,,,,Better Place Inc.,Global Planning and Reporting,Global Planning and Operations,,Exchange E-mail Address: /o=BetterPlace/ou=Exchange Administrative Group (FYDIBOHF23SPDLT)/cn=Recipients/cn=mrotem,https://lh3.googleusercontent.com/contacts/AG6tpzFe0WsJjYPuM8vqyXkcaGrF8foFNbty6rP_DKu1bvarDI4VWX0T,* myContacts,* Other,Merav.Rotem@betterplace.com,,,,,,,,,Pager,Skype: merav.rotem,Home,972 52 3699390,Mobile,1 650 644 8676,Work,1 650 845 2831,,,,,Work,"1070 Arastradero Road
Suite 220
Palo Alto
California
94304
United States",Suite 220 1070 Arastradero Road,Palo Alto,,CA,94304,United States,,,,,,,,,,,,,,,,,,,,Manager,Aliza Peleg,,,,,,,,,,,,
Merchav,,,,,,,,,,Democratic School,,,,,,Imported 8/1/13 ::: Imported on 4/29 ::: * myContacts,,,,,,,,,,,Work,+972 9 7412465,,,,,,,,,,,,,,,,,,,,,,,,,,,,,,,,,,,,,,,,,,,,,,,,,,,
Meredith,,Hawkins,,,,,,,,,,,,"Upper West Side, at the SE corner of Columbus and 86th Street",,Imported 8/1/13 ::: Imported on 4/29 ::: * myContacts,,,,,,,,,,,Home,+1 (212) 7217131,,,,,,,,,,,Work,"114 W. 86th Street
appt 5A
New York
NY
United States of America",appt 5A 114 W. 86th Street,New York,,NY,,United States of America,,,,,,,,,,,,,,,,,,,,,,,,,,,,,,,,,
Merete,,Nielsen,,,,,,,,Better Place Denmark A/S,Accounting Manager,Finance,,Exchange E-mail Address: /o=BetterPlace/ou=Exchange Administrative Group (FYDIBOHF23SPDLT)/cn=Recipients/cn=meretek,https://lh3.googleusercontent.com/contacts/AG6tpzHhMiDb7TMUil7MZmKH36IfC3yOPGXaPWxgSdbgfOjwleYGwkj_,* myContacts,* Other,Merete.Nielsen@betterplace.com,,,,,,,,,Mobile,45 31 73 05 08,Work,45 702 702 47,,,,,,,,,Work,"Bygmestervej 57
DK-2400
København
Denmark",57 Bygmestervej,København,,,DK-2400,Denmark,,,,,,,,,,,,,,,,,,,,,,,,,,,,,,,,,
Micah,,,,,,,,,,,,,,,,Imported 8/1/13 ::: Imported on 4/29 ::: * myContacts,,,,,,,,,,,Home,+15088790979,,,,,,,,,,,,,,,,,,,,,,,,,,,,,,,,,,,,,,,,,,,,,,,,,,,
Micah,,Waldman,,,,,,,,EMC,"Manager, Product Management",,,,,Imported 8/1/13 ::: Imported on 4/29 ::: * myContacts,* Other,Waldman_Micah@EMC.com,Other,waldmanm@yahoo.com,,,,,,,Mobile,+1 (617) 7947217,Work,+1 (508) 2492231 x 23231,,,,,,,,,Work,"EMC Corporation
228 South Street
Hopkinton
MA
01748
United States of America ::: EMC Corporation
228 South Street
Hopkinton, MA 01748
UnitedStates of America","EMC Corporation
228 South Street ::: EMC Corporation
228 South Street",Hopkinton ::: Hopkinton, ::: ,MA ::: MA,01748 ::: 01748,United States of America ::: UnitedStates of America, ::: ,,,,,,,,,,,,,,,,,,,,,,,Other,fb://profile/1471076211,,,,,,,,
Michael,A,Gatto,,,,,,,,,,,,,,Imported 8/1/13 ::: Imported on 4/29 ::: * myContacts,* Other,michael.gatto@xerox.com,,,,,,,,,,,,,,,,,,,,,,,,,,,,,,,,,,,,,,,,,,,,,,,,,,,,,,,,,,,,,
Michael,,Allen,,,,,,,,Kan Tor & Schwartz,Senior Account Manager,,,,,Imported 8/1/13 ::: Imported on 4/29 ::: * myContacts,* Other,mike@ksvisa.com,,,,,,,,,Work,+972 (3) 6138202 x 17,,,,,,,,,,,Work,"25 Bezalel Street
South Africa Building
Ramat Gan
Israel
United States of America ::: 25 Bezalel Street
South Africa Building
Ramat Gan
Israel
United States of America","25 Bezalel Street South Africa Building Ramat Gan Israel ::: United States of America
25 Bezalel Street South Africa Building", ::: Ramat Gan, ::: , ::: , ::: ,United States of America ::: Israel, ::: ,,,,,,,,,,,,,,,,,,,,,,,,,,,,,,,,
Michael,Ben,Zion,,,,,,,,Wellana ,,,,,,* myContacts,,,,,,,,,,,Mobile,+972 54-524-7544,,,,,,,,,,,,,,,,,,,,,,,,,,,,,,,,,,,,,,,,,,,,,,,,,,,
Michael,,Bloch,,,,,,,,Press-sense,Application Engineer / Océ PRISMAweb,,,<sn>id:504394315/friendof:809988573</sn>,,Imported 8/1/13 ::: Imported on 4/29 ::: * myContacts,* Other,michaelbloch@hotmail.com,,,,,,,,,Mobile,+972 547719129,Work,+972 4-626 03 18 Ext.147,Work Fax,+972 4-636 15 40,,,,,,,Work,United States of America,,,,,,United States of America,,,,,,,,,,,,,,,,,,,,,,,,,fb://profile/504394315 ::: http://www.press-sense.com,Sync.ME profile,http://sync.me/profile/_MbdhjydAmqmKjutHGrkxyQHTqznSAN-JUA5rayNPhZpUZdNN7vJc_lPHS4,,,,,,
Michael,,Brun,,,,,,,,Atrica,HW Design Engineer,,,,,Imported 8/1/13 ::: Imported on 4/29 ::: * myContacts,* Other,michael_brun@atrica.com,,,,,,,,,Home,+972 (2) 9992474,Mobile,+972 (54) 7206530,,,,,,,,,,,,,,,,,,,,,,,,,,,,,,,,,,,,,,,,Sync.ME profile,http://sync.me/profile/QIrzapXi7pauAIl_OWo2y73zCF9qojzjYILPRd3z0iDnsVo,,,,,,,,
Michael,,Dikman,,,,,,,,,,,,,,Imported on 4/29 ::: * myContacts,* ,dikmanm@waze.com,Work,dikmanm@google.com,,,,,,,Mobile,+972503137661,,,,,,,,,,,,,,,,,,,,,,,,,,,,,,,,,,,,,,,,,,,,,,,,,,,
Michael,G,Hahn,,,,,,,,Xerox Corporation,"Program Manager, Automation",,,,,Imported 8/1/13 ::: Imported on 4/29 ::: * myContacts,* Other,Michael.Hahn@xerox.com,,,,,,,,,Work,+1 5854226181,,,,,,,,,,,Work,United States of America,,,,,,United States of America,,,,,,,,,,,,,,,,,,,,,,,,,http://www.xerox.com,,,,,,,,
Michael,,Gerhardt,,,,,,,,Xerox Austria GmbH,,,,,,Imported 8/1/13 ::: Imported on 4/29 ::: * myContacts,* Other,michael.gerhardt@xerox.com,,,,,,,,,Mobile,+43 6645450645,Work,+43 (1) 240 50 251,Work Fax,+43 (1) 240 50 400,,,,,,,,,,,,,,,,,,,,,,,,,,,,,,,,,,,,,,,,,,,,,,,
Michael,,Halperin,,,,,,,,TopCo,GIS SW Developer,R&D,,Exchange E-mail Address: /o=BetterPlace/ou=Exchange Administrative Group (FYDIBOHF23SPDLT)/cn=Recipients/cn=michaelh,,* myContacts,* Other,Michael.Halperin@betterplace.com,,,,,,,,,Pager,Skype: michael_halperin,Mobile,972 54 830 0601,Work,972 73 790 2232,,,,,,,,,,,,,,,,,,,,,,,,,,,,,,,,,,Manager,Eyal Perez,,,,,,,,,,,,
Michael Munkebo,,Christiansen,,,,,,,,Better Place Denmark A/S,Product Manager,Marketing,,Exchange E-mail Address: /o=BetterPlace/ou=Exchange Administrative Group (FYDIBOHF23SPDLT)/cn=Recipients/cn=michaelc,https://lh3.googleusercontent.com/contacts/AG6tpzGmSd-rL9D3zYgIIp4Q6yIucJRkWOMhzVoRDRY8kz4rk3Jn1atV,* myContacts,* Other,Michael.Christiansen@betterplace.com,,,,,,,,,Mobile,45 30 37 25 18,Work,45 702 702 47,,,,,,,,,Work,"Bygmestervej 57, 1. sal
Copenhagen NV 2400
Denmark",1. sal 57 Bygmestervej,Copenhagen NV,,,2400,Denmark,,,,,,,,,,,,,,,,,,,,Manager,Henrik Linderberg,,,,,,,,,,,,
Michael,,Ozernov,,,,,,,,iCareHealth,.NET Developer,,,,,Imported 8/1/13 ::: Imported on 4/29 ::: * myContacts,* Other,Ozernov@gmail.com,,,,,,,,,Mobile,+972 54-4361819,Work,+972 4-6269000 Ext. 218,,,,,,,,,,,,,,,,,,,,,,,,,,,,,,,,,,,,,,,,Sync.ME profile,http://sync.me/profile/Xgoa56jg56lL0kq9aElb9FtP_5vA-z-duI5X9JsI_fHnZGxeKg,,,,,,,,
Michael,,Sholkov,,,,,,,,OpCo,Help Desk Technician,Ops,,Exchange E-mail Address: /o=BetterPlace/ou=Exchange Administrative Group (FYDIBOHF23SPDLT)/cn=Recipients/cn=mikes,https://lh3.googleusercontent.com/contacts/AG6tpzEoTl2XHn8hX5i3nv5KhhEb0KZZ36tMykcU6kY-GwMUPHVg7fNc,* myContacts,* Other,Michael.Sholkov@betterplace.com,,,,,,,,,Pager,Skype: Mike.Sholkov,Mobile,972 54 830 0699,Work,972 73 790 2298,,,,,,,Work,"Ha'amal 13
Rosh Ha'ain",13 Ha'amal,Rosh Ha'ain,,,,,,,,,,,,,,,,,,,,,,,,Manager,Eyal Azran,,,,,,,,,,,,
Michael-David,,Fiszer,,,,,,,,,,,,,,* myContacts,* Work,mdfz@google.com,,,,,,,,,Work,+972747569843,Mobile,+972545221789,,,,,,,,,,,,,,,,,,,,,,,,,,,,,,,,,,,,,,,,,,,,,,,,,
Michal,,,,,,,,,,,,,,,https://lh3.googleusercontent.com/contacts/AG6tpzE1qSWFiUXm8MVbsTb4MTSzpsqwcNnT_jFxEsLutYQ8qn2vi46n,Imported on 4/29 ::: * myContacts,,,,,,,,,,,Mobile,050-671-3337,,,,,,,,,,,,,,,,,,,,,,,,,,,,,,,,,,,,,,,,,,,,,,,,,,,
Michal,,Atzmon,,,,,,,,,VP Human Resources,,,,https://lh3.googleusercontent.com/contacts/AG6tpzED4J_s40yU0vBJ5URiL8wEK4W00aHhxB2MuK-aSBkoiu7szpDq,Imported 8/1/13 ::: Imported on 4/29 ::: * myContacts,* Other,mn.atzmon@gmail.com,Other,michal.atzmon@press-sense.com,,,,,,,Mobile,+972 54 7719082,,,,,,,,,,,,,,,,,,,,,,,,,,,,,,,,,,,,,,,,,,Other,fb://profile/1041198991,Sync.ME profile,http://sync.me/profile/fqXkUvwdt4fL3pGHpyc-pFOyiI_eMg5XzSwjHx47tUqhpr4,,,,,,
Michal,,Bar,,,,,,,,,,,,,,Imported 8/1/13 ::: Imported on 4/29 ::: * myContacts,* ,mbnivnuv10@gmail.com,,,,,,,,,Home,052-8535718,,,,,,,,,,,,,,,,,,,,,,,,,,,,,,,,,,,,,,,,,,,,,,,,,,,
Michal,,Baruch,,,,,,,,,,,,,,Imported 8/1/13 ::: Imported on 4/29 ::: * myContacts,* ,michalb@bellsouth.net,,,,,,,,,,,,,,,,,,,,,,,,,,,,,,,,,,,,,,,,,,,,,,,,,,,,,,,,,,,,,
Michal,,Boxboum,,,,,,,,,,,,Credit Cards,,Imported 8/1/13 ::: Imported on 4/29 ::: * myContacts,* Other,Michal.Boxboum@Icc.co.il,,,,,,,,,Mobile,+972 (52) 8511155,,,,,,,,,,,,,,,,,,,,,,,,,,,,,,,,,,,,,,,,,,,,,,,,,,,
Michal,,Dvoretsky,,,,,,,,,,,,,,Imported 8/1/13 ::: Imported on 4/29 ::: * myContacts,* Work,dvoretsky.michal@gmail.com,,,,,,,,,,,,,,,,,,,,,,,,,,,,,,,,,,,,,,,,,,,,,,,,,,,,,,,,,,,,,
Michal,,Eisenstein,,,,,,,,,,,,"Group: Product & Marketing
Israeli Mobile: 972.54.4876315
Mobile: +972.54.4876315",,Imported 8/1/13 ::: Imported 3/19/12 ::: Imported on 4/29 ::: * myContacts,* ,mixal@waze.com,,,,,,,,,,,,,,,,,,,,,,,,,,,,,,,,,,,,,,,,,,,,,,,,,,,,,,,,,,,,,
Michal,,Finkelstein,,,,,,,,"ClearForest, A Thomson Reuters Company","VP, Content & Technology",,,,,Imported 8/1/13 ::: Imported on 4/29 ::: * myContacts,* Other,michal.finkelstein@gmail.com,,michal.finkelstein@thomsonreuters.com,,,,,,,,,,,,,,,,,,,,,,,,,,,,,,,,,,,,,,,,,,,,,,,,,,,www.opencalais.com,,,,,,,,
Michal,,Haddad,,,,,,,,Windows to Japan,Director of Operations,,,,,Imported 8/1/13 ::: Imported on 4/29 ::: * myContacts,* ,ethan@windowstojapan.com,Work,info@windowstojapan.com ::: mish@windowstojapan.com,Obsolete,mish@windowstojapan.com,,,,,Work,+81-(0)75-468-8966,Pager,avilugasi8,,,,,,,,,Work,"723-12-2 Yase, Konoe - cho, Sakyo-ku,
Kyoto, Japan. 601-1253","723-12-2 Yase, Konoe - cho",Kyoto,,,601-1253,Japan,Sakyo-ku,,,,,,,,,,,,,,,,,,,,,,,,,,,,,,,,
Michal,,mamon,,,,,,,,TopCo,Sales Coordinator,R&D Team: Grid Components,,Exchange E-mail Address: /o=BetterPlace/ou=Exchange Administrative Group (FYDIBOHF23SPDLT)/cn=Recipients/cn=Michalm,https://lh3.googleusercontent.com/contacts/AG6tpzFJKsnhjUnRaxU6nCyUBp2sWBBWFdweMWUTGlDXmzp456AFE_NX,* myContacts,* Other,Michal.mamon@betterplace.com,,,,,,,,,Mobile,972 54 434 4474,Work,972 73 790 2254,,,,,,,,,,,,,,,,,,,,,,,,,,,,,,,,,,,,Manager,Asaf Onn,,,,,,,,,,,,
Michal,,Mor,,,,,,,,,,,,,https://lh3.googleusercontent.com/contacts/AG6tpzHpRrHPzJi7A1I4Oc28r-OrI1S5y2mM19ztXHcNqLendXT7SiDA,Imported 8/1/13 ::: Imported on 4/29 ::: * myContacts,* Other,michalmor35@gmail.com,,,,,,,,,Mobile,+972 (54) 7719051,,,,,,,,,,,,,,,,,,,,,,,,,,,,,,,,,,,,,,,,,,,,,,,,,,,
Michal,,Rahat,,,,,,,,,Drums Teacher,,,,https://lh3.googleusercontent.com/contacts/AG6tpzFw49jyCkpdtPx4FZGpKLoJ8unyzJwQDz5N_h3nzdTfldgs71Ez,Imported 8/1/13 ::: Imported on 4/29 ::: * myContacts,,,,,,,,,,,Mobile,+972 52-2213983,,,,,,,,,,,,,,,,,,,,,,,,,,,,,,,,,,,,,,,,,,,,,,,,,,,
Michal,Roman,Habdank-Kolaczkowski,,,,,,,,Moovit,Head of Global PR,,,"Group: US - Communications
US Mobile: 1.650.3021209",https://lh3.googleusercontent.com/contacts/AG6tpzE_z5Bum9UAdR2DnNJUEg6gU4TgJiipcDyRa2ldAUyj7AtGyhaj,Imported 8/1/13 ::: Imported 3/19/12 ::: Imported on 4/29 ::: * myContacts,* Other,michal@waze.com,Home,mhabdank@gmail.com,Work,michal@moovitapp.com,,,,,Home,+1.650.3021209,,,,,,,,,,,Other,"44 Tehama 
San Francisco Bay Area, CA
United States",44 Tehama San Francisco,Bay Area,,CA,,United States,,Home,"San Francisco, California
United States",,San Francisco,,CA,,United States,,,,,,,,,,,,,,,Other,http://www.google.com/profiles/105551210362370273632 ::: https://soundcloud.com/miih0w ::: http://grayarea.org/community-entry/michal-habdank-kolaczkowsk/ ::: http://highway1.io/team-member/michal-habdank-kolaczkowski/,Home Page,http://www.mkhz.org ::: www.linkedin.com/in/mhabdank/ ::: http://highway1.io/team/michal-habdank-kolaczkowski/ ::: http://about.me/mhabdank ::: http://twitter.com/mhabdank ::: http://www.facebook.com/mhabdank ::: https://medium.com/p/c967c6d56022 ::: http://www.sfgate.com/business/moversandshakers/article/Hires-and-promotions-March-16-2455392.php ::: http://marymountalumninews.blogspot.com/2012/10/michal-habdank-kolaczkowski-04.html,,,,,,
Michal,,Wolkin,,,,,,,,Better Place Inc.,Battery Engagement,Automotive Alliances,,Exchange E-mail Address: /o=BetterPlace/ou=Exchange Administrative Group (FYDIBOHF23SPDLT)/cn=Recipients/cn=mwolkin,https://lh3.googleusercontent.com/contacts/AG6tpzHzHHBIPwJoxMX8EjrNhvtNWGXDrw2m7jZmAEgB8IPLd9TygXSQ,* myContacts,* Other,Michal.Wolkin@betterplace.com,,,,,,,,,Pager,Skype: Michal Wolkin,Mobile,1 650 315 9063,Work,1 650 845 2863,,,,,,,Work,"1070 Arastradero Road, Suite 220
Palo Alto, CA 94304
United States",Suite 220 1070 Arastradero Road,Palo Alto,,CA,94304,United States,,,,,,,,,,,,,,,,,,,,Manager,Sidney Goodman,,,,,,,,,,,,
Michal,,Yaniv,,,,,,,,inneractive,Product Manager,,2006-02-01,,https://lh3.googleusercontent.com/contacts/AG6tpzFJYo2cZj21-F_oxAAi066CRLZ2O59u2jLXTQgWdnkdvmWrTNr1,* myContacts,* Other,myaniv@yahoo.com,,,,,,,,,Home,+972 (77) 2040803 ::: +972 (3) 6740677,Home Fax,+972 (50) 7811366,Mobile,+972 (54) 7293444,Other,+1 (617) 6676458,Radio,yanivlexington,,,Home,"425 woburn st apt. 48 Lexington
MA.
02420
United States of America",apt. 48 425 woburn st,Lexington,,MA,02420,United States of America,,,,,,,,,,,,,,,,,,,,,,,,Other,fb://profile/735378914,Sync.ME profile,http://sync.me/profile/F7cENzAjNTdvQl0cQv03Mbtt9NU9BCIPBwcSm8XcwOkyiIg6_q1X1Cn9P1DFKdOxynrz6AVn9PuBp2jBnW2gFw,,,,,,
Michal,,Yaniv,,,,,,,,inneractive,Product Manager,,2006-02-01,,,Imported 8/1/13 ::: Imported on 4/29 ::: * myContacts,* Other,myaniv@yahoo.com,,,,,,,,,Mobile,+972 (54) 7293444,Home,+972 (77) 2040803 ::: +972 (3) 6740677,Home Fax,+972 (50) 7811366,Other,+1 (617) 6676458 ::: yanivlexington,,,,,Home,"425 woburn st apt. 48 Lexington, MA. 02420
United States ofAmerica",apt. 48 425 woburn st,Lexington,,MA,02420,United States ofAmerica,,,,,,,,,,,,,,,,,,,,,,,,Sync.ME profile,http://sync.me/profile/F7cENzAjNTdvQl0cQv03Mbtt9NU9BCIPBwcSm8XcwOkyiIg6_q1X1Cn9P1DFKdOxynrz6AVn9PuBp2jBnW2gFw,Other,fb://profile/735378914,,,Photo,https://lh3.googleusercontent.com/-e5be0yGT6tc/V4ycwMr6x0I/AAAAAAAAAAA/On5K-HK4guUZguqjE3EFAg_dvKPWmXnqwCOQCEAE/photo.jpg,,
Michal,,Zelinger,,,,,,,,,Psychologist,,,,,Imported 8/1/13 ::: Imported on 4/29 ::: * myContacts,,,,,,,,,,,Work,+972 (9) 9586410,,,,,,,,,,,,,,,,,,,,,,,,,,,,,,,,,,,,,,,,,,,,,,,,,,,
Michal,Ziv,Shalev's Teacher,,,,,,,,Shakev's Teacher,,,,,,Imported on 4/29 ::: * myContacts,,,,,,,,,,,Mobile,+972 50-769-7097,,,,,,,,,,,,,,,,,,,,,,,,,,,,,,,,,,,,,,,,,,,,,,,,,,,
Michele,J,O'lochlayne,,,,,,,,Xerox,,,,XBS,,Imported 8/1/13 ::: Imported on 4/29 ::: * myContacts,* Other,Michele.O'lochlayne@xerox.com,,,,,,,,,Work,+1 (414) 9640452,,,,,,,,,,,,,,,,,,,,,,,,,,,,,,,,,,,,,,,,,,,,,,,,,,,
Michelle,,Manning,,,,,,,,Better Place Inc.,Financial Planning,Global Planning and Operations,,Exchange E-mail Address: /o=BetterPlace/ou=Exchange Administrative Group (FYDIBOHF23SPDLT)/cn=Recipients/cn=mmanning,,* myContacts,* Other,Michelle.Manning@betterplace.com,,,,,,,,,Pager,Skype: michelle.manning123,Mobile,1 512 653 1530,Work,1 650 845 2809,,,,,,,Work,"1070 Arastradero Road, Suite 220
Palo Alto, CA 94304
United States",Suite 220 1070 Arastradero Road,Palo Alto,,CA,94304,United States,,,,,,,,,,,,,,,,,,,,Manager,Linda Palmor,,,,,,,,,,,,
Mickey,,Nagel,,,,,,,,OpCo,Recruitment Manager,G&A,,Exchange E-mail Address: /o=BetterPlace/ou=Exchange Administrative Group (FYDIBOHF23SPDLT)/cn=Recipients/cn=Mickeyn,https://lh3.googleusercontent.com/contacts/AG6tpzEizbpKHu3AKcSvD7Wa3oSo1UC4uNHO2vf-o4sil8kdFkWGXK-5,* myContacts,* Other,Mickey.Nagel@betterplace.com,,,,,,,,,Pager,Skype: mickey.nagel,Mobile,972 54 672 3164,Work,972 73 790 2116,,,,,,,,,,,,,,,,,,,,,,,,,,,,,,,,,,Manager,Shelly Silverstein,,,,,,,,,,,,
micky,,brada,,,,,,,,מרחב,"אומנות , חונכת",צוות,,,https://lh3.googleusercontent.com/contacts/AG6tpzHeYvd5ZmUtvROrJgqtZvVt9wDHBEeEoduNcf06mF90Oh9RIEmt,Imported 8/1/13 ::: מרחב ::: Imported on 4/29 ::: * myContacts,* Other,mickybrada@gmail.com,,,,,,,,,Home,050-8155466,,,,,,,,,,,,,,,,,,,,,,,,,,,,,,,,,,,,,,,,,,Other,fb://profile/1020563709,,,,,,,,
Miguel,Guevara,Torres,,,,,,,,,,,,,,Imported on 4/29 ::: * myContacts,* ,mgt@google.com,,,,,,,,,,,,,,,,,,,,,,,,,,,,,,,,,,,,,,,,,,,,,,,,,,,,,,,,,,,,,
Mika,,Damari,,,,,,,,"אוניברסיטת תל אביב לנוער היחידה לנוער שוחר מדע ע""ש דב לאוטמן אוניברסיטת תל אביב",רכזת מדעני וממציאי העתיד,,,מיקה דמארי,,Imported 8/1/13 ::: Imported on 4/29 ::: * myContacts,* ,mikadamari@tauex.tau.ac.il,,,,,,,,,Work,03-6408469,Work Fax,03-6408184,,,,,,,,,,,,,,,,,,,,,,,,,,,,,,,,,,,,,,,,,,,,,,,,,
Mike,,Granoff,,,,,,,,Better Place Inc.,Oil Independence Policies,Global Communications,,Exchange E-mail Address: /o=BetterPlace/ou=Exchange Administrative Group (FYDIBOHF23SPDLT)/cn=Recipients/cn=mgranoff,https://lh3.googleusercontent.com/contacts/AG6tpzFZbtJzMhHsSDHyX2RR7wLCjoWvLmfxrQ5Acbl0TPRWBHPYy3cj,* myContacts,* Other,Mike.Granoff@betterplace.com,,,,,,,,,Home,972 54 532 MIKE,Mobile,1 212 580 5300,Work,1 201 727 1411,,,,,,,Work,"New York City, New York
United States",,New York City,,New York,,United States,,,,,,,,,,,,,,,,,,,,Manager,Joe Paluska,,,,,,,,,,,,
Mike,,Lindheim,,,,,,,,Better Place Inc.,Global Infrastructure Deployment,Global Planning and Operations,,Exchange E-mail Address: /o=BetterPlace/ou=Exchange Administrative Group (FYDIBOHF23SPDLT)/cn=Recipients/cn=mlindheim,https://lh3.googleusercontent.com/contacts/AG6tpzGoQCLuUmUXYyDoIo2Fc_BuZTsuH1Ia3kDBbsy4vS9RZIQuUZfP,* myContacts,* Other,Mike.Lindheim@betterplace.com,,,,,,,,,Mobile,1 415 987 8038,Work,1 650 845 2839,,,,,,,,,Work,"1070 Arastradero Road, Suite 220
Palo Alto, California 94304
United States",Suite 220 1070 Arastradero Road,Palo Alto,,CA,94304,United States,,,,,,,,,,,,,,,,,,,,Manager,Tal Agassi,,,,,,,,,,,,
Mike,,Schurman,,,,,,,,,,,,,,Imported 8/1/13 ::: Imported on 4/29 ::: * myContacts,* ,schurman@bellsouth.net,Other,schurman_mike@yahoo.com,,,,,,,,,,,,,,,,,,,,,,,,,,,,,,,,,,,,,,,,,,,,,,,,,,,,,,,,,,,
Mike,,Waltman,,,,,,,,Better Place Inc.,OpCo Enablement,Global Planning and Operations,,Exchange E-mail Address: /o=BetterPlace/ou=Exchange Administrative Group (FYDIBOHF23SPDLT)/cn=Recipients/cn=mwaltman,https://lh3.googleusercontent.com/contacts/AG6tpzETuQVn9tB06ruYPDzXNDmfulB8WX1fDRENT58YIyPPDWFkXhxc,* myContacts,* Other,Mike.Waltman@betterplace.com,,,,,,,,,Pager,Skype: mike.waltman,Mobile,1 404 210 5922,Work,1 650 845 2835,,,,,,,Work,"1070 Arastradero Road, Suite 220
Palo Alto, California 94304
United States",Suite 220 1070 Arastradero Road,Palo Alto,,CA,94304,United States,,,,,,,,,,,,,,,,,,,,Manager,Amit Nisenbaum,,,,,,,,,,,,
Miki,,Sarne,,,,,,,,,,,,,,Imported 8/1/13 ::: Imported on 4/29 ::: * myContacts,* Other,mys@netvision.net.il,,,,,,,,,Mobile,+972 50-4-711-776,,,,,,,,,,,Home,"המעיין 4
רעננה",4 המעיין,רעננה,,,,,,,,,,,,,,,,,,,,,,,,,,,,,,,,,,,,,
Mikkel,,Linnet,,,,,,,,Better Place Denmark A/S,Communications Consultant,Communications,,Exchange E-mail Address: /o=BetterPlace/ou=Exchange Administrative Group (FYDIBOHF23SPDLT)/cn=Recipients/cn=MikkelL,https://lh3.googleusercontent.com/contacts/AG6tpzGkjw9tc0kj8iMAcVDMIaAEAvCWwvh7pQaJ_cJFYqsyL23GXW9X,* myContacts,* Other,Mikkel.Linnet@betterplace.com,,,,,,,,,Mobile,45 31 73 05 61,Work,45 702 702 47,,,,,,,,,Work,"Bygmestervej 57
DK-2400
Copenhagen
Denmark",57 Bygmestervej,Copenhagen,,,DK-2400,Denmark,,,,,,,,,,,,,,,,,,,,Manager,Sara Helweg-Larsen,,,,,,,,,,,,
Mikkel,,Roensbo,,,,,,,,Better Place Denmark A/S,Research Assistant,Communications,,Exchange E-mail Address: /o=BetterPlace/ou=Exchange Administrative Group (FYDIBOHF23SPDLT)/cn=Recipients/cn=mikkelr,,* myContacts,* Other,Mikkel.Roensbo@betterplace.com,,,,,,,,,Pager,skype: mikkel.ronsbo,Mobile,45 30 37 25 16,Work,45 702 702 47,,,,,,,Work,"Bygmestervej 57
DK-2400
København
Denmark",57 Bygmestervej,København,,,DK-2400,Denmark,,,,,,,,,,,,,,,,,,,,Manager,Sara Helweg-Larsen,,,,,,,,,,,,
Mikkel,,Westenholz,,,,,,,,Better Place Denmark A/S,Business Analyst,Finance,,Exchange E-mail Address: /o=BetterPlace/ou=Exchange Administrative Group (FYDIBOHF23SPDLT)/cn=Recipients/cn=mikkelw,https://lh3.googleusercontent.com/contacts/AG6tpzFk_gLTihciHcY4KVv7YwAkVWcXxTMTAdx0fHkSJDaNEiUfWlsu,* myContacts,* Other,Mikkel.Westenholz@betterplace.com,,,,,,,,,Pager,skype: Mikkel.westenholz,Mobile,45 31 63 69 03,Work,45 702 702 47,,,,,,,Work,"Bygmestervej 57, DK-2400
København, NV
Denmark",57 Bygmestervej,,,,DK-2400,Denmark,"København, NV",,,,,,,,,,,,,,,,,,,Manager,Morten Leth,,,,,,,,,,,,
Mira,,Naqar,,,,,,,,,,,,,,Imported on 4/29 ::: * myContacts,,,,,,,,,,,Mobile,0506-713338,,,,,,,,,,,,,,,,,,,,,,,,,,,,,,,,,,,,,,,,,,,,,,,,,,,
Mira-Bell,,Gazit,,,,,,,,,Employment Lawyer,,,,https://lh3.googleusercontent.com/contacts/AG6tpzEjFO6_ougVD_89Y61GnJ4s7hk2zoc4n7fSplE5c1gMmpwW3mVn,Imported 8/1/13 ::: Imported on 4/29 ::: * myContacts,* Other,iwork@gazit-law.com,Other,mirabelle.gazit@gmail.com,,,,,,,Mobile,+972 52 3090660,Work,+972 9 7712130,,,,,,,,,,,,,,,,,,,,,,,,,,,,,,,,,,,,,,,,,,,,,,,,,
Miri,,Curiel,,,,,,,,Tonara,VP R&D,,,"Miri Curiel
 Department Manager, Product Development, R&D
 ORCA INTERACTIVE LTD 
 22 Zarhin St. P.O.Box 2220
 Industrial Area, Raanana 43662
 Israel  
 
 Tel:  972 9 7699453
 Fax:  972 9 7699445  
 Mobile:  972 54 910726
 Email: miri.curiel@Orca

Miri Curiel
 Department Manager, Product Development, R&D
 ORCA INTERACTIVE LTD 
 22 Zarhin St. P.O.Box 2220
 Industrial Area, Raanana 43662
 Israel  
 
 Tel:  972 9 7699453
 Fax:  972 9 7699445  
 Mobile:972 54 910726
 Email: miri.curiel@Orca",https://lh3.googleusercontent.com/contacts/AG6tpzHL-SFlVwVuIQ3PB7KlXktlfJWiGTZcLihBxO0gk-scUZPyeu-q,Imported 8/1/13 ::: Imported on 4/29 ::: * myContacts,* Other,miri.curiel@orcaInteractive.com,Other,miricu@yahoo.com ::: Miri@orcainteractive.com,,miricu@gmail.com,,,,,Home,+972 (3) 6499787,Mobile,+972 (54) 4910726,Work,"+972 (9) 7699453 ::: , +972 (9) 9564444 x410",Radio,miri_curiel,,,,,Work,"1 Sapir St. P.O.Box 12721
IND Zone Herzeliyya
46733
Israel",1 Sapir St. P.O.Box 12721 IND Zone,Herzeliyya,,,46733,Israel,,,,,,,,,,,,,,,,,,,,,,,,,,,,,,,,,
Miri,,Fabian,,,,,,,,Gan Chiquititos,,,,Gili's Mom,https://lh3.googleusercontent.com/contacts/AG6tpzHlmnTznQyPJjfgd8SzIOGGoQCr-yhuy9I1inAtjD4QfG-C6QZr,Imported 8/1/13 ::: Imported on 4/29 ::: * myContacts,* Other,miri.fabian@scd.co.il,Other,miri.fabian@sld.co.il ::: ilanf@orbitfr.co.il,,,,,,,Mobile,+972 54-9994286,Work,+972 (52) 835 2055,,,,,,,,,,,,,,,,,,,,,,,,,,,,,,,,,,,,,,,,,,,,,,Manager,מירי,Photo,https://www.google.com/s2/photos/private/AIbEiAIAAAAhCKP_6_LYlPDnERCPjY3Q0f-ZgksY6_XFkKKUhZuBATABQTqcGHBUPDUSgcSmCcNAHvHxilE
Mirko,,Kerschbaum,,,,,,,,Better Place Inc.,Global Car Makers and Suppliers,Automotive Alliances,,Exchange E-mail Address: /o=BetterPlace/ou=Exchange Administrative Group (FYDIBOHF23SPDLT)/cn=Recipients/cn=Mirko.Kerschbaum,,* myContacts,* Other,Mirko.Kerschbaum@betterplace.com,,,,,,,,,Pager,Skype: mirko.kerschbaum,Mobile,1 650 521 7055,Work,1 650 845 2823,,,,,,,Work,"1070 Arastradero Road, Suite 220
Palo Alto, CA 94304
United States",Suite 220 1070 Arastradero Road,Palo Alto,,CA,94304,United States,,,,,,,,,,,,,,,,,,,,Manager,Sidney Goodman,,,,,,,,,,,,
Mizner,,Israel,,,,Prof.,,,,,,,,US,,Imported 8/1/13 ::: Imported on 4/29 ::: * myContacts,,,,,,,,,,,Work,+972 (3) 5347980,,,,,,,,,,,,,,,,,,,,,,,,,,,,,,,,,,,,,,,,,,,,,,,,,,,
Mizrachi,,Yoram,,,,,,,,,,,,,https://lh3.googleusercontent.com/contacts/AG6tpzFu28RDKYK-tR18F5_iBZSCMhEDtizRiLrfcIA6z-qULHpEgBNa,Imported 8/1/13 ::: Imported on 4/29 ::: * myContacts,* Other,yorammizrachi@gmail.com,,,,,,,,,Mobile,+972 (54) 4716273,Radio,yorammizrachi,,,,,,,,,,,,,,,,,,,,,,,,,,,,,,,,,,,,,,,,,,,,,,,,,
Monica,,חברה של אורית,,,,,,,,,,,,,,* myContacts,,,,,,,,,,,Mobile,+972546360320,,,,,,,,,,,,,,,,,,,,,,,,,,,,,,,,,,,,,,,,,,,,,,,,,,,
Mooly,,Atas,,,,,,,,OpCo,BSS Project Manager,Ops,,Exchange E-mail Address: /o=BetterPlace/ou=Exchange Administrative Group (FYDIBOHF23SPDLT)/cn=Recipients/cn=moolya,https://lh3.googleusercontent.com/contacts/AG6tpzH22z-sHsE6xaWXuWnUGjgX5WNGAeMzKEdFdAsXYVwYWbeZ4N_P,* myContacts,* Other,Mooly.Atas@betterplace.com,,,,,,,,,Mobile,972 54 323 3099,Work,972 73 790 2148,,,,,,,,,,,,,,,,,,,,,,,,,,,,,,,,,,,,Manager,Pini Liberman,,,,,,,,,,,,
Mor,,Lieberman,,,,,,,,OpCo,Help desk technician,Ops,,Exchange E-mail Address: /o=BetterPlace/ou=Exchange Administrative Group (FYDIBOHF23SPDLT)/cn=Recipients/cn=morl,,* myContacts,* Other,Mor.Lieberman@betterplace.com,,,,,,,,,Pager,Skype: mor.lieberman,Mobile,972 54 323 3070,Work,972 73 790 2161,,,,,,,,,,,,,,,,,,,,,,,,,,,,,,,,,,Manager,Eyal Azran,,,,,,,,,,,,
Mor,,Schlesinger,,,,,,,,SharedBook,VP R&D,,,LinkedIn Profile: https://www.linkedin.com/profile?viewProfile=&key=2082549,,Imported 8/1/13 ::: Imported on 4/29 ::: * myContacts,* Other,mor@sharedbook.com,,,,,,,,,,,,,,,,,,,,,,,,,,,,,,,,,,,,,,,,,,,,,,,,,,,,Other,fb://profile/876345692,,,,,,,,
Morad,,Ronny,,,,,,,,,,,,from Izavon,https://lh3.googleusercontent.com/contacts/AG6tpzFYLLTqGYtJLINuH9nU_UpQiko-9KYJSYg4hHdTlSf85QhpMhrQ,Imported 8/1/13 ::: Imported on 4/29 ::: * myContacts,,,,,,,,,,,Home,+972 (3) 5403442 ::: +972 (4) 8447188,Mobile,+972 (52) 3335893,,,,,,,,,,,,,,,,,,,,,,,,,,,,,,,,,,,,,,,,,,,,,,,,,
,,,,,,,,,,OpCo,Receptionist,G&A,,Exchange E-mail Address: /o=BetterPlace/ou=Exchange Administrative Group (FYDIBOHF23SPDLT)/cn=Recipients/cn=moranl,https://lh3.googleusercontent.com/contacts/AG6tpzGx1xMug3KU0AhBtq534nb1X8gKuhThOKJGbMnhaj91sJbdT45S,* myContacts,* Other,Moran.Stolper@betterplace.com,,,,,,,,,Mobile,972 54 830 0676,Work,972 73 790 8100,,,,,,,,,,,,,,,,,,,,,,,,,,,,,,,,,,,,Manager,Hilah Ron,,,,,,,,,,,,
Moria,,Levy,,,,,,,,,,,,Exchange E-mail Address: /o=BetterPlace/ou=Exchange Administrative Group (FYDIBOHF23SPDLT)/cn=Recipients/cn=morial,,* myContacts,* Other,Moria.Levy@betterplace.com,,,,,,,,,,,,,,,,,,,,,,,,,,,,,,,,,,,,,,,,,,,,,,,,Manager,Ron Sapir,,,,,,,,,,,,
Morten,,Leth,,,,,,,,Better Place Denmark A/S,Chief Financial Officer,Finance,,Exchange E-mail Address: /o=BetterPlace/ou=Exchange Administrative Group (FYDIBOHF23SPDLT)/cn=Recipients/cn=mortenl1,,* myContacts,* Other,Morten.Leth@betterplace.com,,,,,,,,,Mobile,45 31 10 33 66,Work,45 702 702 47,,,,,,,,,Work,"Bygmestervej 57, 1. sal
Copenhagen NV 2400
Denmark",1. sal 57 Bygmestervej,Copenhagen NV,,,2400,Denmark,,,,,,,,,,,,,,,,,,,,Manager,Jens Moberg,,,,,,,,,,,,
Morten,Rye,Christensen,,,,,,,,Better Place Denmark A/S,IT Manager,IT,,Exchange E-mail Address: /o=BetterPlace/ou=Exchange Administrative Group (FYDIBOHF23SPDLT)/cn=Recipients/cn=Mortenr,,* myContacts,* Other,Morten.rye@betterplace.com,,,,,,,,,Mobile,45 31 73 05 06,Work,45 702 702 47,,,,,,,,,Work,"Bygmestervej 57
DK-2400
København
Denmark",57 Bygmestervej,København,,,DK-2400,Denmark,,,,,,,,,,,,,,,,,,,,Manager,Morten Leth,,,,,,,,,,,,
Moshe,,Avrahami,,,,,,,,OpCo,Logistics Supervisor and Purchasing,Infrastructure Team: SCM,,Exchange E-mail Address: /o=BetterPlace/ou=Exchange Administrative Group (FYDIBOHF23SPDLT)/cn=Recipients/cn=MosheA,,* myContacts,* Other,Moshe.Avrahami@betterplace.com,,,,,,,,,Mobile,972 54 914 8512,Work,972 73 790 2207,,,,,,,,,,,,,,,,,,,,,,,,,,,,,,,,,,,,Manager,Hemi Kabir,,,,,,,,,,,,
Moshe,,Ben-Yohana,,,,,,,,Raanana music center,,,,,,Imported 8/1/13 ::: Imported on 4/29 ::: Imported 6/6/13 1 ::: * myContacts,,,,,,,,,,,Mobile,050-7595534,,,,,,,,,,,,,,,,,,,,,,,,,,,,,,,,,,,,,,,,,,,,,,,,,,,
Moshe,,Dalman,,,,,,,,Press-Sense,Director of Sales North America,,,,https://lh3.googleusercontent.com/contacts/AG6tpzFZSWW_6OUjFGfh9_ciV2Njt9SpLjDaMlqbm7JvMM5VzHEVVBTU,Imported 8/1/13 ::: Imported on 4/29 ::: * myContacts,* Other,moshed67@yahoo.com,Other,moshed@press-sense.com,,,,,,,Mobile,+972 (54) 4 882 199,Work,+1 (646) 267 1167,,,,,,,,,,,,,,,,,,,,,,,,,,,,,,,,,,,,,,,,Other,fb://profile/1067484782,,,,,,,,
Moshe,,Dvoretsky,,,,,,,,,,,,,https://lh3.googleusercontent.com/contacts/AG6tpzFvqqt5XHs3wT3HGbtnvdKkIEz9BWH6y13Grh8GPNZZ-0dhGBVj,Imported 8/1/13 ::: Imported on 4/29 ::: * myContacts,* Work,moshedv007@gmail.com,,,,,,,,,,,,,,,,,,,,,,,,,,,,,,,,,,,,,,,,,,,,,,,,,,,,,,,,,,,,,
Moshe,,Fireman,,,,,,,,Comverse,"Architect, CTO Office",,,,https://lh3.googleusercontent.com/contacts/AG6tpzHPryupyEqVHLxbWD63wmY8mirE1VYiLuKZsmvDm4KTcHWJbcK1,Imported 8/1/13 ::: Imported on 4/29 ::: * myContacts,* Other,mfireman@netvision.net.il,Other,mfireman@gmail.com ::: moshe.fireman@comverse.com,,,,,,,Mobile,+972 (54) 542 3930,Work,+972 3 766 3930,,,,,,,,,Work,"29 Habarzel St,
Tel Aviv 69710
Israel
United States of America","29 Habarzel St, Tel Aviv 69710 Israel",,,,,United States of America,,,,,,,,,,,,,,,,,,,,,,,,Other,http://www.comverse.com ::: fb://profile/536979039,,,,,,,,
Moshe,,Kaplinsky,,,,,,,,OpCo,Chief Executive Officer,G&A,,Exchange E-mail Address: /o=BetterPlace/ou=Exchange Administrative Group (FYDIBOHF23SPDLT)/cn=Recipients/cn=moshek,,* myContacts,* Other,Moshe.Kaplinsky@betterplace.com,,,,,,,,,Mobile,972 52 422 2224,Work,972 73 790 2102,,,,,,,,,Work,"Building #2
Kiriat Atidim
Tel Aviv 61581
Israel",Building #2 Kiriat Atidim Tel Aviv 61581,,,,,Israel,,,,,,,,,,,,,,,,,,,,,,,,,,,,,,,,,
Moshe,,Moran,,,,,,,,NetCracker,"VP Sales, Strategic Accounts",,2006-09-30,"9087592325@mobile.att.net

E-fax- 908-845-0217.

Avis: R2/U51C.
AA: 02V1W84.",,Imported 8/1/13 ::: Imported on 4/29 ::: * myContacts,* Other,mmoran@imcingular.com,Other,moshemoran@msn.com ::: moshe@tti-telecom.com,,,,,,,Work Fax,908-845-0217,Mobile,201-400-8181,Pager,mmoran@imcingular.com,Work,201-795-3883 ext 208,Home,+1 (908) 7554278,Other,+1 (908) 7592325,Home,"11 Iris Ct.
Edison
NJ
08820
United States of America",11 Iris Ct,Edison,,NJ,08820,United States of America,,Work,"2 Hudson Place
Hoboken
NJ,
07030
United States of America",2 Hudson Place,Hoboken,,NJ,07030,United States of America,,,,,,,,,,,Manager,Norman Tutnauer,,,Sync.ME profile,http://sync.me/profile/nwK9EYP21PcDvRctqxEsXtFM2giPekZtYpVocuseZk8N8FPWZYXowaiWdmGPLy4rAmklFOrKZWPB,Other,http://tti-telecom.com,,,Photo,https://lh4.googleusercontent.com/-N--LEB50qRc/V4y1gXkaQTI/AAAAAAAAAAA/WSWxGvzkrIICrSy8EkxgjLFD8jEKDhhjQCOQCEAE/photo.jpg,,
Moshe,,Moran,,,,,,,,Comverse,"Vice President Sales, BSS, North America",,2006-09-30,"9087592325@mobile.att.net

E-fax- 908-845-0217.

Avis: R2/U51C.
AA: 02V1W84.",,* myContacts,* Other,moshe@tti-telecom.com,Other,mmoran@imcingular.com ::: moshemoran@msn.com,,,,,,,Pager,mmoran@imcingular.com,Home,+1 (908) 7554278,Other,+1 (908) 7592325,Mobile,201-400-8181,Work,201-795-3883 ext 208,Work Fax,908-845-0217,Home,"11 Iris Ct.
Edison
NJ
08820
United States of America",11 Iris Ct,Edison,,NJ,08820,United States of America,,Work,"2 Hudson Place
Hoboken
NJ,
07030
United States of America",2 Hudson Place,Hoboken,,NJ,07030,United States of America,,,,,,,,,,,Manager,Norman Tutnauer,,,,http://tti-telecom.com,,,,,,,,
Moshe,,Porat,,,,,,,,,,,,,,Imported 8/1/13 ::: Imported on 4/29 ::: * myContacts,* Other,moshep30@yahoo.com,,,,,,,,,,,,,,,,,,,,,,,,,,,,,,,,,,,,,,,,,,,,,,,,,,,,,,,,,,,,,
Moshe,,Semet,,,,,,,,,,,,,,Imported on 4/29 ::: * myContacts,* ,moshe.samet ---- gmail.com,,moshe.samet@gmail.com ::: moshesamet@google.com,,,,,,,Mobile,+972 50-632-5301,,,,,,,,,,,,,,,,,,,,,,,,,,,,,,,,,,,,,,,,,,,,,,,,,,,
mossadmin,,,,,,,,,,,,,,Exchange E-mail Address: /o=BetterPlace/ou=Exchange Administrative Group (FYDIBOHF23SPDLT)/cn=Recipients/cn=mossadmin,,* myContacts,* Other,mossadmin@betterplace.com,,,,,,,,,,,,,,,,,,,,,,,,,,,,,,,,,,,,,,,,,,,,,,,,,,,,,,,,,,,,,
Moti,,,,,,,,,,Garage,,,,,,Imported 8/1/13 ::: Imported on 4/29 ::: * myContacts,,,,,,,,,,,Work,+972 9 7461241,,,,,,,,,,,,,,,,,,,,,,,,,,,,,,,,,,,,,,,,,,,,,,,,,,,
Moti,,Bardugo,,,,,,,,,,,,,,Imported on 4/29 ::: * myContacts,,,,,,,,,,,Mobile,050-3317092,,,,,,,,,,,,,,,,,,,,,,,,,,,,,,,,,,,,,,,,,,,,,,,,,,,
Moti,,Eis,,,,,,,,מנעולן,,,,,,* myContacts,,,,,,,,,,,Other,+972503939319,,,,,,,,,,,,,,,,,,,,,,,,,,,,,,,,,,,,,,,,,,,,,,,,,,,
Moti,,Haber,,,,,,,,OpCo,Business Development,Ops,,Exchange E-mail Address: /o=BetterPlace/ou=Exchange Administrative Group (FYDIBOHF23SPDLT)/cn=Recipients/cn=motih,,* myContacts,* Other,Moti.Haber@betterplace.com,,,,,,,,,Pager,Skype: moti.haber,Mobile,972 54 323 3054,Work,972 73 790 2135,,,,,,,Work,"Building #2
Kiriat Atidim
Tel Aviv 61581
Israel",Building #2,Tel Aviv,,,61581,Israel,Kiriat Atidim,,,,,,,,,,,,,,,,,,,Manager,Eitan Hon,,,,,,,,,,,,
Moti,,Katz,,,,,,,,,,,,Exchange E-mail Address: /o=BetterPlace/ou=Exchange Administrative Group (FYDIBOHF23SPDLT)/cn=Recipients/cn=Motik,https://lh3.googleusercontent.com/contacts/AG6tpzEqJQfNPcTw8ACDWQBXCF4NZFsjpHf6penl-WnwdI_Ctz6eJIe9,* myContacts,* Other,Moti.Katz@betterplace.com,,,,,,,,,Mobile,972 50 916 5755,Work,972 3 916 5755,,,,,,,,,,,,,,,,,,,,,,,,,,,,,,,,,,,,,,,,,,,,,,,,,
Moti,Navon,Fahima,,,,,,,,Press-sense,System Administrator,,,,https://lh3.googleusercontent.com/contacts/AG6tpzHQj5jpXQxDUxnTmNecPXHHZ9kfKQ6Ses61akPHAR9avBV2wXvU,Imported 8/1/13 ::: Imported on 4/29 ::: * myContacts,* Other,moti@press-sense.com,,,,,,,,,Mobile,+972 (54) 7719125,Work,129,Radio,moti.navon,,,,,,,,,,,,,,,,,,,,,,,,,,,,,,,,,,,,,,Other,fb://profile/767303116,,,,,,,,
MotorHome,,Israel,,,,,,,,,,,,,,Imported 8/1/13 ::: Imported on 4/29 ::: * myContacts,* Work,info@motorhome.co.il,,,,,,,,,Work,+972-3-6449998,,,,,,,,,,,,,,,,,,,,,,,,,,,,,,,,,,,,,,,,,,,,,,,,,,,
Motty,,Cohen,,,,,,,,TopCo,CC team Leader,R&D,,Exchange E-mail Address: /o=BetterPlace/ou=Exchange Administrative Group (FYDIBOHF23SPDLT)/cn=Recipients/cn=mottyc,,* myContacts,* Other,Motty.Cohen@betterplace.com,,,,,,,,,Pager,Skype: Motty.Cohen67,Mobile,972 50 882 5110,Work,972 73 790 2123,,,,,,,,,,,,,,,,,,,,,,,,,,,,,,,,,,Manager,Barak Hershkovitz,,,,,,,,,,,,
Motty,,Fogel,,,,,,,,Haaretz הארץ,,,1972-12-25,,,Imported on 4/29 ::: * myContacts,* Other,mottyf@gmail.com,,,,,,,,,,,,,,,,,,,,,,,,,,,,,,,,,,,,,,,,,,,,,,,,,,,,,,,,,,Photo,https://lh6.googleusercontent.com/-EoRcImqj4eE/WceSnjBYmII/AAAAAAAAAAA/TyWpry0Zths1B01watqNdI0LgQW08oC4ACOQCEAE/photo.jpg,,
Mounir,,Kiwan,,,,,,,,Better Place Australia,Business Development,Business Development,,Exchange E-mail Address: /o=BetterPlace/ou=Exchange Administrative Group (FYDIBOHF23SPDLT)/cn=Recipients/cn=MounirK,,* myContacts,* Other,Mounir.Kiwan@betterplace.com,,,,,,,,,Pager,Skype: mounir.kiwan,Mobile,61 466 455 442,Work,61 3 86790805,Other Fax,61 3 86790880,,,,,Work,"114 Balmain Street
Cremorne, VIC 3121
Australia",114 Balmain Street,Cremorne,,VIC,3121,Australia,,,,,,,,,,,,,,,,,,,,Manager,Talal Yassine,,,,,,,,,,,,
Mount,,Vernon,,,,,,,,,,,,,,Imported 8/1/13 ::: Imported on 4/29 ::: * myContacts,* Other,koliver@korman1.com,,,,,,,,,Work,+17705120220,Home,+18664376451,,,,,,,,,Other,"1265 Mount Vernon Highway
Atlanta, GA 30338
United States of Ame","1265 Mount Vernon Highway
United States of Ame",Atlanta,,GA,30338,United States,,,,,,,,,,,,,,,,,,,,,,,,,,,,,,,,,
Mr Handyman of Roswell ,,(windows),,,,,,,,,,,,,,* myContacts,,,,,,,,,,,Other,+17708638372,,,,,,,,,,,,,,,,,,,,,,,,,,,,,,,,,,,,,,,,,,,,,,,,,,,
MRI,,איכילוב,,,,,,,,,,,,,,* myContacts,,,,,,,,,,,Other,036973948,,,,,,,,,,,,,,,,,,,,,,,,,,,,,,,,,,,,,,,,,,,,,,,,,,,
MULI,,,,,,,,,,,,,,",",,Imported 8/1/13 ::: Imported on 4/29 ::: * myContacts,,,,,,,,,,,Work,+97248622053 ::: +97248622070,Other Fax,+97248670344,,,,,,,,,,,,,,,,,,,,,,,,,,,,,,,,,,,,,,,,,,,,,,,,,
Muli,,B.D,,,,,,,,wednesdaynightsoccer,,,,,,Imported 8/1/13 ::: wednesdaynightsoccer ::: Imported on 4/29 ::: * myContacts,* Other,mulibd@gmail.com,,,,,,,,,,,,,,,,,,,,,,,,,,,,,,,,,,,,,,,,,,,,,,,,,,,,,,,,,,,,,
Muli,,Horwitz,,,,,,,,"מבטח סימון סוכנויות לביטוח בע""מ",מנהל חטיבה עיסקית,,,,https://lh3.googleusercontent.com/contacts/AG6tpzGEybnxzEWfEw06joEaeCeohbaf44pYrlf14BDJk1Rp8nKkEipM,Imported 8/1/13 ::: Imported on 4/29 ::: * myContacts,* Other,MuliH@mvs.co.il,,,,,,,,,Mobile,+972 52-5454572,Work,+972 3-7966546,,,,,,,,,,,,,,,,,,,,,,,,,,,,,,,,,,,,,,,,,,,,,,,,,
Muna,,Assi,,,,,,,,Hewlett Packard - Indigo Division,Product Manager,,,,https://lh3.googleusercontent.com/contacts/AG6tpzG-Lo5-751HS6XaJTY77QphQVRpN4bcbgK45swiZj1I-QvKJ_ce,Imported 8/1/13 ::: Imported on 4/29 ::: * myContacts,* Other,munaly22@gmail.com,Other,muna@press-sense.com,,,,,,,Mobile,+972 (54) 7719127,Work,+972 4-6260318 x 101,,,,,,,,,,,,,,,,,,,,,,,,,,,,,,,,,,,,,,,,Other,fb://profile/530604008,Sync.ME profile,http://sync.me/profile/B1Igym-_n8WiJEc6OaC08Nd2XssVFwU1tIvh9la-7tfZIZ45XDK6staatg,,,,,,
Munir,,Masger,,,,,,,,,,,,,,Imported on 4/29 ::: * myContacts,,,,,,,,,,,Mobile,+972 50-556-8896,,,,,,,,,,,,,,,,,,,,,,,,,,,,,,,,,,,,,,,,,,,,,,,,,,,
,,,,,,,,,,Music Center,,,,,,Imported 8/1/13 ::: Imported on 4/29 ::: * myContacts,* ,music@raanana.muni.il,,,,,,,,,Mobile,+972-9-7711330,,,,,,,,,,,,,,,,,,,,,,,,,,,,,,,,,,,,,,,,,,,,,,,,,,,
Musty,,Rehmani,,,,,,,,BellSouth,,,,,https://lh3.googleusercontent.com/contacts/AG6tpzFXIHQlTwImx5NlkaFVd-G08rYIRBsvWDJ5ek5Bfwy6kk2PwjpM,Imported 8/1/13 ::: Imported on 4/29 ::: * myContacts,* Other,mrehmani@imcingular.com,Other,mustafa_rehmani@hotmail.com,,,,,,,Mobile,+1 (678) 485-9574,,,,,,,,,,,,,,,,,,,,,,,,,,,,,,,,,,,,,,,,,,Profile,http://www.google.com/profiles/102416650083397612866,,,,,,,,
Myron,,Elias,,,,,,,,Press-sense,Marketing Communications,,,,https://lh3.googleusercontent.com/contacts/AG6tpzHnTgOVHTejXBcHNUMZIqmEbiPVme8rTGvC1ne-fcK5glDMu6Pk,Imported 8/1/13 ::: Imported on 4/29 ::: * myContacts,* Other,Myron@press-sense.com,,,,,,,,,Home,+972 4-6377505,Mobile,+972 (52) 2371429,Work,+972 4-6260318,Work Fax,+972 4-6361540,,,,,Work,United States of America,,,,,,United States of America,,,,,,,,,,,,,,,,,,,,,,,,Other,http://www.press-sense.com,Sync.ME profile,http://sync.me/profile/PCKQ-QtitqHWUAEh5WsiZvE506tlh61i-R1DCGMafGTARfgBOMi3xCqTBmLCL3n2cqvQ,,,,,,
Naama,,Rich הזית 2,,,,,,,,,,,,,,* myContacts,,,,,,,,,,,Mobile,+972504705980,,,,,,,,,,,,,,,,,,,,,,,,,,,,,,,,,,,,,,,,,,,,,,,,,,,
Nachum (Nick),,Dimer,,,,,,,,,,,,,,Imported 8/1/13 ::: Imported on 4/29 ::: * myContacts,* Other,web_dvlp@yahoo.com,,,,,,,,,,,,,,,,,,,,,,,,,,,,,,,,,,,,,,,,,,,,,,,,,,,,,,,,,,,,,
Nachum,,Dimer,,,,,,,,,,,,WebLoad,,Imported 8/1/13 ::: Imported on 4/29 ::: * myContacts,* Other,nachum.dimer@gmail.com,,,,,,,,,,,,,,,,,,,,,,,,,,,,,,,,,,,,,,,,,,,,,,,,,,,,,,,,,,,,,
Nadav,,Baron,,,,,,,,TopCo,OEM+ Tier 1 Project Manager,R&D,,Exchange E-mail Address: /o=BetterPlace/ou=Exchange Administrative Group (FYDIBOHF23SPDLT)/cn=Recipients/cn=nadavb,https://lh3.googleusercontent.com/contacts/AG6tpzGm2Y41nrc8BX2RuU5muZDk0gRwVCx_HOfKAtln5LAHxYxVrNp2,* myContacts,* Other,Nadav.Baron@betterplace.com,,,,,,,,,Pager,skype: baron.nadav,Mobile,972 54 288 0762,Work,972 73 790 2239,,,,,,,,,,,,,,,,,,,,,,,,,,,,,,,,,,Manager,Shahaf Kieselstein,,,,,,,,,,,,
Nadav,,Eshel,,,,,,,,,,,,,https://lh3.googleusercontent.com/contacts/AG6tpzHo52Y2dLOLrTDSvUrqbx7L6pcyNQgUMe13BBQX1wijlVRxZuFa,Imported 8/1/13 ::: Imported on 4/29 ::: * myContacts,* Other,nadav.eshel@gmail.com,Other,friends@yourfanbox.com,,,,,,,Mobile,+972 54-4671853,,,,,,,,,,,,,,,,,,,,,,,,,,,,,,,,,,,,,,,,,,Other,fb://profile/1012823145,,,,,,,,
Nagy,,Marcell,,,,,,,,Waze,Global Champ,, --05-09,,,Imported on 4/29 ::: * myContacts,* Other,nagyhadnagy@gmail.com,,,,,,,,,,,,,,,,,,,,,Home,"Budapest, Budapest
Hungary",,Budapest,,Budapest,,Hungary,,,,,,,,,,,,,,,,,,,,,,,,Other,http://munkaegeszsegugy.hu/ ::: http://facebook.com/Waze.hu ::: https://plus.google.com/+NagyMarcell ::: HTTP://waze.hu/,,,,,Photo,https://lh4.googleusercontent.com/-dO3-pEOwmX0/WceTIlxC9FI/AAAAAAAAAAA/1J9ZAb_CwEgbsMOzUgm04zBs9Dvq7lIZACOQCEAE/photo.jpg,,
Naim,,Meiri,,,,,,Naim,,Naim Meiri,,,,,,Imported on 4/29 ::: * myContacts,* Other,naim_m@netvision.net.il,,,,,,,,,Radio,naim-m,Mobile,054-4 588679,,,,,,,,,,,,,,,,,,,,,,,,,,,,,,,,,,,,,,,,,,,,,,,,,
Naomi,,,,,,,,,,Netvision,,,,,https://lh3.googleusercontent.com/contacts/AG6tpzE2iJr4PMkh9SpXIFwCXhWvJRg4-ExeM1zKFvchhWgnzX8DICZV,Imported 8/1/13 ::: Imported on 4/29 ::: * myContacts,,,,,,,,,,,Mobile,+972 (50) 6369393,,,,,,,,,,,,,,,,,,,,,,,,,,,,,,,,,,,,,,,,,,,,,,,,,,,
Naomi,,Admoni Lutsky,,,,,,,,,,,,,,Imported 8/1/13 ::: Imported on 4/29 ::: * myContacts,* Other,naomi_lutsky@yahoo.com,,,,,,,,,,,,,,,,,,,,,,,,,,,,,,,,,,,,,,,,,,,,,,,,,,,,,,,,,,,,,
Naomi,,Sullum,,,,,,,,Meitarim,English Teacher,,,נעמי naomi.sullum@meitarimraanana.org,https://lh3.googleusercontent.com/contacts/AG6tpzEvGB-lMSesILSfmCXe5BOaP_hUadgcyQJioQKyfo45f6ZeAby6,Imported 8/1/13 ::: Imported on 4/29 ::: * myContacts,* ,naomisullum@hotmail.com,,,,,,,,,Mobile,+972 50-5813123,,,,,,,,,,,,,,,,,,,,,,,,,,,,,,,,,,,,,,,,,,,,,,,,,,,
Narkis,,Haimovich,,,,,,,,OpCo,Payroll Coordinator,Finance,,Exchange E-mail Address: /o=BetterPlace/ou=Exchange Administrative Group (FYDIBOHF23SPDLT)/cn=Recipients/cn=narkish,https://lh3.googleusercontent.com/contacts/AG6tpzH7572uTUu9-dAMYJkePY9Wi3ZzLkc5XSqZRdoDlJlwIrAoyNnS,* myContacts,* Other,Narkis.Haimovich@betterplace.com,,,,,,,,,Mobile,972 54 562 7123,Work,972 73 790 2572,,,,,,,,,,,,,,,,,,,,,,,,,,,,,,,,,,,,Manager,Yuval Somekh,,,,,,,,,,,,
Natali,Ben,Moshe,,,,,,,,,,,,"Group: Map Team
Israeli Mobile: 972.52.3936661
Mobile: +972.52.3936661",,Imported 8/1/13 ::: Imported 3/19/12 ::: Imported on 4/29 ::: * myContacts,,,,,,,,,,,,,,,,,,,,,,,,,,,,,,,,,,,,,,,,,,,,,,,,,,,,,,,,,,,,,,,
Natalia,,Meergus,,,,,,,,TopCo,SW Engineer,R&D,,Exchange E-mail Address: /o=BetterPlace/ou=Exchange Administrative Group (FYDIBOHF23SPDLT)/cn=Recipients/cn=nataliam,https://lh3.googleusercontent.com/contacts/AG6tpzFgXdpRVRocw-QFK3sN5kt-jeIa5BaZnMxbltP6pYqNqzIsniWq,* myContacts,* Other,Natalia.Meergus@betterplace.com,,,,,,,,,Mobile,972 54 4596816,Work,972 73 790 2236,,,,,,,,,,,,,,,,,,,,,,,,,,,,,,,,,,,,Manager,Tamir Khason,,,,,,,,,,,,
Natan,,Drozd,,,,,,,,,,,,,https://lh3.googleusercontent.com/contacts/AG6tpzF543xRt8yq_zgBNGxT86q_CBMkLcTu18LQnPoolU1zuwADQsSx,Imported 8/1/13 ::: Imported on 4/29 ::: * myContacts,* Other,natan@press-sense.com,Other,natandrozd@gmail.com,,,,,,,Home,+972 4 8326665,Mobile,+972 54-9303942,,,,,,,,,,,,,,,,,,,,,,,,,,,,,,,,,,,,,,,,Profile,http://www.google.com/profiles/111285246202416078127,,,,,,,,
Nathan,,Lowell,,,,,,,,Durandus,Author,,,,,Imported on 4/29 ::: * myContacts,* Other,nathan.lowell@gmail.com,,,,,,,,,,,,,,,,,,,,,Home,"Greeley, Colorado
United States",,Greeley,,CO,,United States,,,,,,,,,,,,,,,,,,,,,,,,Other,http://nathanlowell.com,,,,,Photo,https://lh5.googleusercontent.com/-Q9tlwABZjfY/WceSOkcHgSI/AAAAAAAAAAA/r1uykt3BwS0FWnJKp_ABkDbv-XWV---zACOQCEAE/photo.jpg,,
Nava,,Bashan,,,,,,Nava,,,,,,,https://lh3.googleusercontent.com/contacts/AG6tpzH3ji4lZ49kxrRZv5aWpOswv128vVxoCa0WDxwGKHrnfGX8aBVb,Imported 8/1/13 ::: Imported on 4/29 ::: * myContacts ::: * starred,* Home,nava@bgu.ac.il,Home,nava@bgumail.bgu.ac.il,Other,nava.bashan@gmail.com,,,,,Mobile,+972522996766,,,,,,,,,,,,,,,,,,,,,,,,,,,,,,,,,,,,,,,,,,Other,fb://profile/100000926555782,,,,,,,,
Navit,,Dvir,,,,,,,,NICE Ltd,Corporate Compliance,, --05-14,,,Imported on 4/29 ::: * myContacts,* ,navit.dvir@gmail.com,,,,,,,,,Mobile,+972 52-541-5000,,,,,,,,,,,,,,,,,,,,,,,,,,,,,,,,,,,,,,,,,,,,,,,,,,,
Navit,,Shmuelevitz,,,,,,,,,,, --06-20,,,Imported on 4/29 ::: * myContacts,* Other,navnav7@gmail.com,,,,,,,,,,,,,,,,,,,,,Home,"Tel Aviv, Tel Aviv
Israel",,Tel Aviv,,Tel Aviv,,Israel,,,,,,,,,,,,,,,,,,,,,,,,,,,,,,Photo,https://lh3.googleusercontent.com/-D1aEakVlSMQ/WceTAM8f3FI/AAAAAAAAAAA/2MFIxlF10Rk4BPzC84ijHubgUYXqACmpACOQCEAE/photo.jpg,,
Neil,,Gilmartin,,,,,,,,BellSouth,Senior Member of Technical Staff - Science & Technology,,,,,Imported 8/1/13 ::: Imported on 4/29 ::: * myContacts,* Other,Neil.Gilmartin@BellSouth.com,Other,ngilmartin@imcingular.com,,,,,,,Mobile,+1 (404) 330-0370,Work,+1 (404) 986-9823,,,,,,,,,,,,,,,,,,,,,,,,,,,,,,,,,,,,,,,,,,,,,,,,,
Nelson,,Bright,,,,,,,,Press-sense,,,,,,Imported 8/1/13 ::: Imported on 4/29 ::: * myContacts,* Other,nbright@rochester.rr.com,Other,nbright2156@gmail.com,,,,,,,Mobile,+972 (54) 7719138,Work,+1 (585) 2261630,Other,+1 (585) 755-3483 ::: nelson.bright,,,,,,,Work,"2156 Finley Road
Walworth, NY 14568
United States of America",2156 Finley Road,Walworth,,NY,14568,United States of America,,,,,,,,,,,,,,,,,,,,,,,,Sync.ME profile,http://sync.me/profile/rmH13PuJqQT4mouFTGZ3rOR6ZHlVq4btRvLMzU9Hvq-Lyaic41anoALC14emMmXZ,,,,,Photo,https://lh3.googleusercontent.com/-zlUkP8FI6DY/V4y1dYoF9eI/AAAAAAAAAAA/dNvT48jrLAE7g4MRC-ah_6YtOFnypyltgCOQCEAE/photo.jpg,,
Neta,,Frezer,,,,,,,,,,,,Exchange E-mail Address: /o=BetterPlace/ou=Exchange Administrative Group (FYDIBOHF23SPDLT)/cn=Recipients/cn=netaf,,* myContacts,* Other,Neta.Frezer@betterplace.com,,,,,,,,,,,,,,,,,,,,,,,,,,,,,,,,,,,,,,,,,,,,,,,,,,,,,,,,,,,,,
Neta,,Rozilio,,,,,,,,,,,,Exchange E-mail Address: /o=BetterPlace/ou=Exchange Administrative Group (FYDIBOHF23SPDLT)/cn=Recipients/cn=netar,,* myContacts,* Other,Neta.Rozilio@betterplace.com,,,,,,,,,Mobile,054-8395584,,,,,,,,,,,,,,,,,,,,,,,,,,,,,,,,,,,,,,Manager,Yariv Tal,,,,,,,,,,,,
Nikole,,Reed,,,,,,,,,,,,"Group: US - Office Manager
US Mobile: 1.408.6740357",https://lh3.googleusercontent.com/contacts/AG6tpzH8o59RFsDM6yjo_ubp8QonmSH5js5iw0Q8D_aTMgZxP8c_CeDA,Imported 8/1/13 ::: Imported 3/19/12 ::: Imported on 4/29 ::: * myContacts,* Work,nikole@google.com,,nikole@waze.com,,,,,,,Home,+1.408.6740357,,,,,,,,,,,,,,,,,,,,,,,,,,,,,,,,,,,,,,,,,,Profile,http://www.google.com/profiles/106415773505179375869,,,,,,,,
Nilli,,Even-Chen,,,,,,,,The Movement For Quality Government In Israel,VP Research And Economic Analytics,,,,,Imported on 4/29 ::: * myContacts,* Home,nilli@mqg.org.il,,,,,,,,,Other,+972524796080,,,,,,,,,,,,,,,,,,,,,,,,,,,,,,,,,,,,,,,,,,,,,,,,,,,
,,Nimrod Mandel,,,,,,,,,,,,,https://lh3.googleusercontent.com/contacts/AG6tpzHuFj5xaY8PpbGG5MOh1rsujQKat-VjKmc1828sub9Gj3YQkxpm,Imported 8/1/13 ::: Imported on 4/29 ::: * myContacts,* Other,nimrodmandel@hotmail.com,,,,,,,,,Mobile,+972 54 448 5804,,,,,,,,,,,,,,,,,,,,,,,,,,,,,,,,,,,,,,,,,,,,,,,,,,,
Nina Villa,,,,,,,,,,,,,,,,* myContacts,,,,,,,,,,,Other,01433613922205,,,,,,,,,,,,,,,,,,,,,,,,,,,,,,,,,,,,,,,,,,,,,,,,,,,
Nir,,Abrahamsohn,,,,,,,,,,,,,,* myContacts,,,,,,,,,,,Mobile,+972559459677,,,,,,,,,,,,,,,,,,,,,,,,,,,,,,,,,,,,,,,,,,,,,,,,,,,
Nir,,Atias,,,,,,,,Tel Aviv University,Ph.D. Research Student in Computer Science,,,,,Imported 8/1/13 ::: Imported on 4/29 ::: * myContacts,* Other,/o=Press-Sense/ou=First Administrative Group/cn=Recipients/cn=Nir,Work,atiasnir@google.com,Other,rinatias@gmail.com,,,,,Mobile,+972 50-9943331,Work,+972 (4) 6260318 x 108,Home,+972 (4) 637 7347,Other,+972 (50) 7644003,,,,,,,,,,,,,,,,,,,,,,,,,,,,,,,,,,,,Other,fb://profile/525367751,,,,,,,,
Nir,,Badt,,,,,,,,,,,,Exchange E-mail Address: /o=BetterPlace/ou=Exchange Administrative Group (FYDIBOHF23SPDLT)/cn=Recipients/cn=nirb,,* myContacts,* Other,Nir.Badt@betterplace.com,,,,,,,,,,,,,,,,,,,,,,,,,,,,,,,,,,,,,,,,,,,,,,,,Manager,Emek Sadot,,,,,,,,,,,,
Nir,,Biton Wellana Digital,,,,,,,,,,,,,,* myContacts,,,,,,,,,,,Mobile,+972502238233,,,,,,,,,,,,,,,,,,,,,,,,,,,,,,,,,,,,,,,,,,,,,,,,,,,
Nir,,Chen,,,,,,,,,,,,"Group: Map Team
Israeli Mobile: 972.52.4856118
Mobile: +972.52.4856118",,Imported 8/1/13 ::: Imported 3/19/12 ::: Imported on 4/29 ::: * myContacts,* ,nirc@wazearchive.goog,Home,nirc@google.com,Other,chen.niro@gmail.com,,info@ridewith.com,Obsolete,nirc@waze.com,Mobile,+972 52-485-6118,,,,,,,,,,,,,,,,,,,,,,,,,,,,,,,,,,,,,,,,,,Profile,http://www.google.com/profiles/107854559736023693083,,,,,,,,
Nir,,Doron,,,,,,,,Amdocs,"Director, Product Development",CRA,,"ndoron@013.net.il

Group: R&D
Israeli Mobile: 972.54.5316971
Mobile: +972.54.5316971",https://lh3.googleusercontent.com/contacts/AG6tpzHnOJCpEkxd8KCAdue-zsLz4EVMb-whbAk5sn36vsMHFNA3XwCx,Imported 8/1/13 ::: Imported 3/19/12 ::: Imported on 4/29 ::: Server Developers ::: * myContacts,* Other,doron.nir@gmail.com,Work,nird@google.com,Obsolete,nird@waze.com,Other,nird@wazearchive.goog ::: nir_doron@yahoo.com,,,Home,+972 (3) 6130857,Mobile,+972 (54) 5316971,Other,60939 / 60198 ::: 2-979-60678,,,,,,,,,,,,,,,,,,,,,,,,,,,,,,,,,,Manager,Nick East,,,Other,fb://profile/519913343,Profile,http://www.google.com/profiles/109820608282265495863,,,,,,
Nir,,Erez,,,,,,,,,,,,,,Imported on 4/29 ::: * myContacts,* ,nirerez@waze.com,Work,nirerez@google.com,,,,,,,Mobile,+972 52-849-9901,,,,,,,,,,,,,,,,,,,,,,,,,,,,,,,,,,,,,,,,,,,,,,,,,,,
Nir,,Gallner,,,,,,,,Qualitest,Business Manager,,,,https://lh3.googleusercontent.com/contacts/AG6tpzHdNS0hnw4cHW_ig2c2HTfugQAQfkcBOfNIudseMi3G_qjLi5hd,Imported 8/1/13 ::: Imported on 4/29 ::: * myContacts,* Other,nirg@qualitest.co.il,,,,,,,,,Mobile,+972 54-7769010,Work,+972 4-8581877,Radio,nir.gallner,Work Fax,+972 3-7371305,,,,,,,,,,,,,,,,,,,,,,,,,,,,,,,,,,,,Other,http://www.qualitest.co.il,Profile,http://www.google.com/profiles/116594276370786572057,,,,,,
Nir,,Gotliv,,,,,,,,Tali Ra'anana,Basketball,"תל""י",,,,* myContacts,* Home,etis34@walla.com,,,,,,,,,Mobile,+972 52-296-6084,,,,,,,,,,,,,,,,,,,,,,,,,,,,,,,,,,,,,,,,,,,,,,,,,,,
Nir,,Hoff,,,,,,,,HP,,,,,,Imported 8/1/13 ::: Imported on 4/29 ::: * myContacts,* Other,nir.hoff@hp.com,,,,,,,,,,,,,,,,,,,,,,,,,,,,,,,,,,,,,,,,,,,,,,,,,,,,,,,,,,,,,
Nir,,Margalit,,,,,,,,,,,,,,Imported on 4/29 ::: * myContacts,* ,nirm@waze.com,Work,nirm@google.com,,,,,,,Mobile,+972  544522640,,,,,,,,,,,,,,,,,,,,,,,,,,,,,,,,,,,,,,,,,,,,,,,,,,,
Nir,,Pachter,,,,,,,,TopCo,Information System Architect,R&D Team: PDEF,,Exchange E-mail Address: /o=BetterPlace/ou=Exchange Administrative Group (FYDIBOHF23SPDLT)/cn=Recipients/cn=nirpa,https://lh3.googleusercontent.com/contacts/AG6tpzHj54Z4Zo2wQTzuV8chrj8Iw8WFZLVVN3RPhqVaMGSflIwQb3Am,* myContacts,* Other,Nir.Pachter@betterplace.com,,,,,,,,,Mobile,972 54 227 7545,Work,972 73 7902162,,,,,,,,,,,,,,,,,,,,,,,,,,,,,,,,,,,,Manager,Aharon Avitzur,,,,,,,,,,,,
Nir,,Pariente,,,,,,,,,,,,Exchange E-mail Address: /o=BetterPlace/ou=Exchange Administrative Group (FYDIBOHF23SPDLT)/cn=Recipients/cn=nirp,,* myContacts,* Other,Nir.Pariente@betterplace.com,,,,,,,,,Mobile,972 52 977 0852,Work,972 52 666 5497,,,,,,,,,,,,,,,,,,,,,,,,,,,,,,,,,,,,Manager,Eli Vahabi,,,,,,,,,,,,
Nir,,Radzi,,,,,,,,wednesdaynightsoccer,,,,,,Imported 8/1/13 ::: wednesdaynightsoccer ::: Imported on 4/29 ::: * myContacts,* Other,nir@c-soft.co.il,,,,,,,,,Mobile,054-8020282,,,,,,,,,,,,,,,,,,,,,,,,,,,,,,,,,,,,,,,,,,,,,,,,,,,
Nir,,Rotshtein,,,,,,,,Expeed,,,,,https://lh3.googleusercontent.com/contacts/AG6tpzEQVyiJTd76fpQZZgITnv34bgLqx-tdhwO10K2vMGdx4g7ID8yO,Imported 8/1/13 ::: Imported on 4/29 ::: * myContacts,* Other,nir.rotshtein@gmail.com,Other,nirr@expeed.co.il,,,,,,,Mobile,+972 (52) 8085068,,,,,,,,,,,,,,,,,,,,,,,,,,,,,,,,,,,,,,,,,,Profile,http://www.google.com/profiles/106589106938180268637,,,,,,,,
Nir,,Serok,,,,,,,,wednesdaynightsoccer,,,,,,Imported 8/1/13 ::: wednesdaynightsoccer ::: Imported on 4/29 ::: * myContacts,* Other,nirserok@gmail.com,Other,nirserok@post.tau.ac.il,,,,,,,,,,,,,,,,,,,,,,,,,,,,,,,,,,,,,,,,,,,,,,,,,,,,,,,,,,,
Nir,,Shemy,,,,,,,,,,,,"Group: R&D 
Israeli Mobile: 972.52.3243732
Mobile: +972.52.3243732",https://lh3.googleusercontent.com/contacts/AG6tpzFb5WbsNd_3lwDzso-ItVPMcePLGl1fBSxdydFPzK0BELZXsTNY,Imported 8/1/13 ::: Waze ::: Imported 3/19/12 ::: Imported on 4/29 ::: Server Developers ::: * myContacts,* Work,nir@waze.com,Obsolete,nir@waze.com,Work,nirsh@google.com,Other,nir@linqmap.com,,nir@wazearchive.goog,Home,+972-3-5470782,Mobile,+972-52-3243732,,,,,,,,,Home,השרון 13 רמת השרון,13 השרון,רמת השרון,,,,,,,,,,,,,,,,,,,,,,,,,,,,Profile,http://www.google.com/profiles/115322116068483153700,,,,,,,,
Nir,,Tarcic,,,,,,,,,,,,,,Imported 8/1/13 ::: Imported on 4/29 ::: * myContacts,* Other,nirt@wazearchive.goog,Other,nirta@waze.com,Obsolete,nirt@waze.com,Work,nirta@google.com,email,nirtar@gmail.com,Mobile,+12067857675 ::: +12067513560,,,,,,,,,,,,,,,,,,,,,,,,,,,,,,,,,,,,,,,,,,Profile,http://www.google.com/profiles/102097950131097522304,,,,,,,,
Nir,,Tober,,,,,,,,,,,,,,Imported 8/1/13 ::: Imported on 4/29 ::: * myContacts,* ,nirto@wazearchive.goog,Work,nirtober@google.com,Obsolete,nirto@waze.com,Home,nirtober@gmail.com,,,,,,,,,,,,,,,,,,,,,,,,,,,,,,,,,,,,,,,,,,,,,,,,,,,,Photo,https://www.google.com/s2/photos/private/AIbEiAIAAAAhCKP_6_LYlPDnERC2lcHUueqK4noY9r2H9JnJt8SPATABMb58i6IhO9hQo0gKzG1rYxdYcgE,,
Nir,,Zilkha,,,,,,,,,,,,hishtalmut,https://lh3.googleusercontent.com/contacts/AG6tpzEc4mm9XjqWwfuq1S5bSuy_3O6GO_bqT4w6R1-wt-exIgklozT9,Imported 8/1/13 ::: Imported on 4/29 ::: * myContacts,* Other,NirZ@Tmu.co.il,,,,,,,,,Mobile,+972 (54) 5602711,Work,+972 (3) 9292929,,,,,,,,,,,,,,,,,,,,,,,,,,,,,,,,,,,,,,,,,,,,,,,,,
Nisiel,,Cohen,,,,,,,,,,,,,,Imported on 4/29 ::: * myContacts,,,,,,,,,,,Mobile,+972 50-769-3349,,,,,,,,,,,,,,,,,,,,,,,,,,,,,,,,,,,,,,,,,,,,,,,,,,,
Nissim,,Madmon,,,,,,,,TopCo,System Architect,R&D,,Exchange E-mail Address: /o=BetterPlace/ou=Exchange Administrative Group (FYDIBOHF23SPDLT)/cn=Recipients/cn=nissimm,,* myContacts,* Other,Nissim.Madmon@betterplace.com,,,,,,,,,Pager,Skype: nissim.madmon,Mobile,972 54 477 8545,Work,972 73 790 2154,,,,,,,,,,,,,,,,,,,,,,,,,,,,,,,,,,Manager,Barak Hershkovitz,,,,,,,,,,,,
Nitzan,Ben,Zvi,,,,,,,,Softable,,,,,,Imported 8/1/13 ::: Imported on 4/29 ::: * myContacts,* Other,nitzan@softable.co.il,,,,,,,,,Mobile,+972 54 6629929,Work,+972 4 6308233,,,,,,,,,,,,,,,,,,,,,,,,,,,,,,,,,,,,,,,,,,,,,,,,,
Niv,,Reiss,,,,,,,,,,,,,https://lh3.googleusercontent.com/contacts/AG6tpzFniCYKSf-izE_ZAWbEKvisd9M4Ii_uVQc-qZ-RADM_hvT5pHxp,Imported 8/1/13 ::: Imported on 4/29 ::: * myContacts,* Home,Nivreiss@gmail.com,,,,,,,,,Mobile,0547553545,,,,,,,,,,,,,,,,,,,,,,,,,,,,,,,,,,,,,,,,,,,,,,,,,,,
,,Nnn,,,,,,,,,,,,,,* myContacts,,,,,,,,,,,Mobile,+972 77-614-7411,,,,,,,,,,,,,,,,,,,,,,,,,,,,,,,,,,,,,,,,,,,,,,,,,,,
Noa,,Amihai,,,,,,,,TopCo,OBS QA Manager,R&D Team: OBS,,Exchange E-mail Address: /o=BetterPlace/ou=Exchange Administrative Group (FYDIBOHF23SPDLT)/cn=Recipients/cn=noaa,https://lh3.googleusercontent.com/contacts/AG6tpzFG7WpDeexT6ve8Y4eAl3RafzsGPzTNwkrGnvmBvmvaHbVM0ftn,* myContacts,* Other,Noa.Amihai@betterplace.com,,,,,,,,,Mobile,972 54 633 7280,Work,972 73 7902597,,,,,,,,,,,,,,,,,,,,,,,,,,,,,,,,,,,,Manager,Ilana dankovich,,,,,,,,,,,,
Noa,,Azaria,,,,,,,,Mivtach-Simon,,,,,https://lh3.googleusercontent.com/contacts/AG6tpzHjpG-6Kp6hPdg8WwPLlfHUKCTVSnMGkIWYLWUTxtEuujhQc4DK,Imported 8/1/13 ::: Imported on 4/29 ::: * myContacts,* Other,iNoaP@mvs.co.il,,,,,,,,,Mobile,+972 (52) 3335682,Work,+972 (3) 7966639,,,,,,,,,,,,,,,,,,,,,,,,,,,,,,,,,,,,,,,,,,,,,,,,,
Noa,,Coast,,,,,,,,,,,,,,Imported 8/1/13 ::: Imported on 4/29 ::: * myContacts,* Other,l@inter.net.il,,,,,,,,,,,,,,,,,,,,,,,,,,,,,,,,,,,,,,,,,,,,,,,,,,,,,,,,,,,,,
Noa,,Dotan,,,,,,,,OpCo,Acquisition Coordinator,Infrastructure Team: Acquisition,,Exchange E-mail Address: /o=BetterPlace/ou=Exchange Administrative Group (FYDIBOHF23SPDLT)/cn=Recipients/cn=noad,https://lh3.googleusercontent.com/contacts/AG6tpzHPXoFCqCcBFwNgOSenZwRuh96KE7SbWnSv1KVwWRFyPdFCPxYP,* myContacts,* Other,Noa.Dotan@betterplace.com,,,,,,,,,Mobile,972 52 367 7622,Work,972 73 790 2261,,,,,,,,,,,,,,,,,,,,,,,,,,,,,,,,,,,,Manager,Hanan Schlesinger,,,,,,,,,,,,
Noa,,Meidav,,,,,,Noa,,,,,,,,Imported 8/1/13 ::: Imported on 4/29 ::: * myContacts,* Home,noameidav@gmail.com,Home,NoaM@herzliya.muni.il,,,,,,,Mobile,+972 52-2598057,,,,,,,,,,,,,,,,,,,,,,,,,,,,,,,,,,,,,,,,,,,,,,,,,,,
Noam,,,,,,,,,,מרצ ,,,,,,* myContacts,,,,,,,,,,,Mobile,+972 52-655-4904,,,,,,,,,,,,,,,,,,,,,,,,,,,,,,,,,,,,,,,,,,,,,,,,,,,
Noam,,Bardin,,,,,,,,,,,,"Group: CEO
Israeli Mobile: 972.54.4636406
US Mobile: 1.415.2168719
Mobile: +972.54.4636406",https://lh3.googleusercontent.com/contacts/AG6tpzGFrbA3rcgEqGdi5XNJWjV0_5Jlq4saLi49cNZGc-iQON6Zm0yR,Imported 8/1/13 ::: Waze ::: Imported 3/19/12 ::: Imported on 4/29 ::: * myContacts,* Other,noam@waze.com,Other,noam@linqmap.com ::: noambardin@gmail.com,Work,nbardin@google.com,,,,,Mobile,+972-54-4636406,Other,+1 415 216 8719,,,,,,,,,,,,,,,,,,,,,,,,,,,,,,,,,,,,,,,,Profile,http://www.google.com/profiles/112676159883092859578 ::: http://www.google.com/profiles/100181489874219002401 ::: http://www.google.com/profiles/100181489874219002401,,,,,,,,
Noam,,Pail,,,,,,,,,,,,,https://lh3.googleusercontent.com/contacts/AG6tpzH6k11tEm2Ci21OPkS5O_kwveZWujWxwEgQB5iOp70qqcxfJx2o,Imported 8/1/13 ::: Imported on 4/29 ::: * myContacts,* Other,noam@aliroo.com,Other,noampail@hotmail.com,,,,,,,Home,+972 (9) 7415785,Mobile,+972 (54) 4810996,Work,+972 (9) 7677732,,,,,,,,,,,,,,,,,,,,,,,,,,,,,,,,,,,,,,,,,,,,,,,
Noam,,Pilossof,,,,,,,,תמורה,,,,,,Imported on 4/29 ::: * myContacts,* ,noamp@tmu.co.il,,,,,,,,,Other,0547004199,,,,,,,,,,,,,,,,,,,,,,,,,,,,,,,,,,,,,,,,,,,,,,,,,,,
Noam,,Reshef,,,,,,,,Shop Your Way,,,1972-03-26,,,Imported on 4/29 ::: * myContacts,* Other,noamres@gmail.com,Work,noamr@google.com,,,,,,,,,,,,,,,,,,,,,,,,,,,,,,,,,,,,,,,,,,,,,,,,,,Profile,http://www.google.com/profiles/107791170600082999325,Other,http://noamres.wordpress.com/,,,Photo,https://lh3.googleusercontent.com/-cNq9bQfnEH0/WceTQ_Pcf8I/AAAAAAAAAAA/GJZulXUJ3UohQeT0r19IvfbVtPPxSAg1ACOQCEAE/photo.jpg,,
Noam,,Tasini,,,,,,,,OpCo,Switchers (Sales Rep for Visitors Center),Sales Team: Visitors Center,,Exchange E-mail Address: /o=BetterPlace/ou=Exchange Administrative Group (FYDIBOHF23SPDLT)/cn=Recipients/cn=noamt,,* myContacts,* Other,Noam.Tasini@betterplace.com,,,,,,,,,Mobile,972 54 925 6583,Work,972 73 777 7222,,,,,,,,,,,,,,,,,,,,,,,,,,,,,,,,,,,,Manager,Maya Cohen Lubitch,,,,,,,,,,,,
Noga,,Bashan,,,,,,Noga,,,,,,<sn>id:1832211713/friendof:809988573</sn>,https://lh3.googleusercontent.com/contacts/AG6tpzHpx_m8A8H-EI4Gkeh30UILoAFwJRhJKJmHXckwIZpGtSAkNdEX,Imported 8/1/13 ::: Imported on 4/29 ::: * myContacts ::: * starred,* Other,noga.bashan@gmail.com,Other,nogabashan@yahoo.com,,,,,,,Mobile,+972 (54) 2314199,,,,,,,,,,,Home,"54/7 הביכורים
חיפה
Israel",54/7 הביכורים,חיפה,,,,Israel,,,,,,,,,,,,,,,,,,,,,,,,Other,fb://profile/1832211713,Profile,http://www.google.com/profiles/117250785786952800930,,,,,,
Noga,,Kaspi,,,,,,,,,,,,Exchange E-mail Address: /o=BetterPlace/ou=Exchange Administrative Group (FYDIBOHF23SPDLT)/cn=Recipients/cn=nogak,https://lh3.googleusercontent.com/contacts/AG6tpzGeET08zSIuPP3gUVUP1VOxuUih3BpZ6Hr7-eWZ7mSTiTHw8qKo,* myContacts,* Other,Noga.Kaspi@betterplace.com,,,,,,,,,Mobile,972 54 4774223,Work,973 7902704,,,,,,,,,,,,,,,,,,,,,,,,,,,,,,,,,,,,Manager,Stephane Roubach,,,,,,,,,,,,
Noga,,Uchovsky,,,,,,,,,,,,,,* myContacts,,,,,,,,,,,Mobile,+972527772447,,,,,,,,,,,,,,,,,,,,,,,,,,,,,,,,,,,,,,,,,,,,,,,,,,,
Norman,,Tutnauer,,,,,,,,,,,,,,Imported 8/1/13 ::: Imported on 4/29 ::: * myContacts,* Other,ntut17@gmail.com,,,,,,,,,,,,,,,,,,,,,,,,,,,,,,,,,,,,,,,,,,,,,,,,,,,,,,,,,,,,,
Nufar,,Alperin,,,,,,,,,,,,Exchange E-mail Address: /o=BetterPlace/ou=Exchange Administrative Group (FYDIBOHF23SPDLT)/cn=Recipients/cn=nufara,https://lh3.googleusercontent.com/contacts/AG6tpzGFHg6rsiR-LPW0frajhH-JHkdSkjguk7crF2OSABu1UfvDXfBr,* myContacts,* Other,Nufar.Alperin@betterplace.com,,,,,,,,,Mobile,972 54 8300690,Work,972 73 790 2546,,,,,,,,,,,,,,,,,,,,,,,,,,,,,,,,,,,,,,,,,,,,,,,,,
Nurit,,Eilat,,,,,,,,,,,,,,Imported 8/1/13 ::: Imported on 4/29 ::: * myContacts,* Other,nurit@tti-telecom.com,,,,,,,,,,,,,,,,,,,,,,,,,,,,,,,,,,,,,,,,,,,,,,,,,,,,,,,,,,,,,
Nurit,,Mordechai,,,,,,,,OpCo,Knowledge Manager,Customeer Services,,Exchange E-mail Address: /o=BetterPlace/ou=Exchange Administrative Group (FYDIBOHF23SPDLT)/cn=Recipients/cn=nuritsm,https://lh3.googleusercontent.com/contacts/AG6tpzGaV_4vFl-ABvtMxOKNRfnfghw4o3ELBheFfggb7Tyt0531opOy,* myContacts,* Other,Nurit.Mordechai@betterplace.com,,,,,,,,,Mobile,972 54 830 0717,Work,972 73 790 2595,,,,,,,,,,,,,,,,,,,,,,,,,,,,,,,,,,,,Manager,Einat Rom,,,,,,,,,,,,
Oded,,Fridman,,,,,,,,TELCOCELL,System Analyst,,2006-08-17,,,Imported 8/1/13 ::: Imported on 4/29 ::: * myContacts,* Other,odedf@tti-telecom.com,Other,oded.fridman@gmail.com ::: fridman.oded@gmail.com,,,,,,,Work Fax,770 206 4701,Mobile,770 363 4553,Work,770 206 4623,Home,678 585 9011,Home Fax,801 469 6252,Other,oded2147,Home,"4960 Secluded Pines Dr
Marietta
GA
30068
United States of America",4960 Secluded Pines Dr,Marietta,,GA,30068,United States of America,,Work,"Suite E400
1117 Perimeter Center West
Atlanta
GA
30338
United States of America","Suite E400
1117 Perimeter Center West",Atlanta,,GA,30338,United States of America,,,,,,,,,,,Manager,Sagive Greenspan,,,Sync.ME profile,http://sync.me/profile/Y_Wna8BCqYdhpuzMqMNAClSLO3IzbXY7pUAz6OcjY6bnCOqhmvPYz16whfNMQSkASKSfQ1Et6UjhakrFNilKaNs,Other,fb://profile/653199022 ::: http://www.tti-telecom.com,,,Photo,https://lh5.googleusercontent.com/-NWuJZhedOC8/V4y6fQLjwdI/AAAAAAAAAAA/wyzJrtEyc8QuyPuzm6GvBjI-oW2DMl7XgCOQCEAE/photo.jpg,,
Oded,,Fridman,,,,,,,,TTI-Telecom,Implementation Team Leader,,2006-08-17,,https://lh3.googleusercontent.com/contacts/AG6tpzG-3PcwFSvKFmGvvOUhtqagUhS1xF5gxmjZ3onc1divecXaZkoP,* myContacts,* Other,fridman.oded@gmail.com,Other,odedf@tti-telecom.com ::: oded.fridman@gmail.com,,,,,,,Home,678 585 9011,Home Fax,801 469 6252,Mobile,770 363 4553,Work,770 206 4623,Radio,oded2147,Work Fax,770 206 4701,Home,"4960 Secluded Pines Dr
Marietta
GA
30068
United States of America",4960 Secluded Pines Dr,Marietta,,GA,30068,United States of America,,Work,"Suite E400
1117 Perimeter Center West
Atlanta
GA
30338
United States of America","Suite E400
1117 Perimeter Center West",Atlanta,,GA,30338,United States of America,,,,,,,,,,,Manager,Sagive Greenspan,,,Other,fb://profile/653199022 ::: http://www.tti-telecom.com,,,,,,,,
Oded,,Meir,,,,,,,,Trombone,,,,,https://lh3.googleusercontent.com/contacts/AG6tpzE8a9riNzkLH7lwsqrjLPmcj_QN5t96ObEX9GDNys3L-FywYaPo,Imported 8/1/13 ::: Imported on 4/29 ::: * myContacts,* Home,meiroded@gmail.com,,,,,,,,,Mobile,0526899189,,,,,,,,,,,,,,,,,,,,,,,,,,,,,,,,,,,,,,,,,,Profile,http://www.google.com/profiles/110986747019421417669,,,,,,,,
Oded,,Sagir,,,,,,,,,,,,"Group: R&D 
Israeli Mobile: 972.54.4563301
Mobile: +972.54.4563301",,Imported 8/1/13 ::: Imported 3/19/12 ::: Imported on 4/29 ::: * myContacts,* Home,odedsagir@gmail.com,,oded@waze.com,,,,,,,,,,,,,,,,,,,,,,,,,,,,,,,,,,,,,,,,,,,,,,,,,,,,,,,,,,,
Odeliya,,Wolf,,,,,,,,,,,,,,Imported 8/1/13 ::: Waze ::: Imported on 4/29 ::: * myContacts,,,,,,,,,,,Mobile,+972-54-4955802,Home,+972-9-7687765,,,,,,,,,Home,המפלס 10/32 כפר סבא,10/32 המפלס,כפר סבא,,,,,,,,,,,,,,,,,,,,,,,,,,,,,,,,,,,,,
Ofer,,Avitzur,,,,,,,,TopCo,Firmware software team leader,R&D,,Exchange E-mail Address: /o=BetterPlace/ou=Exchange Administrative Group (FYDIBOHF23SPDLT)/cn=Recipients/cn=OferA,https://lh3.googleusercontent.com/contacts/AG6tpzEp2GJ40yH8w9EHulg-CLJgahicR6MnnWPw8mAD7OrT4IlNGsVk,* myContacts,* Other,Ofer.Avitzur@betterplace.com,,,,,,,,,Pager,skype:,Mobile,972 54 429 1198,Work,972 73 790 2156,,,,,,,,,,,,,,,,,,,,,,,,,,,,,,,,,,Manager,Shahaf Kieselstein,,,,,,,,,,,,
Ofer,,Bar,,,,,,,,Expeed,CEO,,,,https://lh3.googleusercontent.com/contacts/AG6tpzHUIjwMcSP269eWPgHzxoKen1uU8y7QXFbaleL2h2tbreuS-v3b,Imported 8/1/13 ::: Imported on 4/29 ::: * myContacts,* Other,oferb@expeed.co.il,,,,,,,,,Mobile,+972 (52) 8085048,Work,+972 (3) 5744288,Radio,oferbar007,,,,,,,,,,,,,,,,,,,,,,,,,,,,,,,,,,,,,,Home Page,http:// www.expeed.net,,,,,,,,
Ofer,,Brandes,,,,,,,,,,,,,https://lh3.googleusercontent.com/contacts/AG6tpzEMf1jpbfchTXiYvK50HItt9Dwm8YVOBanmrtp9GHrTBZ5utuc4,Imported 8/1/13 ::: Imported on 4/29 ::: * myContacts,* ,ofer.brandes@gmail.com,,,,,,,,,Mobile,972 54 6358385,,,,,,,,,,,,,,,,,,,,,,,,,,,,,,,,,,,,,,,,,,Sync.ME profile,http://sync.me/profile/5gou72QmqKrzom8TUF06NFU1ip7atMGY_gpVERIT,,,,,,,,
Ofer,,Eisenstein,,,,,,,,,,,,Exchange E-mail Address: /o=BetterPlace/ou=Exchange Administrative Group (FYDIBOHF23SPDLT)/cn=Recipients/cn=Ofere,https://lh3.googleusercontent.com/contacts/AG6tpzF4hB2W6lCAdMxTaqmtWJn9r-6v0iMHx1ntTw42fF6llrBdx9l2,* myContacts,* Other,Ofer.Eisenstein@betterplace.com,,,,,,,,,Mobile,972 54 839 5496,Work,972 3 916 5496,,,,,,,,,,,,,,,,,,,,,,,,,,,,,,,,,,,,,,,,,,,,,,,,,
Ofer,,Finkelstein,,,,,,,,Telco Systems,Director of Marketing & Business Development,,2006-03-28,LinkedIn Profile: https://www.linkedin.com/profile?viewProfile=&key=1564728,,Imported 8/1/13 ::: Imported on 4/29 ::: * myContacts,* Other,oferf@batm.co.il,Other,ofer_fi@inter.net.il ::: oferf@telco.com,,,,,,,Work Fax,+972 (0) 9-8662500,Mobile,+972 522-596059,Work,+972 (0) 9-8662530,Other,ofer_finkelstein,,,,,Work,"Kfar Neter
Israel",,Kfar Neter,,,,Israel,,,,,,,,,,,,,,,,,,,,,,,,Sync.ME profile,http://sync.me/profile/G7PEoyhszmiMiKOTrqbTVG55OXtQMOEfaQs8DS3QGJv64BxPtfCg_r1bxqp-,Other,http://www.telco.com,Profile,http://www.google.com/profiles/111977163545468597962,,,,
Ofer,,Geron,,,,,,,,Ostrovsky,Noga's Mentor,,,,,Imported on 4/29 ::: * myContacts,* Work,ofer.geron@gmail.com,,,,,,,,,Mobile,052-3436095,,,,,,,,,,,,,,,,,,,,,,,,,,,,,,,,,,,,,,,,,,,,,,,,,,,
Ofer,,Goren,,,,,,,,Radvision,Project Manager,,2006-06-08,,https://lh3.googleusercontent.com/contacts/AG6tpzHNJ7G-OJJ3WAMD89mYQiPanPlyP6CFlsvm4vvbR48mDJRDJ2dz,Imported 8/1/13 ::: Imported on 4/29 ::: * myContacts,* Other,OferG@radvision.com,Other,ofer_gr@yahoo.com,,,,,,,Work,+972 3-7679658,Radio,ogoren,,,,,,,,,Work,"24 Raul Walenger St.
Ramat Hachayal,
Tel-Aviv
United States of America",24 Raul Walenger St,Tel-Aviv,,,,United States of America,Ramat Hachayal,Home,"Ramat HaSharon, Tel Aviv
Israel",,Ramat HaSharon,,Tel Aviv,,Israel,,,,,,,,,,,,,,,Other,fb://profile/730487913 ::: http://twitter.com/#!/ogoren,,,,,,,,
Ofer,J,Cohen,,,,,,,,,,,,,https://lh3.googleusercontent.com/contacts/AG6tpzGNIX80j_ZMZjB9cv1cKC0HRUrhGe2EYzR--oWJ80SFvap3joMt,Imported 8/1/13 ::: Imported on 4/29 ::: * myContacts,* Other,ofer.jcohen@gmail.com,,,,,,,,,Home,+972 (77) -9330086,Mobile,+972 (54) -2689426,,,,,,,,,,,,,,,,,,,,,,,,,,,,,,,,,,,,,,,,,,,,,,,,,
Ofer,,Kalisky,,,,,,,,,,,,"Group: R&D
Israeli Mobile: 972.54.6516118
Mobile: +972.54.6516118",https://lh3.googleusercontent.com/contacts/AG6tpzG_tSC9W4QYB7v9JSIHWvMnhS4MnIABgzGPLkueXtSoiq0-yLZq,Imported 8/1/13 ::: Imported 3/19/12 ::: Imported on 4/29 ::: * myContacts,* Other,kalisky@gmail.com,Work,kalisky@google.com,,,,,,,Mobile,+972 54 651 6118,,,,,,,,,,,,,,,,,,,,,,,,,,,,,,,,,,,,,,,,,,Profile,http://www.google.com/profiles/101882833414106968538,,,,,,,,
Ofer,,Lev,,,,,,,,Digital Fuel,Director,,,<sn>id:593588484/friendof:809988573</sn>,https://lh3.googleusercontent.com/contacts/AG6tpzHXlqpaDJMkKFZ8Xrb5Onic33D5LNdFi2V8xiowiHs29WKRkvL9,Imported 8/1/13 ::: Imported on 4/29 ::: * myContacts,* Other,oferl@yahoo.com,,Levofer@gmail.com,,,,,,,Mobile,+972545925974,Radio,ofer.lev,,,,,,,,,,,,,,,,,,,,,,,,,,,,,,,,,,,,,,,,Other,fb://profile/593588484,Sync.ME profile,http://sync.me/profile/lc3HcmPcKwyZ-4Jau_KrqcUP7BFJ7hLkSl0yicDokQ7KME5fVPy0FdrXekV-HA8-tjFH,,,,,,
Ofer,,Levy,,,,,,,,,,,,,,Imported on 4/29 ::: * myContacts,* ,ofer_l@shikunbinui.com,,,,,,,,,Mobile,+972 52-839-8241,,,,,,,,,,,,,,,,,,,,,,,,,,,,,,,,,,,,,,,,,,,,,,,,,,,
Ofer,,Meiri,,,,,,,,,,,,,,Imported 8/1/13 ::: Imported on 4/29 ::: * myContacts,* Other,Ofer_Meiri@iamba.com,,,,,,,,,Home,+972 (3) 9042172,Mobile,+972 (50) 6544989,,,,,,,,,,,,,,,,,,,,,,,,,,,,,,,,,,,,,,,,,,,,,,,,,
Ofer,,Pinhasi,,,,,,,,,,,,<sn>id:639434480/friendof:809988573</sn>,,Imported 8/1/13 ::: Imported on 4/29 ::: * myContacts,* Other,ofer.pinhasi@gmail.com,Other,Ofer_Pinhasi@elgems.com,,,,,,,Home,+972 (4) 6021773,Mobile,+972 (54) 7299775,Work,+972 (4) 8563775,,,,,,,,,,,,,,,,,,,,,,,,,,,,,,,,,,,,,,Other,fb://profile/639434480,Sync.ME profile,http://sync.me/profile/Ore45yOz3-vzOoln9x8CyHFVewEKXAdXHiuY93qqPIYnMxvNnebE3gmGVfE,,,,,,
Ofer,,Reizman,,,,,,,,TEOCO,Sales Operation Manager,,2006-03-17,,,Imported 8/1/13 ::: Imported on 4/29 ::: * myContacts,* Other,ofer@imcingular.com,Other,oferr@tti-telecom.com,,,,,,,Work Fax,+1 (770) 206-4701,Mobile,+1 (770) 823-4492,Work,+1 (770) 206-4729,Home,+1 (770) 512-7748,,,,,Home,"6850 Peachtree Dunwoody Rd.
Apt#1110
Atlanta
GA
30328
United States of America",6850 Peachtree Dunwoody Rd. Apt#1110,Atlanta,,GA,30328,United States of America,,Work,"1000 Abernathy Rd.
Suite#1850
400 North Park
Atlanta, GA 30328
United States of America ::: 1000 Abernathy Rd.
Suite#1850
400 North Park
Atlanta
GA
30328
United States of America","Suite#1850
400 North Park
1000 Abernathy Rd ::: 1000 Abernathy Rd. Suite#1850 400",Atlanta ::: Atlanta, ::: ,GA ::: GA,30328 ::: 30328,United States of America ::: United States of America, ::: North Park,,,,,,,,,,,,,,Other,http://www.tti-telecom.com,,,,,Photo,https://lh6.googleusercontent.com/-2LU0fA1SN7E/V4ykcSBkxjI/AAAAAAAAAAA/7A0HGCJokHMZiWRuCS1jehaKu22RU3VdwCOQCEAE/photo.jpg,,
Ofer,,Shaked,,,,,,,,,,,,,,Imported 8/1/13 ::: Imported on 4/29 ::: * myContacts,* Other,me@ofershaked.com,,,,,,,,,,,,,,,,,,,,,,,,,,,,,,,,,,,,,,,,,,,,,,,,,,,,,fb://profile/635511112,,,,,,,,
Ofer,,Shezaf,,,,,,,,TopCo,Security and Privacy Product Definition,Product Management,,Exchange E-mail Address: /o=BetterPlace/ou=Exchange Administrative Group (FYDIBOHF23SPDLT)/cn=Recipients/cn=ofers,https://lh3.googleusercontent.com/contacts/AG6tpzFmhfKHlRjqiYFmoF3t4wjTG9PWHIhctA9ewKCTDBSvnDkdXax9,* myContacts,* Other,Ofer.Shezaf@betterplace.com,,,,,,,,,Pager,skype: oshezaf,Mobile,972 54 443 1119,Work,972 73 790 2188,,,,,,,,,,,,,,,,,,,,,,,,,,,,,,,,,,Manager,Barak Hershkovitz,,,,,,,,,,,,
Ofer,,SHOSHAN (One Hour Translation.com),,,,,,,,Qlusters,"Founder, President",,,,https://lh3.googleusercontent.com/contacts/AG6tpzGeq5Hwap6oJ66AfMtWBX-_E8r4dSjA3b6kfI2TWw5vjQS9uqV7,Imported 8/1/13 ::: Imported on 4/29 ::: * myContacts,* Other,ofer.shoshan@alumni.insead.edu,Other,ofer@qlusters.com ::: ofer@onehourtranslation.com,,,,,,,,,,,,,,,,,,,,,,,,,,,,,,,,,,,,,,,,,,,,,,,,,,,,,,,,,,,
Offer,,Hassidi,,,,,,,,Nice,,,,,https://lh3.googleusercontent.com/contacts/AG6tpzHslDHk60IIt2fvjMsT7qlLyCfxa80_btBwnck0tFlwDmUb1QcP,Imported 8/1/13 ::: Imported on 4/29 ::: * myContacts,* Other,offer@nice.com,,,,,,,,,Home,+972 (3) 7513848,Mobile,+972 (50) 7546666,Work,+972 (9) 7753741,Radio,offerhassidi,,,,,,,,,,,,,,,,,,,,,,,,,,,,,,,,,,,,,,,,,,,,,
Offir,,Gilad,,,,,,,,OpCo,Acquisition Representative,Infrastructure and SCM Team,,Exchange E-mail Address: /o=BetterPlace/ou=Exchange Administrative Group (FYDIBOHF23SPDLT)/cn=Recipients/cn=offirg,https://lh3.googleusercontent.com/contacts/AG6tpzFa98ly7rgeQ6Jg3X-FkduvRhIrfDUPnrOoyx65kS_dHzwrqYHz,* myContacts,* Other,Offir.Gilad@betterplace.com,,,,,,,,,Mobile,972 50 620 7000,Work,972 73 790 2243,,,,,,,,,,,,,,,,,,,,,,,,,,,,,,,,,,,,Manager,Hanan Schlesinger,,,,,,,,,,,,
Ofir,,Dvir,,,,,,,,,,,,Exchange E-mail Address: /o=BetterPlace/ou=Exchange Administrative Group (FYDIBOHF23SPDLT)/cn=Recipients/cn=ofird,,* myContacts,* Other,Ofir.Dvir@betterplace.com,,,,,,,,,Mobile,054-9716077,Work,972 73 790 2586,,,,,,,,,,,,,,,,,,,,,,,,,,,,,,,,,,,,Manager,Tal Agassi,,,,,,,,,,,,
Ofir,,Guetta,,,,,,,,,,,,Exchange E-mail Address: /o=BetterPlace/ou=Exchange Administrative Group (FYDIBOHF23SPDLT)/cn=Recipients/cn=sahard,https://lh3.googleusercontent.com/contacts/AG6tpzESmTiv26tq7Y1n9lLpFBG_xhi36GUwvPS4kH9Ad27v-AIOEEPt,* myContacts,* Other,Ofir.Guetta@betterplace.com,,,,,,,,,Mobile,972 54 323 3090,Work,972 73 790 2525,,,,,,,,,,,,,,,,,,,,,,,,,,,,,,,,,,,,Manager,Sharon Shachar,,,,,,,,,,,,
Ofir,,Navon,,,,,,,,"אוניברסיטת תל אביב לנוער היחידה לנוער שוחר מדע ע""ש דב לאוטמן בית הספר לחינוך, אוניברסיטת תל אביב",רכז מדעני וממציאי העתיד,,,,,Imported 8/1/13 ::: Imported on 4/29 ::: * myContacts,* Work,ofirnavo@tauex.tau.ac.il,,,,,,,,,Work,03-6408469,,,,,,,,,,,,,,,,,,,,,,,,,,,,,,,,,,,,,,,,,,,,,,,,,,,
Ofri,,Medioni,,,,,,,,TopCo,BSS QA Team Leader,R&D Team: QA,,Exchange E-mail Address: /o=BetterPlace/ou=Exchange Administrative Group (FYDIBOHF23SPDLT)/cn=Recipients/cn=ofrim,,* myContacts,* Other,Ofri.Medioni@betterplace.com,,,,,,,,,Mobile,972 54 548 2288,Work,972 73 790 2289,,,,,,,,,,,,,,,,,,,,,,,,,,,,,,,,,,,,Manager,Yoni Danieli,,,,,,,,,,,,
Ohad,,Kahana,,,,,,,,,,,,,https://lh3.googleusercontent.com/contacts/AG6tpzGlR4R0kUZGhFtweNs9pVnwmOhVjup8imn6FrhW9pJKrwBiTQi7,Imported 8/1/13 ::: Imported on 4/29 ::: * myContacts,* Other,OHADK@amdocs.com,Other,ohadka@gmail.com,,,,,,,Mobile,+972 (54) 4233730,Assistant,<UnKnown>,Work,+972 (9) 77 64895,,,,,,,,,,,,,,,,,,,,,,,,,,,,,,,,,,Manager,Asaf Jackoby,,,,,,,,,,,,
Ohad,,Ron,,,,,,,,,,,,,https://lh3.googleusercontent.com/contacts/AG6tpzHVDNqftquddrwocOWQME8pgwiTgdibf6O1AaipZzxRQn64dEDX,Imported 8/1/13 ::: Imported on 4/29 ::: * myContacts,* Other,ohad@waze.com,Other,ohadr@google.com,,ohdron@gmail.com,,,,,Mobile,+972 54-752-3255,,,,,,,,,,,,,,,,,,,,,,,,,,,,,,,,,,,,,,,,,,Profile,http://www.google.com/profiles/111883515060242199980,,,,,,,,
Ohad,,Stauber,,,,,,,,,,,,,,Imported on 4/29 ::: * myContacts,,,,,,,,,,,Mobile,+972 54-772-8093,,,,,,,,,,,,,,,,,,,,,,,,,,,,,,,,,,,,,,,,,,,,,,,,,,,
Oleg,,Ananiev,,,,,,,,Microsoft,Principal Architect,,,,https://lh3.googleusercontent.com/contacts/AG6tpzEyYUSDEgUHeT-HxcMI1DVKD8eSsSXzUy_ZLcMvuxyo7E5V2aEs,Imported 8/1/13 ::: Imported on 4/29 ::: * myContacts,* Other,oananiev@gmail.com,Other,olega@tti-telecom.com,,,,,,,Mobile,(054) 496-5021,Work,(04) 993-7331 ext. 103 ::: (03) 926-9700,Work Fax,(04) 993-5045,,,,,,,Work,"7 Martin Gehl St.
Petach-Tiqva 49512
Israel",7 Martin Gehl St,Petach-Tiqva,,,49512,Israel,,,,,,,,,,,,,,,,,,,,,,,,,,,,,,,,,
Oleg,,Nesterenko,,,,,,,,,,,,Exchange E-mail Address: /o=BetterPlace/ou=Exchange Administrative Group (FYDIBOHF23SPDLT)/cn=Recipients/cn=olegn,,* myContacts,* Other,Oleg.Nesterenko@betterplace.com,,,,,,,,,Mobile,528512372,,,,,,,,,,,,,,,,,,,,,,,,,,,,,,,,,,,,,,Manager,Sergey Gutnik,,,,,,,,,,,,
Oleg,,Shabes Sanhedrin Tama Lawyer,,,,,,,,Goldfarb Gross Seligman,,,,,,* myContacts,* email,office@goldfarb.com,,,,,,,,,Mobile,+972549007555,Home,+97237101647,,,,,,,,,,,,,,,,,,,,,,,,,,,,,,,,,,,,,,,,,,,,,,,,,
Oleg,,Sigalov,,,,,,,,TopCo,QA Tester,QA    Team: Autos,,Exchange E-mail Address: /o=BetterPlace/ou=Exchange Administrative Group (FYDIBOHF23SPDLT)/cn=Recipients/cn=olegs,https://lh3.googleusercontent.com/contacts/AG6tpzFmoAW76GPz4DkPWMiq8GiRA192M01P7kqbkLvhCkC40J5bCJzW,* myContacts,* Other,Oleg.Sigalov@betterplace.com,,,,,,,,,Mobile,972 54 586 5347,Work,972 73 7902575,,,,,,,,,,,,,,,,,,,,,,,,,,,,,,,,,,,,Manager,Barak Ben-Rachel,,,,,,,,,,,,
Olga (Ola),,Kalchev,,,,,,,,,,,,,,* myContacts,* ,Okalachova22@gmail.com,,,,,,,,,,+972 54-229-3667,,,,,,,,,,,,,,,,,,,,,,,,,,,,,,,,,,,,,,,,,,,,,,,,,,,
Olga,,Pokrovski,,,,,,,,TopCo,RT SW Engineer,R&D,,Exchange E-mail Address: /o=BetterPlace/ou=Exchange Administrative Group (FYDIBOHF23SPDLT)/cn=Recipients/cn=Olgap,https://lh3.googleusercontent.com/contacts/AG6tpzFoPZ__QI7AOV0ZFyJ7MLMu21CoK3nXTGPpXXS2n5Gb6c6LFF8C,* myContacts,* Other,Olga.Pokrovski@betterplace.com,,,,,,,,,Pager,skype: olga.pokrovski,Mobile,972 54 748 4033,Work,972 73 790 2178,,,,,,,,,,,,,,,,,,,,,,,,,,,,,,,,,,Manager,Ofer Avitzur,,,,,,,,,,,,
Omer,,Levinson,,,,,,,,,,,,,,* myContacts,,,,,,,,,,,Mobile,+9720505402572,,,,,,,,,,,,,,,,,,,,,,,,,,,,,,,,,,,,,,,,,,,,,,,,,,,
Omer,,Livne-Simkha,,,,,,,,,,,,,https://lh3.googleusercontent.com/contacts/AG6tpzGPenNCXyxJAs0Ik--_O2ChGl0l0aTiFLeYCaamxop4SjIS2aOx,Imported 8/1/13 ::: new version ::: Imported on 4/29 ::: * myContacts,* ,omer@wazearchive.goog,Work,omerls@google.com,Obsolete,omer@waze.com,,,,,,,,,,,,,,,,,,,,,,,,,,,,,,,,,,,,,,,,,,,,,,,,Profile,http://www.google.com/profiles/106269680296740320859 ::: http://www.google.com/profiles/100647231985176468680,,,,,,,,
Omer,,Simkha,,,,,,,,,,,,"Group: Map Team
Israeli Mobile: 972.54.5442729
Mobile: +972.54.5442729",,Imported 8/1/13 ::: Waze ::: Imported 3/19/12 ::: Imported on 4/29 ::: * myContacts,* ,omer@linqmap.com,,,,,,,,,Home,+972-3-6240122,Mobile,+972-54-5442729,,,,,,,,,Home,"טירת צבי 8/21 ת""א",8/21 טירת צבי,"ת""א",,,,,,,,,,,,,,,,,,,,,,,,,,,,Profile,http://www.google.com/profiles/100647231985176468680,,,,,,,,
Omer,,Singer קיאקים הרצליה,,,,,,,,,,,,,,* myContacts,,,,,,,,,,,Mobile,+972 54-480-4943,,,,,,,,,,,,,,,,,,,,,,,,,,,,,,,,,,,,,,,,,,,,,,,,,,,
Omer,,Yariv,,,,,,,,,,,,<sn>id:575654131/friendof:809988573</sn>,https://lh3.googleusercontent.com/contacts/AG6tpzG8kr0QVp2XAhrjSMsP3Hc9ZZBQkU8N5iIytebHD8yPcFJf-ht6,Imported 8/1/13 ::: Imported on 4/29 ::: * myContacts,* Other,omer.on.the.road@gmail.com,Other,omeryariv@gmail.com,,,,,,,,,,,,,,,,,,,,,,,,,,,,,,,,,,,,,,,,,,,,,,,,,,,fb://profile/575654131,,,,,,,,
Omer,,Ziv,,,,,,,,,,,,,,Imported 8/1/13 ::: Imported on 4/29 ::: * myContacts,* Other,omerizer@gmail.com,Work,omerziv@google.com,,omerz@wazearchive.goog,Obsolete,omerz@waze.com,,,,,,,,,,,,,,,,,,,,,,,,,,,,,,,,,,,,,,,,,,,,,,Profile,http://www.google.com/profiles/107668775253701941390,,,,,,,,
Omri,,Guelfand,,,,,,,,Sheer Networks,Product Manager,,,<sn>id:519168904/friendof:809988573</sn>,https://lh3.googleusercontent.com/contacts/AG6tpzEnm4WWDzINItJ1CplqKqhAkTkngIsZZJICygdBE3EBW26ykdAI,Imported 8/1/13 ::: Imported on 4/29 ::: * myContacts,* Other,omri@cisco.com,Other,omrigu@gmail.com ::: oguelfan@cisco.com ::: omrig@sheernetworks.com,,,,,,,Home,+972 (9) 7460465,Mobile,972-54-4678960,Work,972-9-892-7500,,,,,,,,,,,,,,,,,,,,,,,,,,,,,,,,,,,,,,Other,fb://profile/519168904,Sync.ME profile,http://sync.me/profile/Bl7zMJ9OohRdVfalxp5YUuKZCe6AOUAGG7E4JlcP9YdQAB7uxV_zqcGEbqYW2x60,,,,,,
Omri,,Rubinstein,,,,,,,,,,,,,,* myContacts,,,,,,,,,,,Other,+972545312597,,,,,,,,,,,,,,,,,,,,,,,,,,,,,,,,,,,,,,,,,,,,,,,,,,,
Omri,,Sela,,,,,,,,,,,,,https://lh3.googleusercontent.com/contacts/AG6tpzErOnoCCMfGWEOVX-l5QOQBky_sDsSlfQ7tqqb27ehYlZ00FWwS,Imported 8/1/13 ::: Imported on 4/29 ::: * myContacts,* Other,omri.sela@gmail.com,,,,,,,,,Home,+972 4-8121250,Mobile,+972 54-4647147,,,,,,,,,,,,,,,,,,,,,,,,,,,,,,,,,,,,,,,,Profile,http://www.google.com/profiles/111506316465913837644,,,,,,,,
Omri,,Zvieli,,,,,,,,OpCo,Technology Director,Customer Care,,Exchange E-mail Address: /o=BetterPlace/ou=Exchange Administrative Group (FYDIBOHF23SPDLT)/cn=Recipients/cn=omriz,https://lh3.googleusercontent.com/contacts/AG6tpzEQ768qDi8Pj-MoSBBowQsZhhRSzk5zLwIpF407zS-xIbbRkiAC,* myContacts,* Other,Omri.Zvieli@betterplace.com,,,,,,,,,Mobile,972 52 336 1856,Work,972 73 790 2574,,,,,,,,,,,,,,,,,,,,,,,,,,,,,,,,,,,,Manager,Iris Altman,,,,,,,,,,,,
,,,,,,,,,,יחידה אורולוגיה אונקולוגיה איכילוב,,,,,,* myContacts,* Home,onco1-c@tlvmc.gov.il,,,,,,,,,Mobile,03-697-2064,,,,,,,,,,,,,,,,,,,,,,,,,,,,,,,,,,,,,,,,,,,,,,,,,,,
Ophir,,Langman,,,,,,,,TopCo,BI Engineer,R&D Team: OBS,,Exchange E-mail Address: /o=BetterPlace/ou=Exchange Administrative Group (FYDIBOHF23SPDLT)/cn=Recipients/cn=ophirl,https://lh3.googleusercontent.com/contacts/AG6tpzG7ZR55S4k7036xJCaCN-SvDsrF5oV9k5WP8Cyoo7QdGDuPZShY,* myContacts,* Other,Ophir.Langman@betterplace.com,,,,,,,,,Mobile,972 54 830 0608,Work,972 73 790 2267,,,,,,,,,,,,,,,,,,,,,,,,,,,,,,,,,,,,Manager,Eyal Almog,,,,,,,,,,,,
Ophir,,Moran,,,,,,,,RadView Software Ltd,Sales Manager,,,,https://lh3.googleusercontent.com/contacts/AG6tpzEFbfVin6IEK68MchqE0c9wKnPiU9RAcV6T7nXB7mIETTYBb_SU,Imported 8/1/13 ::: Imported on 4/29 ::: * myContacts,* Other,ophirm@radview.com,,,,,,,,,Mobile,+972 544 600520,Work,+972 3 7650524,Work Fax,+972 3 6482373,,,,,,,,,,,,,,,,,,,,,,,,,,,,,,,,,,,,,,Sync.ME profile,http://sync.me/profile/EPqzhYZfkF0mKNz1xkTRPQ-ZPc7cYsjCMA0Iz06Vc28xWbhBr5vmDzmlFRE,,,,,,,,
Optimism,Conference,Room,,,,,,,,,,,,Exchange E-mail Address: /o=BetterPlace/ou=Exchange Administrative Group (FYDIBOHF23SPDLT)/cn=Recipients/cn=optimism,,* myContacts,* Other,optimism@betterplace.com,,,,,,,,,,,,,,,,,,,,,,,,,,,,,,,,,,,,,,,,,,,,,,,,,,,,,,,,,,,,,
Orel,,,,,,,,,,Saucony,,,,,,Imported on 4/29 ::: * myContacts,,,,,,,,,,,Mobile,052-2633764,,,,,,,,,,,,,,,,,,,,,,,,,,,,,,,,,,,,,,,,,,,,,,,,,,,
Oren,& Ilanit,Halevi,,,,,,,,,,,,,,Imported 8/1/13 ::: Imported on 4/29 ::: * myContacts,* Other,ohalevi@jacada.com,,,,,,,,,Home,+1 (404) 8460704,Mobile,+1 (404) 9318823,Other,+1 (678) 699-2640,,,,,,,,,,,,,,,,,,,,,,,,,,,,,,,,,,,,,,Profile,http://www.google.com/profiles/106502824579775649889,,,,,,,,
Oren,,Basketball ,,,,,,,,,,,,,,* myContacts,,,,,,,,,,,Mobile,+972546741041,,,,,,,,,,,,,,,,,,,,,,,,,,,,,,,,,,,,,,,,,,,,,,,,,,,
Oren,Ben,Hayun,,,,,,,,Iamba Networks,ONT SW Team Leader,,,,,Imported 8/1/13 ::: Imported on 4/29 ::: * myContacts,* Other,Hayune@iamba.com,Other,orenbh1@gmail.com,,,,,,,Mobile,+972 (52) 2907541,,,,,,,,,,,,,,,,,,,,,,,,,,,,,,,,,,,,,,,,,,,,,,,,,,,
oren,,bibi,,,,,,,,wednesdaynightsoccer,,,,,https://lh3.googleusercontent.com/contacts/AG6tpzGfwzpMAeGRnSuWO5bZW2s582_jbRmjCLVu0YMMprNirTHj0NST,Imported 8/1/13 ::: wednesdaynightsoccer ::: Imported on 4/29 ::: * myContacts,* Other,oren_bibi@walla.co.il,,,,,,,,,Mobile,054-3973347,,,,,,,,,,,,,,,,,,,,,,,,,,,,,,,,,,,,,,,,,,,,,,,,,,,
Oren,,Cohen,,,,,,,,wednesdaynightsoccer,,,,,https://lh3.googleusercontent.com/contacts/AG6tpzGhZEgvjSSai7g4XmhnsVdGNWzHpc0tMszeQrZuNn9opZatZO_U,Imported 8/1/13 ::: wednesdaynightsoccer ::: Imported on 4/29 ::: * myContacts,* Other,o_c@inter.net.il,,orenco@google.com,,,,,,,Mobile,+972 (54) 2133614,,,,,,,,,,,,,,,,,,,,,,,,,,,,,,,,,,,,,,,,,,,,,,,,,,,
Oren,,Elisha,,,,,,,,הזית 2,,,,,,* myContacts,,,,,,,,,,,Other,+972545483007,,,,,,,,,,,,,,,,,,,,,,,,,,,,,,,,,,,,,,,,,,,,,,,,,,,
Oren,,Ezra,,,,,,,,"Jacada, Inc.",VP Products and Professional Services,,,manager of the consultants,,Imported 8/1/13 ::: Imported on 4/29 ::: * myContacts,* Other,oezra@jacada.com,Other,oren.ezra@gmail.com,,,,,,,Work,+1 (770) 352-1300,,,,,,,,,,,,,,,,,,,,,,,,,,,,,,,,,,,,,,,,,,Sync.ME profile,http://sync.me/profile/y_OJ3YxzMSBJheMNZ9Wbhuv1RBt266UoZKDV_u8,,,,,,,,
Oren,,Golan,,,,,,,,Oren Golan - Business Focus Consulting,Business Focus Consultant for Hi-Tech Companies,,1967-12-17,,,Imported on 4/29 ::: * myContacts,* Other,ogolan@yahoo.com,,,,,,,,,,,,,,,,,,,,,,,,,,,,,,,,,,,,,,,,,,,,,,,,,,,,,,,,,,Photo,https://lh6.googleusercontent.com/-p7jVTWQirgI/WceSXFESLxI/AAAAAAAAAAA/M-WkfTETXFgdJt_KCl9MSK2NlxecL-f3ACOQCEAE/photo.jpg,,
Oren,,Hollander,,,,,,,,Google,Software Engineer,,,,https://lh3.googleusercontent.com/contacts/AG6tpzEWZV7Q7nCY8WeNGJ6pNkaYGlK4OnLuunP0r5BSB9X9R4bOr4J5,Imported on 4/29 ::: * myContacts,* Work,orenholl@google.com,Other,orenholl@waze.com,,,,,,,Work,+972 74-756-9794,Mobile,+972545876514,,,,,,,,,,,,,,,,,,,,,,,,,,,,,,,,,,,,,,,,,,,,,,,,,
Oren,,Kassif,,,,,,,,OpCo,Strategic Processes Manager,G&A,,Exchange E-mail Address: /o=BetterPlace/ou=Exchange Administrative Group (FYDIBOHF23SPDLT)/cn=Recipients/cn=orenk,https://lh3.googleusercontent.com/contacts/AG6tpzHKJ4WDTI-wAUhzszfyj8AUtYEt2Sm0gN-8IY98tt6iinoQf-8c,* myContacts,* Other,Oren.Kassif@betterplace.com,,,,,,,,,Pager,skype: oren.kassif,Mobile,972 52 285 8900,Work,972 73 790 2235,,,,,,,,,,,,,,,,,,,,,,,,,,,,,,,,,,Manager,Eitan Hon,,,,,,,,,,,,
Oren,,Kattan מתווך בבלי,,,,,,,,,,,,,,* myContacts,,,,,,,,,,,Mobile,+972549620238,,,,,,,,,,,,,,,,,,,,,,,,,,,,,,,,,,,,,,,,,,,,,,,,,,,
Oren,,Kisler,,,,,,,,,,,,Exchange E-mail Address: /o=BetterPlace/ou=Exchange Administrative Group (FYDIBOHF23SPDLT)/cn=Recipients/cn=orenki,,* myContacts,* Other,Oren.Kisler@betterplace.com,,,,,,,,,,,,,,,,,,,,,,,,,,,,,,,,,,,,,,,,,,,,,,,,,,,,,,,,,,,,,
Oren,,Kotz,,,,,,,,,,,,,,* myContacts,,,,,,,,,,,Mobile,+972 50-520-0333,,,,,,,,,,,,,,,,,,,,,,,,,,,,,,,,,,,,,,,,,,,,,,,,,,,
Oren,,Naqar,,,,,,,,,,,,,,Imported on 4/29 ::: * myContacts,,,,,,,,,,,Mobile,+972504654324,,,,,,,,,,,,,,,,,,,,,,,,,,,,,,,,,,,,,,,,,,,,,,,,,,,
Oren,,Nitzan,,,,,,,,Amdocs,Consultant Manager,,2006-01-09,CO: XY205523.,,Imported 8/1/13 ::: Imported on 4/29 ::: * myContacts,* Other,orenni@tti-telecom.com,Other,orennitzan@imcingular.com ::: orenni@gmail.com,,,,,,,Pager,orennitzan@imcingular.com,Mobile,+1 (404) 368-2028,Work,+1 (770) 206-4748,Work Fax,+1 (770) 206-4701,,,,,Home,"312 Fairbrook Cir NE
Marietta
GA
30067
United States of America",312 Fairbrook Cir NE,Marietta,,GA,30067,United States of America,,Work,"1000 Abernathy Rd.
Suite#1850
400 North Park
Atlanta
GA
30328
United States of America ::: 1000 Abernathy Rd.
Suite#1850
400 North Park
Atlanta, GA 30328
United States of America","1000 Abernathy Rd. Suite#1850 400 ::: Suite#1850
400 North Park
1000 Abernathy Rd",Atlanta ::: Atlanta, ::: ,GA ::: GA,30328 ::: 30328,United States of America ::: United States of America,North Park ::: ,,,,,,,,,,,,,,,http://www.tti-telecom.com,,,,,,,,
Oren,,Shor,,,,,,,,OpCo,Bookkeeper,Finance Team: Accounting,,Exchange E-mail Address: /o=BetterPlace/ou=Exchange Administrative Group (FYDIBOHF23SPDLT)/cn=Recipients/cn=orens,https://lh3.googleusercontent.com/contacts/AG6tpzFEjJiBJflhDbpRbVEbWwoNA3cYJzO8-uv4nOwfNEeSITST6k-s,* myContacts,* Other,Oren.Shor@betterplace.com,,,,,,,,,Mobile,972 54 323 3095,Work,972 73 790 2211,,,,,,,,,,,,,,,,,,,,,,,,,,,,,,,,,,,,Manager,Yuval Somekh,,,,,,,,,,,,
Oren,,Singer,,,,,,,,TTI-Telecom,North America Regional Marketing,,,<sn>id:662134745/friendof:809988573</sn>,https://lh3.googleusercontent.com/contacts/AG6tpzGbfcqoowYSf5YHGadagV93_KKN02dt2RDVCQIYt_xowxEUjbbh,Imported 8/1/13 ::: Imported on 4/29 ::: * myContacts,* Other,orens@tti-telecom.com,Other,Oren_Singer@sheernetworks.com ::: osinger@imcingular.com ::: osinger@cisco.com,,,,,,,,,,,,,,,,,,,,,,,,,,,,,,,,,,,,,,,,,,,,,,,,,,,fb://profile/662134745,,,,,,,,
Ori,,Bendori,,,,,,,,Carmel Ventures,,,,,,Imported 8/1/13 ::: Imported on 4/29 ::: * myContacts,* Other,orib@carmelventures.com,,,,,,,,,Mobile,+972 (54) 6501830,Work,+972 (9) 9594894,,,,,,,,,,,,,,,,,,,,,,,,,,,,,,,,,,,,,,,,,,,,,,,,,
Ori,,Dubinkov,,,,,,,,,,,,"Group: Support
Israeli Mobile: 972.52.4328805
Mobile: +972.52.4328805",https://lh3.googleusercontent.com/contacts/AG6tpzFmT59Q_n68x97ihkCQ76msElg-WR2bhbMFE9nnBF1LXKeghhxB,Imported 8/1/13 ::: Waze ::: Imported 3/19/12 ::: Imported on 4/29 ::: * myContacts,* Obsolete,ori@waze.com,Work,orid@google.com,,ori@wazearchive.goog,,,,,Mobile,+972-52-4328805,,,,,,,,,,,Home,"חיים לבנון 79 א' ת""א",79 א חיים לבנון,"ת""א",,,,,,,,,,,,,,,,,,,,,,,,,,,,,,,,,,,,,
Ori,,Gal,,,,,,,,,,,,,,Imported 8/1/13 ::: Imported on 4/29 ::: * myContacts,,,,,,,,,,,Mobile,0524503620,,,,,,,,,,,,,,,,,,,,,,,,,,,,,,,,,,,,,,,,,,,,,,,,,,,
Ori,,Kinel,,,,,,,,Amsalem / Amdocs Travel Department,,,,,https://lh3.googleusercontent.com/contacts/AG6tpzFOMVcY0Ax1rMD43GmVmgi-MN9D0_4EyYXYAKuIrO4rAGS33RaK,Imported 8/1/13 ::: Imported on 4/29 ::: * myContacts,* Other,oriki@amsalem.com,,,,,,,,,Work,+972 (800) 777999 x 1520 ::: +972 (9) 7767904,,,,,,,,,,,,,,,,,,,,,,,,,,,,,,,,,,,,,,,,,,,,,,,,,,,
Ori,,Kook,,,,,,,,,,,,,https://lh3.googleusercontent.com/contacts/AG6tpzG1a_5SFK_whzDdMr8xCyo40IIdPdtguH81WheVKsxybeqQlrxi,Imported 8/1/13 ::: Imported on 4/29 ::: * myContacts,* Other,orikook@gmail.com,,,,,,,,,Mobile,054-4461492,,,,,,,,,,,,,,,,,,,,,,,,,,,,,,,,,,,,,,,,,,Other,fb://profile/555914734,,,,,,,,
Ori,,Lahav,,,,,,,,OpCo,Marketing Operations Manager,Marketing,,Exchange E-mail Address: /o=BetterPlace/ou=Exchange Administrative Group (FYDIBOHF23SPDLT)/cn=Recipients/cn=oril,https://lh3.googleusercontent.com/contacts/AG6tpzFRhNTNW3UypH8UZ-dN0psbPOsz0BsgNvrl1UhH466s0kqlmpIJ,* myContacts,* Other,Ori.Lahav@betterplace.com,,,,,,,,,Mobile,972 54 830 0715,Work,972 73 790 2709,,,,,,,,,,,,,,,,,,,,,,,,,,,,,,,,,,,,Manager,Dafna Agassi,,,,,,,,,,,,
Ori,,Nabarro,,,,,,,,OpCo,Help Desk Technician,Ops,,Exchange E-mail Address: /o=BetterPlace/ou=Exchange Administrative Group (FYDIBOHF23SPDLT)/cn=Recipients/cn=orin,https://lh3.googleusercontent.com/contacts/AG6tpzFK-u9bc_qv6lcq6sIUaDNzyq6r6JpHX6Cn2MbTBcOQxFoLKuHe,* myContacts,* Other,Ori.Nabarro@betterplace.com,,,,,,,,,Pager,skype: ori.nabarro,Mobile,972 54 323 3086,Work,972 73 790 2168,,,,,,,Work,"Derechasdhlksajhdasd
\sada\sikdhsa'dkhsa
sad\saihd'sadhas
Hod haSharron",Derechasdhlksajhdasd \sada\sikdhsa'dkhsa sad\saihd'sadhas Hod haSharron,,,,,,,,,,,,,,,,,,,,,,,,,Manager,Eyal Azran,,,,,,,,,,,,
,,Orit,,,,,,,,,,,,Noga's teacher,,Imported 8/1/13 ::: Imported on 4/29 ::: * myContacts,,,,,,,,,,,Home,+97297712058,,,,,,,,,,,,,,,,,,,,,,,,,,,,,,,,,,,,,,,,,,,,,,,,,,,
Orit,,Jaschek,,,,,,,,מרחב,מורה לחשבון,צוות,,Email Address: orit.jaschek@gmail.com,https://lh3.googleusercontent.com/contacts/AG6tpzGMO6eaEGlIoZ8SbYX7BNnyDfyjKJyV_w6BtsyaOuqk5C9Frijs,Imported 8/1/13 ::: מרחב ::: Imported on 4/29 ::: * myContacts,* Other,orit.jaschek@gmail.com,,,,,,,,,Home,052-5223395 ::: 09-7488549,,,,,,,,,,,,,,,,,,,,,,,,,,,,,,,,,,,,,,,,,,,,,,,,Photo,https://www.google.com/s2/photos/private/AIbEiAIAAAAhCKP_6_LYlPDnERCKjIGGvquOygoYp6-lj-DQ7qmtATABKyAsvzDisSnaUIBKi-NxWembL-c,,
Orit,,Rochev,,,,,,Orit,,,,,,,https://lh3.googleusercontent.com/contacts/AG6tpzF7epsC84vInfDCadvMQ6FUC3PBW8oKO1TwccFwkpt3AIscbMhw,Imported on 4/29 ::: * myContacts,* Other,orit.rochev@gmail.com,,,,,,,,,Mobile,+972545544049,,,,,,,,,,,,,,,,,,,,,,,,,,,,,,,,,,,,,,,,,,,,,,,,,,,
Orli,Landau,Photography,,,,,,,,,,,,,,* myContacts,,,,,,,,,,,Mobile,+972 52-579-5660,,,,,,,,,,,,,,,,,,,,,,,,,,,,,,,,,,,,,,,,,,,,,,,,,,,
Orly,,Cohen,,,,,,,,TTI - NA,Integration Team Leader,,2006-11-27,,,Imported 8/1/13 ::: Imported on 4/29 ::: * myContacts,* Other,orly@tti-telecom.com,,,,,,,,,Work Fax,+1 (770) 206-4701,Work,+1 (770) 206-4797,Home,+1 (404) 386-4123,,,,,,,Home,"1138 Potomac Rd.
Atlanta
GA 30338j
United States of America",1138 Potomac Rd,Atlanta,,GA,30338j,United States of America,,Work,"1000 Abernathy Rd.
Suite#1850
400 North Park
Atlanta, GA 30328
United States of America ::: 1000 Abernathy Rd.
Suite#1850
400 North Park
Atlanta
GA
30328
United States of America","Suite#1850
400 North Park
1000 Abernathy Rd ::: Suite#1850
400 North Park
1000 Abernathy Rd",Atlanta ::: Atlanta, ::: ,GA ::: GA,30328 ::: 30328,United States of America ::: United States of America, ::: ,,,,,,,,,,,,,,Other,http://www.tti-telecom.com,Profile,http://www.google.com/profiles/116819383897706550050,,,,,,
Orly,,Gamliel,,,,,,,,"SDI, DVNetworks, Tegmine Com",Human Resources Consultant,,,,,Imported 8/1/13 ::: Imported on 4/29 ::: * myContacts,* Other,Orly_Gamliel@iamba.com,Other,orgamliel2@yahoo.com,,,,,,,Radio,orly_gamliel,,,,,,,,,,,,,,,,,,,,,,,,,,,,,,,,,,,,,,,,,,,,,,,,,,,
Orly,,Gelvan,,,,,,,,,,,,,,Imported 8/1/13 ::: Imported on 4/29 ::: * myContacts,* ,gelvan11@inter.net.il,,,,,,,,,,,,,,,,,,,,,,,,,,,,,,,,,,,,,,,,,,,,,,,,,,,,,,,,,,,,,
Orna,,Amir,,,,,,,,,,,,,,Imported on 4/29 ::: * myContacts,* ,oamir@waze.com,Home,oamir@google.com,,,,,,,Mobile,0545466406,,,,,,,,,,,,,,,,,,,,,,,,,,,,,,,,,,,,,,,,,,,,,,,,Photo,https://lh4.googleusercontent.com/-GfIx1feIfvo/V4ytzFaLjRI/AAAAAAAAAAA/Y6YbUqQmwucHjfb6Dlw9qcODr8X1oVNVwCOQCEAE/photo.jpg,,
Orna,,Naqar,,,,,,,,,,,,,https://lh3.googleusercontent.com/contacts/AG6tpzHoFTs34rMMUwA-qO0QvKD3XmP7PZotzjiENtzB2LdWBlCfmSJh,Imported on 4/29 ::: * myContacts,,,,,,,,,,,Mobile,050-572-8470,,,,,,,,,,,,,,,,,,,,,,,,,,,,,,,,,,,,,,,,,,,,,,,,,,,
Orna,,Ofer,,,,,,,,AMERICAN EXPRESS TRAVEL SERVICES ISRAEL,Travel Agent,,,,https://lh3.googleusercontent.com/contacts/AG6tpzG0iPMVFPhjjJYiv3h1JtXxUOy5DdwUy_9bMG_nOYCZ_tIUvRDg,Imported 8/1/13 ::: Imported on 4/29 ::: * myContacts,* Home,ornaofer@Amex-Travel.co.il,,,,,,,,,Mobile,+972 52-4874025,Work,+ (972) 8 6239090,,,,,,,,,,,,,,,,,,,,,,,,,,,,,,,,,,,,,,,,,,,,,,,,,
Ornit,,Gluzman,,,,,,,,,,,,,https://lh3.googleusercontent.com/contacts/AG6tpzEJ3hXR_eEVPvZF6ckwu6S_lWrGAST8sVFTMEJB8c7iGYnP1jNp,Imported 8/1/13 ::: Imported on 4/29 ::: * myContacts,* Other,ornit@press-sense.com,,,,,,,,,Work,+972 54-7719766,,,,,,,,,,,,,,,,,,,,,,,,,,,,,,,,,,,,,,,,,,,fb://profile/100000510832520,,,,,,,,
Oron,,Lev,,,,,,,,,,,,,,Imported on 4/29 ::: * myContacts,* ,oron@wazearchive.goog,Work,oronlev@google.com,Obsolete,oron@waze.com,Home,oronlev@gmail.com,,,,,,,,,,,,,,,,,,,,,,,,,,,,,,,,,,,,,,,,,,,,,,,,,,,,,,,
Ortal,,Baruch El,,,,,,,,,,,,Exchange E-mail Address: /o=BetterPlace/ou=Exchange Administrative Group (FYDIBOHF23SPDLT)/cn=Recipients/cn=ortalb,,* myContacts,* Other,Ortal.BaruchEl@betterplace.com,,,,,,,,,,,,,,,,,,,,,,,,,,,,,,,,,,,,,,,,,,,,,,,,,,,,,,,,,,,,,
Oscar,,McLennan,,,,,,,,Better Place Australia,Deployment,Management,,Exchange E-mail Address: /o=BetterPlace/ou=Exchange Administrative Group (FYDIBOHF23SPDLT)/cn=Recipients/cn=omclennan,,* myContacts,* Other,Oscar.McLennan@betterplace.com,,,,,,,,,Mobile,+61 (0) 417 376 639,Work,61 3 86790808,Other Fax,61 3 86790880,,,,,,,Work,"114 Balmain Street
Cremorne, VIC 3121
Australia",114 Balmain Street,Cremorne,,VIC,3121,Australia,,,,,,,,,,,,,,,,,,,,Manager,Geoff Zippel,,,,,,,,,,,,
Oshrat,,,,,,,,,,,,,,,,Imported 8/1/13 ::: Imported on 4/29 ::: * myContacts,,,,,,,,,,,Mobile,0575613133,Other,097719454,,,,,,,,,,,,,,,,,,,,,,,,,,,,,,,,,,,,,,,,,,,,,,,,,
Osnat,,Levy,,,,,,,,eXp Realty,"Realtor, Broker",,,Yigal's friend,,* myContacts,* ,osnat@osnatlevy.com,,,,,,,,,,+1617 833-1055,,,,,,,,,,,,,,,,,,,,,,,,,,,,,,,,,,,,,,,,,,,,,,,,,,,
Ovadia,,,,,,,,,,wednesdaynightsoccer,,,,,,Imported 8/1/13 ::: wednesdaynightsoccer ::: Imported on 4/29 ::: * myContacts,,,,,,,,,,,Mobile,050-2361804,,,,,,,,,,,,,,,,,,,,,,,,,,,,,,,,,,,,,,,,,,,,,,,,,,,
Oved,,Ladizinsky,,,,,,,,TopCo,Project Manager,R&D Team: BSS,,Exchange E-mail Address: /o=BetterPlace/ou=Exchange Administrative Group (FYDIBOHF23SPDLT)/cn=Recipients/cn=OvedL,,* myContacts,* Other,Oved.Ladizinsky@betterplace.com,,,,,,,,,Mobile,972 54 577 2074,Work,972 73 790 2251,,,,,,,,,,,,,,,,,,,,,,,,,,,,,,,,,,,,Manager,Lior Storfer,,,,,,,,,,,,
Oz,,Computers,,,,,,,,,,,,,,* myContacts,* Home,tamir@ozi.co.il,,,,,,,,,Mobile,054-478-7306,,,,,,,,,,,Home,שברץ 7 רעננה,7 שברץ,רעננה,,,,,,,,,,,,,,,,,,,,,,,,,,,,,,,,,,,,,
Paige,,Mantel,,,,,,,,Better Place Inc.,Experiential Marketing,Global Marketing,,Exchange E-mail Address: /o=BetterPlace/ou=Exchange Administrative Group (FYDIBOHF23SPDLT)/cn=Recipients/cn=pmantel,,* myContacts,* Other,Paige.Mantel@betterplace.com,,,,,,,,,Pager,Skype: paige.mantel,Mobile,1 650 450 0425,Work,1 650 845 2874,,,,,,,Work,"1070 Arastradero Road, Suite 220
Palo Alto, CA 94304
United States",Suite 220 1070 Arastradero Road,Palo Alto,,CA,94304,United States,,,,,,,,,,,,,,,,,,,,Manager,Joe Paluska,,,,,,,,,,,,
Palag,,Miriami,,,,,,,,עיריית רעננה,,,,,,Imported on 4/29 ::: * myContacts,* Home,pelegm@raanana.muni.il,,,,,,,,,Home,09-7610458,,,,,,,,,,,,,,,,,,,,,,,,,,,,,,,,,,,,,,,,,,,,,,,,,,,
Pam,,Randolph,,,,,,,,"Geac Computer System, Inc.",Consulting Software Engineer,,,Austin,,Imported 8/1/13 ::: Imported on 4/29 ::: * myContacts,* Other,Pam.Randolph@Geac.com,,,,,,,,,Work,+1 (404) 239-3761,,,,,,,,,,,,,,,,,,,,,,,,,,,,,,,,,,,,,,,,,,,,,,,,,,,
Paola,,Gonnet,,,,,,,,ALEX BROWN,,,,,,* myContacts,,,,,,,,,,,Mobile,+17863939446,,,,,,,,,,,,,,,,,,,,,,,,,,,,,,,,,,,,,,,,,,,,,,,,,,,
Paphos Villa Helpline,,,,,,,,,,,,,,,,* myContacts,,,,,,,,,,,Mobile,+441283372719,,,,,,,,,,,,,,,,,,,,,,,,,,,,,,,,,,,,,,,,,,,,,,,,,,,
Parking Athens,,,,,,,,,,,,,,,,* myContacts,,,,,,,,,,,Mobile,+302103227405,,,,,,,,,,,,,,,,,,,,,,,,,,,,,,,,,,,,,,,,,,,,,,,,,,,
patrainingcenter,,,,,,,,,,,,,,Exchange E-mail Address: /o=betterplace/ou=exchange administrative group (fydibohf23spdlt)/cn=recipients/cn=patrainingcenter,,* myContacts,* Other,crustrainingcenter@betterplace.com,,,,,,,,,,,,,,,,,,,,,,,,,,,,,,,,,,,,,,,,,,,,,,,,,,,,,,,,,,,,,
Patricia,,Hiking Guide,,,,,,,,,,,,,,* myContacts,,,,,,,,,,,Other,+33688495328,,,,,,,,,,,,,,,,,,,,,,,,,,,,,,,,,,,,,,,,,,,,,,,,,,,
Paula,,Carbajal,,,,,,,,,,,,,,Imported 8/1/13 ::: Imported on 4/29 ::: * myContacts,* Other,Paula.Carbajal@xerox.com,,,,,,,,,,,,,,,,,,,,,,,,,,,,,,,,,,,,,,,,,,,,,,,,,,,,,,,,,,,,,
Pavel,,,,,,,,,,,Dentist,,,,,Imported 8/1/13 ::: Imported on 4/29 ::: * myContacts,,,,,,,,,,,Work,09-7448855,,,,,,,,,,,Work,הפלמח 8 רעננה,8 הפלמח,רעננה,,,,,,,,,,,,,,,,,,,,,,,,,,,,,,,,,,,,,
Pavel,,,,,,,,,,,Dentist,,,,,Imported 8/1/13 ::: Imported on 4/29 ::: * myContacts,,,,,,,,,,,Mobile,+972 97448856,,,,,,,,,,,,,,,,,,,,,,,,,,,,,,,,,,,,,,,,,,,,,,,,,,,
Pavel,,Feldman,,,,,,,,Celebros,E-commerce Interfaces R&D Team Leader,,,,,Imported 8/1/13 ::: Imported on 4/29 ::: * myContacts,* Other,spavelf@gmail.com,,,,,,,,,Mobile,+972 52 6418420,,,,,,,,,,,,,,,,,,,,,,,,,,,,,,,,,,,,,,,,,,Sync.ME profile,http://sync.me/profile/Xds5xdKdg1cQbIGb8pEFqCNEhRvMwori_KiHJcHsDYQmkrM,Other,fb://profile/1050961083,,,Photo,https://lh6.googleusercontent.com/-Mu2E38wVARM/V4y4y6KGaoI/AAAAAAAAAAA/NkiPa-hXvwwfETCc-ttxFumfwTFa1ddfgCOQCEAE/photo.jpg,,
Pavel,,Mirkin,,,,,,,,Press-Sense,title,,,,https://lh3.googleusercontent.com/contacts/AG6tpzGwxqLX-6V4NtoeXT6HiNwkBdya5lG4eYbAOEcsNNL6Wv29M6RU,Imported 8/1/13 ::: Imported on 4/29 ::: * myContacts,* Other,Pavel@Press-sense.com,,,,,,,,,Mobile,+972 54 555 2478,,,,,,,,,,,,,,,,,,,,,,,,,,,,,,,,,,,,,,,,,,Sync.ME profile,http://sync.me/profile/aB8QzXNS3V4BS2dLEucFL6CcQfi8sJQ67zwMydLraqS8_WcKmg,,,,,,,,
Paychex,,,,,,,,,,,,,,"our client # is K927
PIN#: 8149
1 800 401 3999 or 1 800 472 0072

Sungard plan # 062223
Br/Client # 0021-K927
Client name: IAMBA NETWORKS INC

Ann M Younes [ayounes@paychex.com]
401K dept #800-472-0072",,Imported 8/1/13 ::: Imported on 4/29 ::: * myContacts,,,,,,,,,,,Work,+1 (800) 4013999,,,,,,,,,,,,,,,,,,,,,,,,,,,,,,,,,,,,,,,,,,,,,,,,,,,
Paz,,Bashan,,,,,,Paz,,,,,,,https://lh3.googleusercontent.com/contacts/AG6tpzHWavEh7iLcxEUzQGCozcTgYKwsmKNRlHYg_itimwxctdqjT73F,Imported 8/1/13 ::: Imported on 4/29 ::: * myContacts ::: * starred,* Other,paz.bashan@gmail.com,,,,,,,,,Mobile,+972 54-584-8796,,,,,,,,,,,,,,,,,,,,,,,,,,,,,,,,,,,,,,,,,,Profile,http://www.google.com/profiles/109244706792778552004,,,,,,,,
Pazit,,Matityahu,,,,,,,,Better Place,Recruiter,HR,,Exchange E-mail Address: /o=BetterPlace/ou=Exchange Administrative Group (FYDIBOHF23SPDLT)/cn=Recipients/cn=pazitm,https://lh3.googleusercontent.com/contacts/AG6tpzHkdpp-OydBjOtQ4KkgfKi1HKP_JRV123DlfxTvZ68nIeTpWLjq,* myContacts,* Other,Pazit.Matityahu@betterplace.com,,,,,,,,,Mobile,972 54 830 0698,Work,972 73 790 2585,,,,,,,,,,,,,,,,,,,,,,,,,,,,,,,,,,,,Manager,Mickey Nagel,,,,,,,,,,,,
People,Conference room Conference,room,,,,,,,,,,,,Exchange E-mail Address: /o=BetterPlace/ou=Exchange Administrative Group (FYDIBOHF23SPDLT)/cn=Recipients/cn=PeopleCroom,,* myContacts,* Other,PeopleCroom@betterplace.com,,,,,,,,,,,,,,,,,,,,,,,,,,,,,,,,,,,,,,,,,,,,,,,,,,,,,,,,,,,,,
Perlin,,Agranati,,,,,,,,,,,,"Group: Map Team
Israeli Mobile: 972.54.6397399
Mobile: +972.54.6397399",https://lh3.googleusercontent.com/contacts/AG6tpzEzP6dxZoTY1pC9QWiH8CIzJx_UHFkPl2mIIJ4syU4oK7xdcgsp,Imported 8/1/13 ::: Waze ::: Imported 3/19/12 ::: Imported on 4/29 ::: * myContacts,* Obsolete,perlin@waze.com,Home,perlin@google.com,,perlin@wazearchive.goog,,,,,Home,+972-9-7742085,Mobile,+972-54-6397399,,,,,,,,,Home,"הל""ה 14 רעננה","14 הל""ה",רעננה,,,,,,,,,,,,,,,,,,,,,,,,,,,,Profile,http://www.google.com/profiles/113760896616683873528,,,,,,,,
Perumbeti,,Vijay,,,,,,,,,,,,NMLI,,Imported 8/1/13 ::: Imported on 4/29 ::: * myContacts,,,,,,,,,,,,,,,,,,,,,,,,,,,,,,,,,,,,,,,,,,,,,,,,,,,,,,,,,,,,,,,
Perzov,,Ehood,,,,,,,,,,,,,,Imported 8/1/13 ::: Imported on 4/29 ::: * myContacts,,,,,,,,,,,Mobile,+972 (54) 4871465,Home,+972 (3) 6488352,,,,,,,,,,,,,,,,,,,,,,,,,,,,,,,,,,,,,,,,,,,,,,,,,
Petar,,Obradovic,,,,,,,,HP,"R&D Project Manager, Indigo Div",,,,,Imported 8/1/13 ::: Imported on 4/29 ::: * myContacts,* Other,petar.obradovic@hp.com,,,,,,,,,,,,,,,,,,,,,,,,,,,,,,,,,,,,,,,,,,,,,,,,,,,,,,,,,,,,,
Pete,,Cooper,,,,,,,,Better Place Inc.,Business Development,Strategic Initiatives,,Exchange E-mail Address: /o=BetterPlace/ou=Exchange Administrative Group (FYDIBOHF23SPDLT)/cn=Recipients/cn=pcooper,https://lh3.googleusercontent.com/contacts/AG6tpzHKJezZus37jJy7f-b3gpm_1z9-BUnbB2KR_hANzW2FV5QrK1d3,* myContacts,* Other,Pete.Cooper@betterplace.com,,,,,,,,,Pager,Skype: pete.cooper2,Mobile,1 650 387 5953,Work,1 650 845 2815,,,,,,,Work,"745 Fort Street, Suite 2100
Honolulu, HI 96813
United States",Suite 2100 745 Fort Street,Honolulu,,HI,96813,United States,,,,,,,,,,,,,,,,,,,,Manager,Dan Cohen,,,,,,,,,,,,
Peter,,,,,,,,,,SNAP,,,,,https://lh3.googleusercontent.com/contacts/AG6tpzFVs-LloPhdmz8dK8q5XSTIm47K5PWEYyeZ7ItI7joqpt5q-sUb,Imported 8/1/13 ::: Imported on 4/29 ::: * myContacts,* Other,pdriscoll@snap.com.au,,,,,,,,,Mobile,+61409104594,,,,,,,,,,,,,,,,,,,,,,,,,,,,,,,,,,,,,,,,,,Profile,http://www.google.com/profiles/104241094643252628686,,,,,,,,
Peter,,Böckel,,,,,,,,Better Place Denmark A/S,Business Development Manager,Sales,,Exchange E-mail Address: /o=BetterPlace/ou=Exchange Administrative Group (FYDIBOHF23SPDLT)/cn=Recipients/cn=peterb,https://lh3.googleusercontent.com/contacts/AG6tpzFVWeeyk11idYl-yl7kjNseZVs3mVVguCMmrio2waLl2dAyysRp,* myContacts,* Other,Peter.Boeckel@betterplace.com,,,,,,,,,Mobile,45 31 73 05 05,Work,45 702 702 47,,,,,,,,,Work,"Bygmestervej 57
DK-2400
Copenhagen
Denmark",57 Bygmestervej,Copenhagen,,,2400,Denmark,,,,,,,,,,,,,,,,,,,,Manager,Torben Andersen,,,,,,,,,,,,
Peter,,Cramon,,,,,,,,Better Place Denmark A/S,Private Sales Manager,Sales,,Exchange E-mail Address: /o=BetterPlace/ou=Exchange Administrative Group (FYDIBOHF23SPDLT)/cn=Recipients/cn=peterc,,* myContacts,* Other,Peter.Cramon@betterplace.com,,,,,,,,,Mobile,45 3173 0509,Work,45 702 702 47,,,,,,,,,Work,"Bygmestervej 57
DK-2400
København
Denmark",57 Bygmestervej,København,,,DK-2400,Denmark,,,,,,,,,,,,,,,,,,,,Manager,Torben Andersen,,,,,,,,,,,,
Peter,,Galløe,,,,,,,,Better Place Denmark,Civil Works Engineer,Deployment,,Exchange E-mail Address: /o=BetterPlace/ou=Exchange Administrative Group (FYDIBOHF23SPDLT)/cn=Recipients/cn=peterg,https://lh3.googleusercontent.com/contacts/AG6tpzE7itb0aTyGswOr3dGqALpAwNOnchc-Z3zrO9DslHc_1oqQ66cx,* myContacts,* Other,Peter.Galloe@betterplace.com,,,,,,,,,Mobile,45 30 37 25 13,Work,45 702 702 47,,,,,,,,,Work,"Bygmestervej 57, 1. sal
København NV 2400
Denmark",1. sal 57 Bygmestervej,,,,2400,Denmark,København NV,,,,,,,,,,,,,,,,,,,Manager,Torben Bjerre,,,,,,,,,,,,
Peter,Thrige,Andersen,,,,,,,,Better Place Denmark A/S,"Utility, Network & Operations Manager",,,Exchange E-mail Address: /o=BetterPlace/ou=Exchange Administrative Group (FYDIBOHF23SPDLT)/cn=Recipients/cn=PeterT,https://lh3.googleusercontent.com/contacts/AG6tpzF1blVlFdPLnSJv9uxjokpR2fTGSPWgkxFhSKEVDvC9-y1NVlNx,* myContacts,* Other,Peter.Andersen@betterplace.com,,,,,,,,,Pager,skype: peter.t.andersen,Mobile,45 61 30 31 80,Work,45 702 702 47,,,,,,,Work,"Lygten 39
København NV
2400
Denmark",39 Lygten,,,,2400,Denmark,København NV,,,,,,,,,,,,,,,,,,,Manager,Jens Moberg,,,,,,,,,,,,
Philip,,Kroiz,,,,,,,,SolarEdge,,,,,,* myContacts,* ,Philip.Kroiz@solaredge.com,,,,,,,,,Other,0528287779,,,,,,,,,,,,,,,,,,,,,,,,,,,,,,,,,,,,,,,,,,,,,,,,,,,
Philippe Adjiman,,,,,,,,,,,,,,,,* myContacts,* email,padjiman@google.com,,,,,,,,,Mobile,+972545780549,,,,,,,,,,,,,,,,,,,,,,,,,,,,,,,,,,,,,,,,,,,,,,,,,,,
Phillip,,Carter,,,,,,,,,,,,Exchange E-mail Address: /o=BetterPlace/ou=Exchange Administrative Group (FYDIBOHF23SPDLT)/cn=Recipients/cn=pcarter,,* myContacts,* Other,Phillip.Carter@betterplace.com,,,,,,,,,Work,1 650 845 2885,,,,,,,,,,,,,,,,,,,,,,,,,,,,,,,,,,,,,,Manager,Jason Wolf,,,,,,,,,,,,
Pini,,Liberman,,,,,,,,OpCo,Infastructure & Deployment Manager,Ops,,Exchange E-mail Address: /o=BetterPlace/ou=Exchange Administrative Group (FYDIBOHF23SPDLT)/cn=Recipients/cn=pinil,https://lh3.googleusercontent.com/contacts/AG6tpzEAjafnkTQj4pj8IVBTGKj0cGL8n7Km9nThuVK2FWAn3BiIXCeo,* myContacts,* Other,Pini.Liberman@betterplace.com,,,,,,,,,Pager,Skype: pini.liberman,Mobile,972 50 778 3344,Work,972 73 790 2110,,,,,,,,,,,,,,,,,,,,,,,,,,,,,,,,,,Manager,Moshe Kaplinsky,,,,,,,,,,,,
Pini,,Snir,,,,,,,,OpCo,New Product Introduction Manager,Ops,,Exchange E-mail Address: /o=BetterPlace/ou=Exchange Administrative Group (FYDIBOHF23SPDLT)/cn=Recipients/cn=pinis,https://lh3.googleusercontent.com/contacts/AG6tpzHMPzl-5XsSoDC9gfQ83ySArDsHq9nTfDutAxl0OrQdZt5ooP_3,* myContacts,* Other,Pini.Snir@betterplace.com,,,,,,,,,Pager,Skype: pini.snir,Mobile,972 54 524 6886,Work,972 73 790 2149,Other Fax,972 3 644 8699,,,,,Work,"13 Ha'amal St.
Afek industrial park
Rosh-Ha'ayin
Israel",13 Ha'amal St. Afek industrial park,Rosh-Ha'ayin,,,,Israel,,,,,,,,,,,,,,,,,,,,,,,,,,,,,,,,,
Pitango,,,,,,,,,,Pitango,,,,,,Imported 8/1/13 ::: Imported on 4/29 ::: * myContacts,* Other,laurie.a@pitango.com,,,,,,,,,Work,+972 (9) 9718171,,,,,,,,,,,,,,,,,,,,,,,,,,,,,,,,,,,,,,,,,,,,,,,,,,,
Pizza Pazzo,,,,,,,,,,Pazzo,,,,,,Imported on 4/29 ::: * myContacts,,,,,,,,,,,Home,+972 9-741-8833,,,,,,,,,,,Home,"Ha-Yetsira St 5, Ra'anana, Israel",5 Ha-Yetsira St,Ra'anana,,,,Israel,,,,,,,,,,,,,,,,,,,,,,,,,,,,,,,,,
Planet,Conference Room Conference,Room,,,,,,,,,,,,Exchange E-mail Address: /o=BetterPlace/ou=Exchange Administrative Group (FYDIBOHF23SPDLT)/cn=Recipients/cn=Planet,,* myContacts,* Other,Planet@betterplace.com,,,,,,,,,,,,,,,,,,,,,,,,,,,,,,,,,,,,,,,,,,,,,,,,,,,,,,,,,,,,,
Pool,yael,Tal,,,,,,,,pool,,,,,,Imported 8/1/13 ::: Imported on 4/29 ::: Imported 6/11/13 ::: * myContacts,,,,,,,,,,,Mobile,052-8100046 ::: +972 52 351 6600,Home,+972 9 7410537,Other,052-3516600,,,,,,,,,,,,,,,,,,,,,,,,,,,,,,,,,,,,,,,,,,,,,,,
Press-sense,,,,,,,,,,,Support,,,,https://lh3.googleusercontent.com/contacts/AG6tpzEVTO9QH4YcVIwWM0TOLK86f-T7HPLHSDWRPqgu6p5DG2vqAFi5,Imported 8/1/13 ::: Imported on 4/29 ::: * myContacts,,,,,,,,,,,Mobile,+972 (54) 7719124,Other,+972 (54) 7719179,,,,,,,,,,,,,,,,,,,,,,,,,,,,,,,,,,,,,,,,,,,,,,,,,
PressCop15,,,,,,,,,,,,,,Exchange E-mail Address: /o=BetterPlace/ou=Exchange Administrative Group (FYDIBOHF23SPDLT)/cn=Recipients/cn=presscop15,,* myContacts,* Other,presscop15@betterplace.com,,,,,,,,,,,,,,,,,,,,,,,,,,,,,,,,,,,,,,,,,,,,,,,,,,,,,,,,,,,,,
Prizma,Demo,Lab,,,,,,,,,,,,Exchange E-mail Address: /o=BetterPlace/ou=Exchange Administrative Group (FYDIBOHF23SPDLT)/cn=Recipients/cn=prizmalabdemo,,* myContacts,* Other,prizmademolab@betterplace.com,,,,,,,,,,,,,,,,,,,,,,,,,,,,,,,,,,,,,,,,,,,,,,,,,,,,,,,,,,,,,
Project Better Place,Better,Place,,,,,,,,,,,,Exchange E-mail Address: /o=BetterPlace/ou=Exchange Administrative Group (FYDIBOHF23SPDLT)/cn=Recipients/cn=no_reply,,* myContacts,* Other,no_reply@betterplace.com,,,,,,,,,,,,,,,,,,,,,,,,,,,,,,,,,,,,,,,,,,,,,,,,,,,,,,,,,,,,,
Projects,,,,,,,,,,,,,,Exchange E-mail Address: /o=BetterPlace/ou=Exchange Administrative Group (FYDIBOHF23SPDLT)/cn=Recipients/cn=projects,,* myContacts,* Other,projects@betterplace.com,,,,,,,,,,,,,,,,,,,,,,,,,,,,,,,,,,,,,,,,,,,,,,,,,,,,,,,,,,,,,
Prosperity,Conference Room Conference,Room,,,,,,,,,,,,Exchange E-mail Address: /o=BetterPlace/ou=Exchange Administrative Group (FYDIBOHF23SPDLT)/cn=Recipients/cn=Prosperity,,* myContacts,* Other,Prosperity@betterplace.com,,,,,,,,,,,,,,,,,,,,,,,,,,,,,,,,,,,,,,,,,,,,,,,,,,,,,,,,,,,,,
purchase,,,,,,,,,,,,,,Exchange E-mail Address: /o=BetterPlace/ou=Exchange Administrative Group (FYDIBOHF23SPDLT)/cn=Recipients/cn=purchase,,* myContacts,* Other,purchase@betterplace.com,,,,,,,,,,,,,,,,,,,,,,,,,,,,,,,,,,,,,,,,,,,,,,,,,,,,,,,,,,,,,
Quentin,,Seemuller,,,,,,,,Better Place,Intern,Corporate Finance,,Exchange E-mail Address: /o=BetterPlace/ou=Exchange Administrative Group (FYDIBOHF23SPDLT)/cn=Recipients/cn=qseemuller,,* myContacts,* Other,Quentin.Seemuller@betterplace.com,,,,,,,,,,,,,,,,,,,,,,,,,,,,,,,,,,,,,,,,,,,,,,,,Manager,Jeff Johnson,,,,,,,,,,,,
R,and D Conference,Room,,,,,,,,,,,,Exchange E-mail Address: /o=BetterPlace/ou=Exchange Administrative Group (FYDIBOHF23SPDLT)/cn=Recipients/cn=RDCR,,* myContacts,* Other,RandD.ConferenceRoom@betterplace.com,,,,,,,,,,,,,,,,,,,,,,,,,,,,,,,,,,,,,,,,,,,,,,,,,,,,,,,,,,,,,
Raaya,,,,,,,,,,,Music Theory Teacher,,,,,Imported 8/1/13 ::: Imported on 4/29 ::: * myContacts,,,,,,,,,,,Mobile,+972 50 8802543,,,,,,,,,,,,,,,,,,,,,,,,,,,,,,,,,,,,,,,,,,,,,,,,,,,
Rachel,,Barouch-Haik,,,,,,,,Evergreen,VP Human Resources,,,,https://lh3.googleusercontent.com/contacts/AG6tpzGiJRuPiEieO1_1gTVQO9jNsbdeAgVFTbJf2gjMVloi0q-W2xH3,Imported 8/1/13 ::: Imported on 4/29 ::: * myContacts,* Other,rbarouch@evergreen.co.il,,,,,,,,,Work,+972 (3) 7108235,Radio,racheli_evergreen,,,,,,,,,,,,,,,,,,,,,,,,,,,,,,,,,,,,,,,,,,,,,,,,,
Rachel,,Moses,,,,,,,,,,,,Exchange E-mail Address: /o=BetterPlace/ou=Exchange Administrative Group (FYDIBOHF23SPDLT)/cn=Recipients/cn=rmoses1,,* myContacts,* Other,Rachel.Moses@betterplace.com,,,,,,,,,,,,,,,,,,,,,,,,,,,,,,,,,,,,,,,,,,,,,,,,,,,,,,,,,,,,,
rachel,,tutka,,,,,,,,,,,,,,Imported 8/1/13 ::: Imported on 4/29 ::: * myContacts,* Other,rachezwp@yahoo.co.uk,,,,,,,,,,,,,,,,,,,,,,,,,,,,,,,,,,,,,,,,,,,,,,,,,,,,,,,,,,,,,
Racheli,& Raviv,Levita,,,,,,,,,,,,,,Imported 8/1/13 ::: Imported on 4/29 ::: * myContacts,* Other,Levita70@bellsouth.net,Other,Raviv.Levita@amdocs.com,,,,,,,Mobile,+1 (404) 384-1539,Work,+1 (770) 913-9195,,,,,,,,,,,,,,,,,,,,,,,,,,,,,,,,,,,,,,,,,,,,,,,,,
Racheli,,Dagan,,,,,,,,,,,,,https://lh3.googleusercontent.com/contacts/AG6tpzEe4evjeJ6PU2cbXlq7vm-yyDnns1Nso1cuyOOIW0ocLmHQVVRz,Imported 8/1/13 ::: Imported on 4/29 ::: * myContacts,* Work,racheli@edicom.co.il,,,,,,,,,Mobile,050-7400135,Work,03-5751460,,,,,,,,,,,,,,,,,,,,,,,,,,,,,,,,,,,,,,,,,,,,,,,,,
,,Rafi,,,,,,,,RAFI,Taxi - North,,,,,Imported 8/1/13 ::: Imported on 4/29 ::: * myContacts,,,,,,,,,,,Mobile,+972 (50) 5257418,,,,,,,,,,,,,,,,,,,,,,,,,,,,,,,,,,,,,,,,,,,,,,,,,,,
Rafi,,Flor,,,,,,,,AgentVi,Support & Professional Services Engineer,,,,https://lh3.googleusercontent.com/contacts/AG6tpzHBQDRrDqwonPRBDXBrl29d5P1twyIRTY7K9e4SMlOGmEedFrS8,Imported 8/1/13 ::: Imported on 4/29 ::: * myContacts,* Other,rafi.flor@gmail.com,,,,,,,,,,,,,,,,,,,,,,,,,,,,,,,,,,,,,,,,,,,,,,,,,,,,,fb://profile/597612800,,,,,,,,
Rajith,,Loganathan,,,,,,,,Better Place Australia,Accountant,Accounting,,Exchange E-mail Address: /o=BetterPlace/ou=Exchange Administrative Group (FYDIBOHF23SPDLT)/cn=Recipients/cn=rloganathan,,* myContacts,* Other,Rajith.Loganathan@betterplace.com,,,,,,,,,Mobile,61 419 104 373,Other,61 3 86790880,Work,61 3 86790811,,,,,,,Work,"114 Balmain Street
Cremorne
VIC
3121
Australia",114 Balmain Street,Cremorne,,VIC,3121,Australia,,,,,,,,,,,,,,,,,,,,Manager,Antony Cohen,,,,,,,,,,,,
rami,,barda,,,,,,,,,,,,,,Imported 8/1/13 ::: Imported on 4/29 ::: * myContacts,* Other,rami.barda@gmail.com,,,,,,,,,,,,,,,,,,,,,,,,,,,,,,,,,,,,,,,,,,,,,,,,,,,,,,,,,,,,,
Rami,,Cohen,,,,,,,,R&D Israel,BI Project Management,R&D,,Exchange E-mail Address: /o=BetterPlace/ou=Exchange Administrative Group (FYDIBOHF23SPDLT)/cn=Recipients/cn=infuser,,* myContacts,* Other,infuser@betterplace.com,,,,,,,,,Mobile,972 54 469 1028,,,,,,,,,,,,,,,,,,,,,,,,,,,,,,,,,,,,,,,,,,,,,,,,,,,
Rami,,Pinkhas,,,,,,,,OpCo,Human Resources Manager,HR,,Exchange E-mail Address: /o=BetterPlace/ou=Exchange Administrative Group (FYDIBOHF23SPDLT)/cn=Recipients/cn=ramip,https://lh3.googleusercontent.com/contacts/AG6tpzFZ99xpwzGCz95aqQj8Y3TnQqLH6fglmkT95KxqfionBk2-wh6O,* myContacts,* Other,Rami.Pinkhas@betterplace.com,,,,,,,,,Mobile,972 54 445 9910,Work,970 73 790 2279,,,,,,,,,,,,,,,,,,,,,,,,,,,,,,,,,,,,Manager,Moshe Kaplinsky,,,,,,,,,,,,
Ramya,,Waran,,,,,,,,,Finance,Finance,,Exchange E-mail Address: /o=BetterPlace/ou=Exchange Administrative Group (FYDIBOHF23SPDLT)/cn=Recipients/cn=Rwaran,https://lh3.googleusercontent.com/contacts/AG6tpzGp9vTKZcoGns1pyxaeGtQjwlvyhazIoaQLp6cf22HKV0tST15d,* myContacts,* Other,Ramya.Waran@betterplace.com,,,,,,,,,Home,61386790835 ::: Work,Mobile,61402776714,,,,,,,,,,,,,,,,,,,,,,,,,,,,,,,,,,,,Manager,Antony Cohen,,,,,,,,,,,,
Ran,,Bronstein,,,,,,,,,,,,<sn>id:758028074/friendof:809988573</sn>,https://lh3.googleusercontent.com/contacts/AG6tpzHkxVDCKQJHCWf-qQdNUUF-KBwhIyortuXO7bs5RxsRbWYfpOaw,Imported 8/1/13 ::: Imported on 4/29 ::: * myContacts,* Other,ran_br@yahoo.com,Other,ran@simbionix.com,,,,,,,,,,,,,,,,,,,,,,,,,,,,,,,,,,,,,,,,,,,,,,,,,,,fb://profile/758028074,,,,,,,,
Ran,,Matoki,,,,,,,,OpCo,Chief Finance Officer,G&A,,Exchange E-mail Address: /o=BetterPlace/ou=Exchange Administrative Group (FYDIBOHF23SPDLT)/cn=Recipients/cn=rmatoki,,* myContacts,* Other,Ran.Matoki@betterplace.com,,,,,,,,,Pager,Skype: Ran Matoki,Mobile,972 54 336 9619,Work,972 73 790 2106,,,,,,,Work,"Building #2
Kiriat Atidim
Tel Aviv
61581
Israel",Building #2,Tel Aviv,,,61581,Israel,Kiriat Atidim,,,,,,,,,,,,,,,,,,,Manager,Moshe Kaplinsky,,,,,,,,,,,,
Ran,,Tsabari,,,,,,,,,,,,"Group: Map Team
Israeli Mobile: 972.54.7927650
Mobile: +972.54.7927650",,Imported 8/1/13 ::: Imported 3/19/12 ::: Imported on 4/29 ::: * myContacts,* ,ran@waze.com,Work,rtsabari@google.com,,,,,,,,,,,,,,,,,,,,,,,,,,,,,,,,,,,,,,,,,,,,,,,,,,,,,,,,,,,
Rana,,Jbara,,,,,,,,,,,,,,* myContacts,* ,jbararana15@gmail.com,,,,,,,,,Mobile,+972506770726,,,,,,,,,,,,,,,,,,,,,,,,,,,,,,,,,,,,,,,,,,,,,,,,,,,
RandD,,Fax,,,,,,,,,,,,Exchange E-mail Address: /o=BetterPlace/ou=Exchange Administrative Group (FYDIBOHF23SPDLT)/cn=Recipients/cn=RandDFax,,* myContacts,* Other,RandD.Fax@betterplace.com,,,,,,,,,,,,,,,,,,,,,,,,,,,,,,,,,,,,,,,,,,,,,,,,,,,,,,,,,,,,,
Rani,Amit,Bar-On,,,,,,,,,,,,,,Imported 8/1/13 ::: Imported on 4/29 ::: * myContacts,* Home,ranibaron@gmail.com,,,,,,,,,,,,,,,,,,,,,,,,,,,,,,,,,,,,,,,,,,,,,,,,,,,,,fb://profile/781912439,Other,http://www.google.com/reader/shared/ranibaron,,,,,,
Rapha,,Cohen,,,,,,,,,,,,,,Imported on 4/29 ::: * myContacts,* Other,raphco@gmail.com,,,,,,,,,Other,0545618986,,,,,,,,,,,,,,,,,,,,,,,,,,,,,,,,,,,,,,,,,,,,,,,,Photo,https://lh3.googleusercontent.com/-3Y4EDSZcioQ/WoqXMS-HMrI/AAAAAAAAAAA/MPlfKdgn7ic1EWymxFtr7_7oj4rPssN-wCOQCEAE/photo.jpg,,
Raviv,,Levita,,,,,,,,,,,,+1.647.747.7839 (Brampton Office),,Imported 8/1/13 ::: Imported on 4/29 ::: * myContacts,* Other,RavivL@amdocs.com,,,,,,,,,Mobile,+1 416.818.8019,Assistant,<UnKnown>,Work,1-416-355-4019,Other,1-770-522-3410,,,,,,,,,,,,,,,,,,,,,,,,,,,,,,,,,,,,Profile,http://www.google.com/profiles/107378387664942833390,,,,,,,,
Ray,,Holton,,,,,,,,Better Place Inc.,Contractor,Utilities,,Exchange E-mail Address: /o=BetterPlace/ou=Exchange Administrative Group (FYDIBOHF23SPDLT)/cn=Recipients/cn=rholton,,* myContacts,* Other,Ray.Holton@betterplace.com,,,,,,,,,Work,1 650 845 2800,,,,,,,,,,,,,,,,,,,,,,,,,,,,,,,,,,,,,,,,,,,,,,,,,,,
Raymond,,Darmon,,,,,,,,,,,,Exchange E-mail Address: /o=BetterPlace/ou=Exchange Administrative Group (FYDIBOHF23SPDLT)/cn=Recipients/cn=raymondd,https://lh3.googleusercontent.com/contacts/AG6tpzEG2Kn2QRQdVqcA5tzcZfKoRG466L6c1H2oZPvt0U7HbkNqze84,* myContacts,* Other,Raymond.Darmon@betterplace.com,,,,,,,,,Mobile,548395533,,,,,,,,,,,,,,,,,,,,,,,,,,,,,,,,,,,,,,Manager,Yariv Tal,,,,,,,,,,,,
Raymund,,Patdu,,,,,,,,PMI Corporation,IT Manager,, --09-07,<sn>id:682554613/friendof:809988573</sn>,,Imported 8/1/13 ::: Imported on 4/29 ::: * myContacts,* Other,raymund@press-sense.com,,,,,,,,,Mobile,+66831336881,,,,,,,,,,,Home,"402 1C Michael Street Brunswick
Brunswick, Victoria 3056
Australia",402 1C Michael Street,Brunswick,,VIC,3056,Australia,,,,,,,,,,,,,,,,,,,,,,,,Sync.ME profile,http://sync.me/profile/wEdiXsUyLwTxSD5_wCf-bWjLl5bwj2EaTiZndQpJHzlK,,fb://profile/682554613,,,Photo,https://lh4.googleusercontent.com/-4_6AzI-zYlQ/WceThTKPYHI/AAAAAAAAAAA/zkJHIP5Nofk5Qr2jTo4UjyJVgT9N5MyjgCOQCEAE/photo.jpg,,
Realism,Conference,Room,,,,,,,,,,,,Exchange E-mail Address: /o=BetterPlace/ou=Exchange Administrative Group (FYDIBOHF23SPDLT)/cn=Recipients/cn=realism,,* myContacts,* Other,realism@betterplace.com,,,,,,,,,,,,,,,,,,,,,,,,,,,,,,,,,,,,,,,,,,,,,,,,,,,,,,,,,,,,,
Reed,,Birnbaum,,,,,,,,Better Place Inc.,Corporate Controller,Finance,,Exchange E-mail Address: /o=BetterPlace/ou=Exchange Administrative Group (FYDIBOHF23SPDLT)/cn=Recipients/cn=rbirnbaum,,* myContacts,* Other,Reed.Birnbaum@betterplace.com,,,,,,,,,Mobile,1 408 464 7629,Work,1 650 845 2805,,,,,,,,,Work,"1070 Arastradero Road
Suite 220
Palo Alto
CA
94304
United States",Suite 220 1070 Arastradero Road,Palo Alto,,CA,94304,United States,,,,,,,,,,,,,,,,,,,,Manager,Linda Palmor,,,,,,,,,,,,
Refael,,Ackermann,,,,,,,,,,,1978-11-06,,https://lh3.googleusercontent.com/contacts/AG6tpzG0Q9lNPQdgFGryFdbFSIok7GcxSdpkpcn4lsVpUADULQkdiCys,Imported 8/1/13 ::: Imported on 4/29 ::: * myContacts,* Other,refack@gmail.com,Other,me@refack.com,,,,,,,Mobile,+972 50 7344197,Radio,moseack,,,,,,,,,Work,"????? ????? 16/13
?? ????
Israel",16/13 ????? ?????,?? ????,,,,Israel,,Home,"92 Sciarappa St.
Cambridge, Massachusetts 02141
United States",92 Sciarappa St,Cambridge,,MA,02141,United States,,,,,,,,,,,,,,,Other,fb://profile/642976675 ::: http://refack.com/,,,,,,,,
Regulation,,Fax,,,,,,,,,,,,Exchange E-mail Address: /o=BetterPlace/ou=Exchange Administrative Group (FYDIBOHF23SPDLT)/cn=Recipients/cn=RegOFax,,* myContacts,* Other,Regulation.Fax@betterplace.com,,,,,,,,,,,,,,,,,,,,,,,,,,,,,,,,,,,,,,,,,,,,,,,,,,,,,,,,,,,,,
Rehavam,,Barak,,,,,,,,,,,,Exchange E-mail Address: /o=betterplace/ou=exchange administrative group (fydibohf23spdlt)/cn=recipients/cn=rehavamb,,* myContacts,* Other,Rehavam.Barak@betterplace.com,,,,,,,,,,,,,,,,,,,,,,,,,,,,,,,,,,,,,,,,,,,,,,,,,,,,,,,,,,,,,
Renana (Rena),,Mansur,,,,,,,,קורס ערבית,,,,,,* myContacts,,,,,,,,,,,Mobile,+972548836201,,,,,,,,,,,,,,,,,,,,,,,,,,,,,,,,,,,,,,,,,,,,,,,,,,,
Rephael,,,,,,,,,,בוליגו,,,,,,* myContacts,,,,,,,,,,,Mobile,+972 55-262-1270,,,,,,,,,,,,,,,,,,,,,,,,,,,,,,,,,,,,,,,,,,,,,,,,,,,
Rephael,,Germon,,,,,,,,Buligo Capital,,,,,,* myContacts,* ,Rephael@buligocapital.com,,,,,,,,,,,,,,,,,,,,,,,,,,,,,,,,,,,,,,,,,,,,,,,,,,,,,,,,,,,,,
Reshef,,Burde,,,,,,,,קהילת בתי הספר הדמוקרטיים,וועדת איגום משאבים,,,רשף בורדה,,Imported 8/1/13 ::: Imported on 4/29 ::: * myContacts,* Home,reshefb@zahav.net.il,,,,,,,,,Mobile,+972-57-7662050,,,,,,,,,,,,,,,,,,,,,,,,,,,,,,,,,,,,,,,,,,,,,,,,,,,
Reut,,Einav,,,,,,Reut,,שירות פסיכולוגי חינוכי,פסיכולוגית,,1982-05-25,,https://lh3.googleusercontent.com/contacts/AG6tpzErfzW5LWwOhEU3ohxMye6WK-oc42O87C3wzUVjkBvN19cdSK-K,Imported 8/1/13 ::: Imported on 4/29 ::: * myContacts,* Home,reuteinav5@gmail.com,,,,,,,,,Mobile,+972528875778,,,,,,,,,,,,,,,,,,,,,,,,,,,,,,,,,,,,,,,,,,Other,fb://profile/554741168,Profile,http://www.google.com/profiles/101367795345178864359,,,,,,
Revital,,Meiri,,,,,,Revital,,,,,,,,Imported on 4/29 ::: * myContacts,,,,,,,,,,,Mobile,+972 58-570-0101,,,,,,,,,,,,,,,,,,,,,,,,,,,,,,,,,,,,,,,,,,,,,,,,,,,
Revital,,Yanni,,,,,,,,TopCo,CRM Business Analyst,R&D Team: OBS,,Exchange E-mail Address: /o=BetterPlace/ou=Exchange Administrative Group (FYDIBOHF23SPDLT)/cn=Recipients/cn=revitale,https://lh3.googleusercontent.com/contacts/AG6tpzH_b1UvdjC7i2Q1AH5Lpm6Dub0Akl5I6NKoMRUMlRGROkKXnCo4,* myContacts,* Other,Revital.Yanni@betterplace.com,,,,,,,,,Mobile,972 54 830 0648,,,,,,,,,,,,,,,,,,,,,,,,,,,,,,,,,,,,,,Manager,Yuval Rosen,,,,,,,,,,,,
Ricardo,,,,,,,,,,Taxi,,,,,,Imported on 4/29 ::: * myContacts,,,,,,,,,,,Home,+52 1 (984) 125 1426,,,,,,,,,,,,,,,,,,,,,,,,,,,,,,,,,,,,,,,,,,,,,,,,,,,
Ricardo,,Fisherman's Trail Rep,,,,,,,,The Natural Adventure,,,,,,* myContacts,,,,,,,,,,,Mobile,+351 964 134 643,,,,,,,,,,,,,,,,,,,,,,,,,,,,,,,,,,,,,,,,,,,,,,,,,,,
Rich,,Pristera,,,,,,,,Pristera Handyman Services,,,,,,* myContacts,* ,Rich@pristerahandymanservices.com,,,,,,,,,Mobile,+1(770) 605-0004,,,,,,,,,,,,,,,,,,,,,,,,,,,,,,,,,,,,,,,,,,,,,,,,,,,
richard,,watson,,,,,,,,Press-sense,"General Manager Asia ,",,,+8613002118917,https://lh3.googleusercontent.com/contacts/AG6tpzHfRoydY6boQSBByhQbDVvDUocLOeZ-6PpakWo-gGzwI6395yi8,Imported 8/1/13 ::: Imported on 4/29 ::: * myContacts,* Other,richardw@taopix.com,Other,richard@press-sense.com,,,,,,,Mobile,+6596246665,Work,+6564676516,Work Fax,+6651639475,,,,,,,,,,,,,,,,,,,,,,,,,,,,,,,,,,,,,,Other,http://www.press-sense.com,,,,,,,,
Rikke,Smedegaard,Pedersen,,,,,,,,Better Place Denmark A/S,PA to Management Team,HR,,Exchange E-mail Address: /o=BetterPlace/ou=Exchange Administrative Group (FYDIBOHF23SPDLT)/cn=Recipients/cn=rikkep,https://lh3.googleusercontent.com/contacts/AG6tpzHzEvlOsT9xkXdPgBJzJOkg2uw-Ax2tlmKIalQg1v6W3ArVN5Et,* myContacts,* Other,rikke.smedegaard@betterplace.com,,,,,,,,,Mobile,45 31 73 05 04,Work,45 702 702 47,,,,,,,,,Work,"Bygmestervej 57
1. sal
Copenhagen NV
2400
Denmark",1. sal 57 Bygmestervej,Copenhagen NV,,,2400,Denmark,,,,,,,,,,,,,,,,,,,,Manager,Morten Leth,,,,,,,,,,,,
Rina,,Shainski,,,,,,,,Carmel Ventures,General Partner,,,"Limor: 09-9720434
<sn>id:689755958/friendof:809988573</sn>",,Imported 8/1/13 ::: Imported on 4/29 ::: * myContacts,* Other,Rinas@CARMELVENTURES.COM,,,,,,,,,Mobile,+972 544-555057,Work,+972 9-9720400,Radio,rinash,,,,,,,Work,"Delta House
16 Abba Eban Avenue
Herzeliya
46725
Israel","Delta House
16 Abba Eban Avenue",Herzeliya,,,46725,Israel,,,,,,,,,,,,,,,,,,,,,,,,,http://www.carmelventures.com ::: fb://profile/689755958,,,,,,,,
Rina,,Shlichter,,,,,,,,,mother of Ohad from band,,,,,Imported 8/1/13 ::: Imported on 4/29 ::: * myContacts,,,,,,,,,,,Mobile,+972 (54) 4937609,,,,,,,,,,,,,,,,,,,,,,,,,,,,,,,,,,,,,,,,,,,,,,,,,,,
Rinat,,Gilboa,,,,,,,,TopCo,Autos SW Engineer,R&D Team: AUTOS,,Exchange E-mail Address: /o=BetterPlace/ou=Exchange Administrative Group (FYDIBOHF23SPDLT)/cn=Recipients/cn=rinatg,,* myContacts,* Other,Rinat.Gilboa@betterplace.com,,,,,,,,,Mobile,972 52 851 0670,,,,,,,,,,,,,,,,,,,,,,,,,,,,,,,,,,,,,,Manager,Yuval Gilboa,,,,,,,,,,,,
Rinat,,Levy,,,,,,,,Merchav,Secratery,,,,,Imported 8/1/13 ::: Imported on 4/29 ::: * myContacts,* Work,4rinat@gmail.com,,,,,,,,,Mobile,+972 54 5296090,,,,,,,,,,,,,,,,,,,,,,,,,,,,,,,,,,,,,,,,,,,,,,,,Photo,https://lh3.googleusercontent.com/-aU0eFdFvFiE/V4y3BvXcIiI/AAAAAAAAAAA/KoC5bSL5QRg_CDAsvU3yc89Nja1emQBlQCOQCEAE/photo.jpg,,
Rinat,,Menashrian,,,,,,,,,,,,Exchange E-mail Address: /o=BetterPlace/ou=Exchange Administrative Group (FYDIBOHF23SPDLT)/cn=Recipients/cn=vcrecp1,https://lh3.googleusercontent.com/contacts/AG6tpzHl0-Y8p078STUzSyoGWZoDZpdHSuGjFAWLjs48Bf0EmgQ14p__,* myContacts,* Other,rinat.menashrian@betterplace.com,,,,,,,,,Mobile,972 54 543 1346,Work,972 72 790 2500,,,,,,,,,,,,,,,,,,,,,,,,,,,,,,,,,,,,Manager,Sharon Shachar,,,,,,,,,,,,
Rinat,,Shani,,,,,,,,,,,,,,Imported on 4/29 ::: * myContacts,,,,,,,,,,,Mobile,+972 58-722-0759,,,,,,,,,,,,,,,,,,,,,,,,,,,,,,,,,,,,,,,,,,,,,,,,,,,
Risk,,Aust,,,,,,,,,,,,Exchange E-mail Address: /o=BetterPlace/ou=Exchange Administrative Group (FYDIBOHF23SPDLT)/cn=Recipients/cn=risk.aust,,* myContacts,* Other,Risk.Aust@betterplace.com,,,,,,,,,,,,,,,,,,,,,,,,,,,,,,,,,,,,,,,,,,,,,,,,,,,,,,,,,,,,,
Rivka,,,,,,,,,,,Ozeret,,,,,Imported 8/1/13 ::: Imported 6/19/13 ::: Imported on 4/29 ::: * myContacts,,,,,,,,,,,Mobile,050-6929238,,,,,,,,,,,,,,,,,,,,,,,,,,,,,,,,,,,,,,,,,,,,,,,,,,,
Rivka,,Biederman,,,,,,,,,,,,Exchange E-mail Address: /o=BetterPlace/ou=Exchange Administrative Group (FYDIBOHF23SPDLT)/cn=Recipients/cn=Rivkab,,* myContacts,* Other,Rivka.Biederman@betterplace.com,,,,,,,,,Mobile,972  54 839 5466,Work,972 3 916 5466,,,,,,,,,,,,,,,,,,,,,,,,,,,,,,,,,,,,,,,,,,,,,,,,,
Rob,,,,,,,,,,,,,,,,* myContacts,,,,,,,,,,,Mobile,+972 54-332-3335,,,,,,,,,,,,,,,,,,,,,,,,,,,,,,,,,,,,,,,,,,,,,,,,,,,
Rob,,Bearman,,,,,,,,Better Place Inc.,Utilities,Global Alliances,,Exchange E-mail Address: /o=BetterPlace/ou=Exchange Administrative Group (FYDIBOHF23SPDLT)/cn=Recipients/cn=rbearman,,* myContacts,* Other,Rob.Bearman@betterplace.com,,,,,,,,,Pager,Skype: rob.bearman1,Mobile,1 650 799 9028,Work,1 650 845 2861,,,,,,,Work,"1070 Arastradero Road
Suite 220
Palo Alto
CA
94304
United States",Suite 220 1070 Arastradero Road,Palo Alto,,CA,94304,United States,,,,,,,,,,,,,,,,,,,,Manager,Hugh McDermott,,,,,,,,,,,,
Robert,,Dingli,,,,,,,,,Consultant Engineer,Technology,,Exchange E-mail Address: /o=BetterPlace/ou=Exchange Administrative Group (FYDIBOHF23SPDLT)/cn=Recipients/cn=rdingli,,* myContacts,* Other,Robert.Dingli@betterplace.com,,,,,,,,,Mobile,61435825772,,,,,,,,,,,Work,"114 Balmain St
Richmond
VIC
3121
Australia",114 Balmain St,Richmond,,VIC,3121,Australia,,,,,,,,,,,,,,,,,,,,Manager,Alan Finkel,,,,,,,,,,,,
Robert,,Levine,,,,,,,,Xerox Corp.,FreeFlow(tm) Business Arrangements Manager,,,,,Imported 8/1/13 ::: Imported on 4/29 ::: * myContacts,* Other,Robert.Levine@xerox.com,,,,,,,,,Work,(310) 333-8004 ::: Intelnet: 8*823-8004,Work Fax,(310) 333-8419,,,,,,,,,Work,"701 S. Aviation Blvd.
MS: ESAE-116
El Segundo
CA
90245
United States of America",701 S. Aviation Blvd. MS: ESAE-116,El Segundo,,CA,90245,United States of America,,,,,,,,,,,,,,,,,,,,,,,,,,,,,,,,,
Robert,,Sadow,,,,,,,,,,,,Exchange E-mail Address: /o=BetterPlace/ou=Exchange Administrative Group (FYDIBOHF23SPDLT)/cn=Recipients/cn=roberts,,* myContacts,* Other,Robert.Sadow@betterplace.com,,,,,,,,,,,,,,,,,,,,,,,,,,,,,,,,,,,,,,,,,,,,,,,,,,,,,,,,,,,,,
Roberto,,Physiotherapist,,,,,,,,,,,,,,Imported on 4/29 ::: * myContacts,,,,,,,,,,,Mobile,+972 54-639-0705,,,,,,,,,,,,,,,,,,,,,,,,,,,,,,,,,,,,,,,,,,,,,,,,,,,
Robi,,Salman,,,,,,,,Press-Sense,System Administrator,,,,,Imported 8/1/13 ::: Imported on 4/29 ::: * myContacts,* Other,robi@press-sense.com,,,,,,,,,Work,+972 (4) 6260318 x 140,,,,,,,,,,,,,,,,,,,,,,,,,,,,,,,,,,,,,,,,,,,,,,,,,,,
Robynne,,Cagney,,,,,,,,Better Place Australia,Executive Assistant,Management,,Exchange E-mail Address: /o=BetterPlace/ou=Exchange Administrative Group (FYDIBOHF23SPDLT)/cn=Recipients/cn=rcagney,,* myContacts,* Other,Robynne.Cagney@betterplace.com,,,,,,,,,Home,61 2 9666 4977,Mobile,614 32 532 246,Other,61 2 9316 7423,,,,,,,Work,"2A Lord Street
Botany
NSW
2019
Australia",2A Lord Street,Botany,,NSW,2019,Australia,,,,,,,,,,,,,,,,,,,,Manager,Talal Yassine,,,,,,,,,,,,
Roey,,Halevy,,,,,,,,,,,,,https://lh3.googleusercontent.com/contacts/AG6tpzFVudRR5UITunSfOL-3z09QVI0pw0wm5RWEFg6xkCrqTMYWZC6h,Imported 8/1/13 ::: Imported on 4/29 ::: * myContacts,* Other,halevy@live.com,Other,roei@press-sense.com,,,,,,,Mobile,+972 52 3344944,,,,,,,,,,,,,,,,,,,,,,,,,,,,,,,,,,,,,,,,,,Other,fb://profile/1059624776,,,,,,,,
Roey,,Regev,,,,,,,,,,,,"Group: Product & Marketing
Israeli Mobile: 972.54.4560099
Mobile: +972.54.4560099

Group: Product & Marketing
Israeli Mobile: 972.54.4560099
Mobile:+972.54.4560099",https://lh3.googleusercontent.com/contacts/AG6tpzHcSC6qFRz6_zD0p60EnhsgvN8GXYYEQgAyPpD39pDOdYOQFCi1,Imported 8/1/13 ::: Waze ::: Imported 3/19/12 ::: Imported on 4/29 ::: * myContacts,* Other,roey@waze.com,Work,roeyr@google.com,,roeyregev@gmail.com,,,,,Mobile,+972-54-4560099,,,,,,,,,,,Home,"קורדוברו 7, ת""א",7 קורדוברו,"ת""א",,,,,,,,,,,,,,,,,,,,,,,,,,,,Profile,http://www.google.com/profiles/114686226076140091677 ::: http://www.google.com/profiles/105136263674830809576 ::: http://www.google.com/profiles/114686226076140091677,,,,,,,,
Roey Sharoni,,כדורסל,,,,,,,,,,,,,,* myContacts,,,,,,,,,,,Mobile,+972547533968,,,,,,,,,,,,,,,,,,,,,,,,,,,,,,,,,,,,,,,,,,,,,,,,,,,
Roger,,Liftel,,,,,,,,,,,,Exchange E-mail Address: /o=BetterPlace/ou=Exchange Administrative Group (FYDIBOHF23SPDLT)/cn=Recipients/cn=roger,https://lh3.googleusercontent.com/contacts/AG6tpzEhnJphKmrZzvy3DMNPg6JPHVxXway8h-YJE9UCZ2saI8DaDpFo,* myContacts,* Other,Roger.Liftel@betterplace.com,,,,,,,,,Mobile,972 54 255 7476,,,,,,,,,,,,,,,,,,,,,,,,,,,,,,,,,,,,,,Manager,Sima Drori,,,,,,,,,,,,
Roi,,Goldfarb,,,,,,,,OpCo,Advocate,Ops,,Exchange E-mail Address: /o=BetterPlace/ou=Exchange Administrative Group (FYDIBOHF23SPDLT)/cn=Recipients/cn=roib,,* myContacts,* Other,Roi.Goldfarb@betterplace.com,,,,,,,,,Work,972 73 790 2224,,,,,,,,,,,,,,,,,,,,,,,,,,,,,,,,,,,,,,Manager,Hanan Schlesinger,,,,,,,,,,,,
Roi,,Nissenbaum,,,,,,,,,,,,Exchange E-mail Address: /o=BetterPlace/ou=Exchange Administrative Group (FYDIBOHF23SPDLT)/cn=Recipients/cn=roin,https://lh3.googleusercontent.com/contacts/AG6tpzFShS_X7_hDns78W-68N4BAdtXhk6wSL2o0e3GXpqMAcQo16nBA,* myContacts,* Other,Roi.Nissenbaum@betterplace.com,,,,,,,,,Mobile,972 52 6966396,Work,972 73 7902700,,,,,,,,,,,,,,,,,,,,,,,,,,,,,,,,,,,,Manager,Sergey Gutnik,,,,,,,,,,,,
Roi,,Oron,,,,,,,,,,,,,,* myContacts,,,,,,,,,,,Mobile,+972 50-216-6657,,,,,,,,,,,,,,,,,,,,,,,,,,,,,,,,,,,,,,,,,,,,,,,,,,,
Rolf,,Schumann,,,,,,,,Better Place LLC,CEP,Strategic Initiatives,,Exchange E-mail Address: /o=BetterPlace/ou=Exchange Administrative Group (FYDIBOHF23SPDLT)/cn=Recipients/cn=Rolfs,https://lh3.googleusercontent.com/contacts/AG6tpzESo8sG6wkIAi9V4CAO-3d2J75c2UsmS_4r57QFPy-8ZDfRbRTQ,* myContacts,* Other,Rolf.Schumann@betterplace.com,,,,,,,,,Pager,Skype: rolf.schumann,Mobile,49 170 855 5719,,,,,,,,,Work,Germany,,,,,,Germany,,,,,,,,,,,,,,,,,,,,,,,,,,,,,,,,,
Roman,,Priborkin,,,,,,,,,,,,,,Imported on 4/29 ::: * myContacts,* ,romanpri@waze.com,Work,romanpri@google.com,,,,,,,Mobile,054-465-3672,,,,,,,,,,,,,,,,,,,,,,,,,,,,,,,,,,,,,,,,,,,,,,,,,,,
Rommy,El El,Ami,,,,,,,,,,,,LinkedIn Profile: https://www.linkedin.com/profile?viewProfile=&key=3038555,,Imported 8/1/13 ::: Imported on 4/29 ::: * myContacts,* Other,rommy@masa.co.il,Other,rommy@hypatia.co.il,,,,,,,Mobile,+972 (52) 2567823,,,,,,,,,,,,,,,,,,,,,,,,,,,,,,,,,,,,,,,,,,Profile,http://www.google.com/profiles/101909640488325250008,,,,,,,,
Ron,,Dauma,,,,,,,,,,,,Exchange E-mail Address: /o=BetterPlace/ou=Exchange Administrative Group (FYDIBOHF23SPDLT)/cn=Recipients/cn=RonD,,* myContacts,* Other,Ron.Dauma@betterplace.com,,,,,,,,,Mobile,972  54 839 5643,,,,,,,,,,,,,,,,,,,,,,,,,,,,,,,,,,,,,,,,,,,,,,,,,,,
Ron,,Desta,,,,,,,,,,,,"Group: Map Team
Israeli Mobile: 972.50.8101148
Mobile: +972.50.8101148",https://lh3.googleusercontent.com/contacts/AG6tpzGroB9gq_dXrx2ZCYunDcvAMBmzAQhEMowVvuDk7C4aUbRJHAf1,Imported 8/1/13 ::: Waze ::: Imported 3/19/12 ::: Imported on 4/29 ::: * myContacts,* Other,rond@waze.com,Work,rond@google.com,,,,,,,Mobile,+972-50-8101148,,,,,,,,,,,Home,אבן שפרוט 19 הרצליה,19 אבן שפרוט,הרצליה,,,,,,,,,,,,,,,,,,,,,,,,,,,,Profile,http://www.google.com/profiles/112739864433342808818,,,,,,,,
Ron,,Feinreich,,,,,,,,,,,,,,Imported on 4/29 ::: * myContacts,,,,,,,,,,,Mobile,+972 54-726-2966,,,,,,,,,,,,,,,,,,,,,,,,,,,,,,,,,,,,,,,,,,,,,,,,,,,
Ron,,Karidi,,,,,,,,,,,,,,Imported 8/1/13 ::: Imported on 4/29 ::: * myContacts,* Other,ronkar@microsoft.com,,,,,,,,,,,,,,,,,,,,,,,,,,,,,,,,,,,,,,,,,,,,,,,,,,,,,,,,,,,,,
Ron,,paz,,,,,,,,wednesdaynightsoccer,,,,,https://lh3.googleusercontent.com/contacts/AG6tpzEJK9BbT0PRybTNpMxGunRX7J2e0CxC82IXuDEVHhR7t5RNjkbw,Imported 8/1/13 ::: wednesdaynightsoccer ::: Imported on 4/29 ::: * myContacts,* Other,paz2176@walla.co.il,,,,,,,,,Mobile,050-6504070,,,,,,,,,,,,,,,,,,,,,,,,,,,,,,,,,,,,,,,,,,,,,,,,,,,
Ron,,Peleg,,,,,,,,Creo,Print On-Demand Solutions,,,,https://lh3.googleusercontent.com/contacts/AG6tpzG2n3hfX8wba__LK7OYCuABqJTzfUTVo0y4aj8AjTPyxDTtcuzj,Imported 8/1/13 ::: Imported on 4/29 ::: * myContacts,* Other,ron.peleg@creopod.com,,,,,,,,,Mobile,+972 54-9904284,Work,+972 9.9597.284,,,,,,,,,,,,,,,,,,,,,,,,,,,,,,,,,,,,,,,,Sync.ME profile,http://sync.me/profile/r5YZD8NjwiaGyWg9fR1Ht--FOsLiBX258NI5RcbmjizD-Guj9w,,,,,,,,
Ron,,Sapir,,,,,,,,TopCo,OBS Project Manager,R&D Team :OBS,,Exchange E-mail Address: /o=BetterPlace/ou=Exchange Administrative Group (FYDIBOHF23SPDLT)/cn=Recipients/cn=rons,,* myContacts,* Other,Ron.Sapir@betterplace.com,,,,,,,,,Mobile,972 54 830 0668,Work,972 73 790 2294,,,,,,,,,,,,,,,,,,,,,,,,,,,,,,,,,,,,,,,,,,,,,,,,,
Ron,,Sharabani,,,,,,,,,,,,Exchange E-mail Address: /o=BetterPlace/ou=Exchange Administrative Group (FYDIBOHF23SPDLT)/cn=Recipients/cn=ronsh,,* myContacts,* Other,Ron.Shaharabani@betterplace.com,,,,,,,,,,,,,,,,,,,,,,,,,,,,,,,,,,,,,,,,,,,,,,,,,,,,,,,,,,,,,
Ron,,Vaisman,,,,,,,,waze,Community Support,,,"Group: Support
Israeli Mobile: 972.54.2392281
Mobile: +972.54.2392281",https://lh3.googleusercontent.com/contacts/AG6tpzG7fQ1RCGhEIgOFDbGocVkBOiyQpMTpF7cbr6DinBYlNojDdrB3,Imported 8/1/13 ::: Waze ::: Imported 3/19/12 ::: Imported on 4/29 ::: * myContacts,* Other,ron@waze.com,Other,ronvaisman@google.com ::: ronvaisman@me.com,,,,,,,Home,+972-4-6200608,Mobile,+972-52-4399310,,,,,,,,,Home,השיקמה 59 חדרה 38498,59 השיקמה,חדרה,,,38498,,,,,,,,,,,,,,,,,,,,,,,,,Profile,http://www.google.com/profiles/103633475294982021861,Sync.ME profile,http://sync.me/profile/my22ZugEEG-vJPYg3vbTDAKYdLKOSoTKzIXhNHhd6_e0EzbTVhEkEt7L,,,,,,
Ronald,J,Wojcik,,,,Dr.,,,,Pragmatic! Solutions,Principal Consultant,,,LinkedIn Profile: https://www.linkedin.com/profile,,Imported 8/1/13 ::: Imported on 4/29 ::: * myContacts,* Other,ronw@PRAGMATIC--SOLUTIONS.com,,,,,,,,,Mobile,+1 (972) 8352736,,,,,,,,,,,,,,,,,,,,,,,,,,,,,,,,,,,,,,,,,,Profile,http://www.google.com/profiles/107689352279848109199,,,,,,,,
Ronald,,Wojcik,,,,,,,,Alcatel-Lucent,Vice President,,2006-11-02,,,Imported 8/1/13 ::: Imported on 4/29 ::: * myContacts,* Other,ronw@tti-telecom.com,Other,ronw@pragmatic--solutions.com ::: rjwojcik@bellsouth.net,,,,,,,Work Fax,770-206-4701,Mobile,404-375-6618,Pager,rwojcik@imcingular.com,Work,770-206-4769,Home,+1 (770) 458-7867,,,Work,"Suite 1850
1000 Abernathy Road
Atlanta
Georgia
30328
United States of America","1000 Abernathy Road
Suite 1850",Atlanta,,Georgia,30328,United States of America,,,,,,,,,,,,,,,,,,,,Manager,Ayal Shiran,,,Sync.ME profile,http://sync.me/profile/QKM8S3mTNHXh4SrYCb3aT5mEKjT0akptlsreoovmKhI1UWElwaS5A6VuAvJrVeX6QgQLr2vC_dw,Other,http://www.tti-telecom.com,,,Photo,https://lh4.googleusercontent.com/-pEAQUSA5CfE/WC6bzVBwuwI/AAAAAAAAAAA/MiJk26sQLz452lYqu6JG06wNbC54MfnSACOQCEAE/photo.jpg,,
Rone,,Rose,,,,,,,,HP,,,,"Boise, Mustage ...",,Imported 8/1/13 ::: Imported on 4/29 ::: * myContacts,* Other,Ron.Rose@hp.com,,,,,,,,,Work,+1 (208) 396 2176,,,,,,,,,,,,,,,,,,,,,,,,,,,,,,,,,,,,,,,,,,,,,,,,,,,
Ronen,,Amsalem,,,,,,,,Taldor,Project Manager,,2006-01-02,,,Imported 8/1/13 ::: Imported on 4/29 ::: * myContacts,* Other,ronen1@imcingular.com,Other,ronen.amsalem@gmail.com ::: ronena@tti-telecom.com,,,,,,,Work Fax,+1 (770) 206-4701,Mobile,+1 (770) 823-2293,Pager,ronen1@imcingular.com,Work,+1 (770) 206-4787,Home,+1 (770) 399-9368,,,Home,"2002 Marsh Trail Rd CIR
Atlanta, GA 30328, United States ofAmerica ::: 2002 Marsh Trail Rd CIR
Atlanta, GA 30328
United States of America",2002 Marsh Trail Rd CIR ::: 2002 Marsh Trail Rd CIR,Atlanta ::: Atlanta, ::: ,GA ::: GA,30328 ::: 30328,United States ofAmerica ::: United States of America, ::: ,Work,"1000 Abernathy Rd.
Suite#1850
400 North Park, Atlanta, GA 30328 United States of America ::: 1000 Abernathy Rd.
Suite#1850
400 North Park
Atlanta, GA 30328
United States of America","Suite#1850
400 North Park
1000 Abernathy Rd ::: 1000 Abernathy Rd. Suite#1850 400",Atlanta ::: Atlanta, ::: ,GA ::: GA,30328 ::: 30328,United States of America ::: United States of America, ::: North Park,,,,,,,,,,Manager,Boaz Levy,,,Sync.ME profile,http://sync.me/profile/jvCIdvlBo4JcnHAFsFI8zY7aFOq6yJj_pX6HiYJtEAWoZCI5ERmuApcUUcIE26ztduUajRLX3v4hjguhhoCr,Other,http://www.tti-telecom.com,,,Photo,https://lh6.googleusercontent.com/-ZB0iBW6Crgc/V4yzkuIfPuI/AAAAAAAAAAA/J70ifFcP-hI1ZQSkxLDDAnrIxnu65HfEgCOQCEAE/photo.jpg,,
Ronen,,Ehrlich,,,,,,,,,,,,,,Imported 8/1/13 ::: Imported on 4/29 ::: * myContacts,* Other,ronenehr@gmail.com,,,,,,,,,,,,,,,,,,,,,,,,,,,,,,,,,,,,,,,,,,,,,,,,,,,,Other,fb://profile/547119353,,,,,,,,
Ronen,,Givon,,,,,,,,TTI Team Telecom International,AVP Global Accounts,,,LinkedIn Profile: https://www.linkedin.com/profile?viewProfile=&key=113877,,Imported 8/1/13 ::: Imported on 4/29 ::: * myContacts,* Other,ronen.givon@gmail.com,Other,ronen.givon@attglobal.net,,,,,,,Radio,givonr,,,,,,,,,,,,,,,,,,,,,,,,,,,,,,,,,,,,,,,,,,,,,,,,,,,
Ronen,,Louvton,,,,,,,,,,,,"Group: R&D 
Israeli Mobile: 972.54.5339245
Mobile: +972.54.5339245",https://lh3.googleusercontent.com/contacts/AG6tpzFU1b7SCspp55w73-tKMPbJrzE1SVe0_hq46Dvm7e8M_EOjC-VG,Imported 8/1/13 ::: Waze ::: Imported 3/19/12 ::: Imported on 4/29 ::: * myContacts,* Other,ronen@waze.com,Work,ronenl@google.com,Other,ronen@linqmap.com,,ronenl@waze.com,Home,ronen@linqmap.com,Mobile,+972-54-5339245 ::: +972 (54) 533 9245,,,,,,,,,,,Home,אוהל שרה 7/7 חולון,7/7 אוהל שרה,חולון,,,,,,,,,,,,,,,,,,,,,,,,,,,,Profile,http://www.google.com/profiles/111956246182275030766,,,,,,,,
Ronen,,Meiri,,,,,,Ronen,,,,,,,https://lh3.googleusercontent.com/contacts/AG6tpzFhxt5GKYWV9JeuV0RcaCUA7BTKjDO1VU5KdQb4p9s_PRk0Ea6H,Imported 8/1/13 ::: Imported on 4/29 ::: * myContacts,* Home,ronen-meiri@barak-online.net,Home,529112@walla.com,,,,,,,Mobile,0 544-529112,,,,,,,,,,,,,,,,,,,,,,,,,,,,,,,,,,,,,,,,,,,,,,,,,,,
Ronen,,Paz,,,,,,,,OpCo,Infrastructure Team: BSS,Infrastructure Team: BSS,,Exchange E-mail Address: /o=BetterPlace/ou=Exchange Administrative Group (FYDIBOHF23SPDLT)/cn=Recipients/cn=ronenp,https://lh3.googleusercontent.com/contacts/AG6tpzEvPkj3KUylcd44ng0e6Da1c_XZhDMaknGYEv47qR1_0c36RsWw,* myContacts,* Other,Ronen.Paz@betterplace.com,,,,,,,,,Mobile,972 54 971 6073,Work,972 73 790 2582,,,,,,,,,,,,,,,,,,,,,,,,,,,,,,,,,,,,Manager,Mooly Atas,,,,,,,,,,,,
Ronen,,Romano,,,,,,,,OpCo,Global Customer Care Manager,Customer Care,,Exchange E-mail Address: /o=BetterPlace/ou=Exchange Administrative Group (FYDIBOHF23SPDLT)/cn=Recipients/cn=ronenr,,* myContacts,* Other,Ronen.Romano@betterplace.com,,,,,,,,,Pager,skype: Ronen_romano,Mobile,972 50 560 2601,Work,972 73 790 2264,,,,,,,,,,,,,,,,,,,,,,,,,,,,,,,,,,Manager,Einat Rom,,,,,,,,,,,,
Ronen,,Samson,,,,,,,,,,,,,https://lh3.googleusercontent.com/contacts/AG6tpzGAt_9mUQAvdP6w5-s8oZYikvrN4E0bZvhwObInZq9JyCM6o0N6,Imported on 4/29 ::: * myContacts,* Other,ronen.samson@gmail.com,,,,,,,,,Mobile,+972 50-744-4460,,,,,,,,,,,,,,,,,,,,,,,,,,,,,,,,,,,,,,,,,,,,,,,,,,,
Ronen,,Schwarz,,,,,,,,Opco,,Global Deployment,,Exchange E-mail Address: /o=BetterPlace/ou=Exchange Administrative Group (FYDIBOHF23SPDLT)/cn=Recipients/cn=ronens,,* myContacts,* Other,Ronen.Schwarz@betterplace.com,,,,,,,,,Pager,skype: ronen01,Mobile,972 54 8300693,,,,,,,,,,,,,,,,,,,,,,,,,,,,,,,,,,,,Manager,Avi Schwartz,,,,,,,,,,,,
Ronit,,Amiaz,,,,,,,,Carmel Ventures,HR Director,,,,https://lh3.googleusercontent.com/contacts/AG6tpzHVHOLid7QORsCS3rWJhLl2rU9f0Ye8ICQN5tQe4frqw4Vc9a_z,Imported 8/1/13 ::: Imported on 4/29 ::: * myContacts,* Other,ronita@carmelventures.com,,,,,,,,,Mobile,+972 (54) 5292903,,,,,,,,,,,,,,,,,,,,,,,,,,,,,,,,,,,,,,,,,,,,,,,,,,,
Ronit,,Aviri,,,,,,,,Menora Insurance LTD,HR Consaltant,,,Exchange E-mail Address: /o=BetterPlace/ou=Exchange Administrative Group (FYDIBOHF23SPDLT)/cn=Recipients/cn=Ronita,https://lh3.googleusercontent.com/contacts/AG6tpzG0rTjlK4ErZ1AdKmhC3why06_IzqDxo7IX971q_omh3-WNd_EU,* myContacts,* Other,Ronit.Aviri@betterplace.com,Home,aviryr@gmail.com,,,,,,,Mobile,972 54 839 5709,Work,972 3 916 5709,,,,,,,,,Other,"Rishon Le Zion, HaMerkaz
Israel",,Rishon Le Zion,,HaMerkaz,,Israel,,,,,,,,,,,,,,,,,,,,,,,,,,,,,,,,,
Ronit,,Hertz,,,,,,,,,,,,,https://lh3.googleusercontent.com/contacts/AG6tpzG4WBd9adqz0OF5besTgTHzm7Jw77JcAr1W_BNezoj2ySYvLYWa,Imported 8/1/13 ::: Imported on 4/29 ::: * myContacts,* Other,rona.hertz@gmail.com,,,,,,,,,,,,,,,,,,,,,,,,,,,,,,,,,,,,,,,,,,,,,,,,,,,,,,,,,,,,,
Ronit,,Meir,,,,,,,,"ע.ר. חשבונאות בע""מ",,,,,https://lh3.googleusercontent.com/contacts/AG6tpzGh2Pt2UCWuGHU0Inj3QtsjsDmEVrkcJsuY2WLbcls-kMp6C7MA,Imported 8/1/13 ::: Imported on 4/29 ::: * myContacts,* Work,amit@amitmeir.com,Home,amitmeir1210@gmail.com,Work,ronit@schneider.co.il,,,,,Work,09-7669941,Work Fax,09-7669942,,,,,,,,,Work,"התע""ש 20 (בית הפעמון)
כפר סבא 44425","בית הפעמון 20 התע""ש",כפר סבא,,,44425,,,,,,,,,,,,,,,,,,,,,,,,,,,,,,,,,,
Ronit,,Sorek,,,,,,,,,,,,,,* myContacts,,,,,,,,,,,Mobile,054-522-4052,,,,,,,,,,,,,,,,,,,,,,,,,,,,,,,,,,,,,,,,,,,,,,,,,,,
Ronnie,,Kenneth,,,,,(Kenneth.Ronnie@gmail.com),,,,,,,,https://lh3.googleusercontent.com/contacts/AG6tpzErtpBhBpjLah_kvzCDypxV03tcCfhloI2PT6Nu8z_0ByvwSCz7,Imported 8/1/13 ::: Imported on 4/29 ::: * myContacts,* Other,kenron@netvision.net.il,Other,Kenneth.Ronnie@gmail.com ::: ronniek@voltaire.com,,,,,,,Home,+972 (9) 8998022,Mobile,+972 (54) 4485293,Work,+1 (818) 5991692,Radio,ronnieken,,,,,,,,,,,,,,,,,,,,,,,,,,,,,,,,,,,,Profile,http://www.google.com/profiles/108029456829851985168,,,,,,,,
Roseline,,John,,,,,,,,Aircom International,OSS Customer Support & Deployment Engineer,,2006-03-08,,,Imported 8/1/13 ::: Imported on 4/29 ::: * myContacts,* Other,roselinetti@hotmail.com,Other,roseline@tti-telecom.com,,,,,,,Home,+1 (678) 513-7783,Mobile,+1 (678) 361-1209,Work,+1 (770) 206-4737,Work Fax,+1 (770) 206-4701,,,,,Home,"2910 Spring Harbor Dr.
Cunning
GA
30041
United States of America",2910 Spring Harbor Dr,Cunning,,GA,30041,United States of America,,Work,"1000 Abernathy Rd.
Suite#1850
400 North Park
Atlanta
GA
30328
United States of America ::: 1000 Abernathy Rd.
Suite#1850
400 North Park
Atlanta, GA 30328
United States of America","1000 Abernathy Rd. Suite#1850 400 ::: Suite#1850
400 North Park
1000 Abernathy Rd",Atlanta ::: Atlanta, ::: ,GA ::: GA,30328 ::: 30328,United States of America ::: United States of America,North Park ::: ,,,,,,,,,,,,,,Other,http://www.tti-telecom.com,Sync.ME profile,http://sync.me/profile/V0tIGVI-wx9bvlKO69RSG0OZ9UlwckQ3IGaKoN2zrPiYAdK7TMlfhe_x_RVHFeUeaDmxONJE,,,,,,
,,Rotchild,,,,Dr.,,,,,,,,"Sun: 06:45 - 07:30
Mon: 16:00 - 18:30
Tue: 15:30 - 18:00
Fri: 07:45-10:00",,Imported 8/1/13 ::: Imported on 4/29 ::: * myContacts,,,,,,,,,,,Mobile,+972 9 740 9086,,,,,,,,,,,,,,,,,,,,,,,,,,,,,,,,,,,,,,,,,,,,,,,,,,,
Roy,,Erez,,,,,,,,Cedar Fund,,,,,,Imported 8/1/13 ::: Imported on 4/29 ::: * myContacts,* Other,roy@cedarfund.com,,,,,,,,,Mobile,+1 (781) 7183639,Work,+1 (781) 8959090,,,,,,,,,,,,,,,,,,,,,,,,,,,,,,,,,,,,,,,,,,,,,,,,,
Roy,,Kadir,,,,,,,,Bynet,CFO,,,,https://lh3.googleusercontent.com/contacts/AG6tpzHCJw8AS5QLQp0vdnF2WIl7bXpxgtWg_0E932-EsFuoD87TjAiU,Imported 8/1/13 ::: Imported on 4/29 ::: * myContacts,* Work,roy-k@bynet.co.il,Other,roykadir@gmail.com,,,,,,,Mobile,+972525528040 ::: +972 54-7719085,,,,,,,,,,,,,,,,,,,,,,,,,,,,,,,,,,,,,,,,,,Other,fb://profile/1012729032,,,,,,,,
Roy,,Rotem,,,,,,,,Haleakala,Owner,,,,,Imported 8/1/13 ::: Imported on 4/29 ::: * myContacts,* Other,roy@forescout.com,,,,,,,,,Mobile,+972 (545) 613359,Work,+972 3-6449987,Other,roy.rotem,,,,,,,Work,"32 Habarzel St.
Tel Aviv
Israel
United States of America",32 Habarzel St. Tel Aviv Israel,,,,,United States of America,,,,,,,,,,,,,,,,,,,,,,,,,,,,,,,,,
Roy,,Shahaf,,,,,,,,,,,,,,Imported on 4/29 ::: * myContacts,* ,royshahaf@waze.com,Work,royshahaf@google.com,,,,,,,Work,+972 (50) 2117496,,,,,,,,,,,,,,,,,,,,,,,,,,,,,,,,,,,,,,,,,,,,,,,,,,,
Roy,,Towns,,,,,,,,,,,,chess club teacher,,Imported 8/1/13 ::: Imported on 4/29 ::: * myContacts,* Other,roytowns@fds.net,Other,roytowns@tds.net,,,,,,,Work,+1 (770) 894-3882,,,,,,,,,,,,,,,,,,,,,,,,,,,,,,,,,,,,,,,,,,,fb://profile/833448703,Sync.ME profile,http://sync.me/profile/wiHzalO1C0XAucTSD9xxxbVsh31vRNMOrwUGo2pwVw,,,Photo,https://lh5.googleusercontent.com/-4z-zI0paCq0/V4ytwXwvATI/AAAAAAAAAAA/5z7OAyTGbOQ3BEdnEP0J50WFi6JdnbEGACOQCEAE/photo.jpg,,
Ruslan,,Mukhin,,,,,,,,,,,,,https://lh3.googleusercontent.com/contacts/AG6tpzFIs9caaZpNNKwherjR5k5mdnQsDPUOUxj_WMo_wMn_KK03sW-t,Imported on 4/29 ::: * myContacts,* Work,ruslanmk@google.com,,ruslanmk@waze.com,,,,,,,Mobile,0545363234,,,,,,,,,,,,,,,,,,,,,,,,,,,,,,,,,,,,,,,,,,,,,,,,,,,
Rutha,,Aronson,,,,,,,,,,,,,,Imported 8/1/13 ::: Imported on 4/29 ::: * myContacts,* Other,ruthaa@gmail.com,,,,,,,,,,,,,,,,,,,,,,,,,,,,,,,,,,,,,,,,,,,,,,,,,,,,Other,fb://profile/727038782,,,,,Photo,https://lh6.googleusercontent.com/-KzQo5CFJ7gI/V4yaaiUfnhI/AAAAAAAAAAA/6coO_1xSQj8gTFVbBDJbjJ2ofMZSsESEQCOQCEAE/photo.jpg,,
Ruti,,Abarbanel,,,,,,,,"סוכנויות פלתורס ביטוח בע""מ","ראש צוות ומנהלת תיקי לקוחות, יחידת מעוף",,,,https://lh3.googleusercontent.com/contacts/AG6tpzGtovkPXgBunzWqIaTanfJ--OwiJ45XGiP5oOxf5mQxrMhGWbIu,Imported 8/1/13 ::: Imported on 4/29 ::: * myContacts,* Other,Ruti@pel-ins.com,Other,Ruti@pelins.com,,,,,,,Mobile,+972  52-2291005,Work,+972 3-7537120,,,,,,,,,,,,,,,,,,,,,,,,,,,,,,,,,,,,,,,,,,,,,,,,,
Ruti,,Shaco-levy,,,,,,,,,,,,,,* myContacts,,,,,,,,,,,נייד,+972534254566,,,,,,,,,,,,,,,,,,,,,,,,,,,,,,,,,,,,,,,,,,,,,,,,,,,
Ruti,,Varon,,,,,,,,,French Horn Teacher,,,,,* myContacts,* Home,dvaron@012.net.il,,,,,,,,,Mobile,+972 52-462-5200,,,,,,,,,,,,,,,,,,,,,,,,,,,,,,,,,,,,,,,,,,,,,,,,,,,
SA-BPEXEC,,,,,,,,,,,,,,Exchange E-mail Address: /o=BetterPlace/ou=Exchange Administrative Group (FYDIBOHF23SPDLT)/cn=Recipients/cn=SA-BPEXEC,,* myContacts,* Other,SA-BPEXEC@betterplace.com,,,,,,,,,,,,,,,,,,,,,,,,,,,,,,,,,,,,,,,,,,,,,,,,,,,,,,,,,,,,,
SA-Portal-Publisher,,,,,,,,,,,,,,Exchange E-mail Address: /o=BetterPlace/ou=Exchange Administrative Group (FYDIBOHF23SPDLT)/cn=Recipients/cn=SA-Portal-Publisher,,* myContacts,* Other,SA-Portal-Publisher@betterplace.com,,,,,,,,,,,,,,,,,,,,,,,,,,,,,,,,,,,,,,,,,,,,,,,,,,,,,,,,,,,,,
SA-SALES-RIVA,,,,,,,,,,,,,,Exchange E-mail Address: /o=BetterPlace/ou=Exchange Administrative Group (FYDIBOHF23SPDLT)/cn=Recipients/cn=SA-SALES-RIVA,,* myContacts,* Other,SA-SALES-RIVA@betterplace.com,,,,,,,,,,,,,,,,,,,,,,,,,,,,,,,,,,,,,,,,,,,,,,,,,,,,,,,,,,,,,
Sabyasachi,,Rurda,,,,,,,,,,,,Exchange E-mail Address: /o=BetterPlace/ou=Exchange Administrative Group (FYDIBOHF23SPDLT)/cn=Recipients/cn=sabyasachir,,* myContacts,* Other,Sabyasachi.Rurda@betterplace.com,,,,,,,,,,,,,,,,,,,,,,,,,,,,,,,,,,,,,,,,,,,,,,,,,,,,,,,,,,,,,
Sagi,,Hed - MERGER,,,,,,,,,,,,"Group: R&D 
Israeli Mobile: 972.52.8264939
Mobile: +972.52.8264939",https://lh3.googleusercontent.com/contacts/AG6tpzEW_ob58gwBAwJOI-VNYQji1eTua2wi8f8gyQqWp0c7L9e0LibT,Imported 8/1/13 ::: Waze ::: Imported 3/19/12 ::: Imported on 4/29 ::: * myContacts,* Other,sagi@waze.com,Work,sagih@google.com,,sagihed@gmail.com,,,,,Mobile,+972-52-8264939,,,,,,,,,,,Home,פנחס 41/3 רמת גן,41/3 פנחס,רמת גן,,,,,,,,,,,,,,,,,,,,,,,,,,,,Profile,http://www.google.com/profiles/103076679260092165094,,,,,,,,
Sagi,,Shahar,,,,,,,,OpCo,Sales Representative,Sales Team: Corporate,,Exchange E-mail Address: /o=BetterPlace/ou=Exchange Administrative Group (FYDIBOHF23SPDLT)/cn=Recipients/cn=SagiS,https://lh3.googleusercontent.com/contacts/AG6tpzH4X5YW3QeWQcB-5pMqaryri3dlCkZ7jGnMRPrgOow3lkzvKu5l,* myContacts,* Other,Sagi.Shahar@betterplace.com,,,,,,,,,Mobile,972 54 971 9564,Work,972 73 790 2255,,,,,,,,,,,,,,,,,,,,,,,,,,,,,,,,,,,,Manager,Asaf Onn,,,,,,,,,,,,
Sagie,,Katz,,,,,,,,TopCo,Board Design,R&D,,Exchange E-mail Address: /o=BetterPlace/ou=Exchange Administrative Group (FYDIBOHF23SPDLT)/cn=Recipients/cn=sagiek,,* myContacts,* Other,Sagie.Katz@betterplace.com,,,,,,,,,Mobile,972 50 8211978,Work,972 73 790 2222,,,,,,,,,,,,,,,,,,,,,,,,,,,,,,,,,,,,Manager,Eli Kamhine,,,,,,,,,,,,
Sagie,,Kouznitz,,,,,,,,OpCo,SME Sales Manager,Sales Team: SME,,Exchange E-mail Address: /o=BetterPlace/ou=Exchange Administrative Group (FYDIBOHF23SPDLT)/cn=Recipients/cn=Sagieko,,* myContacts,* Other,Sagie.Kouznitz@betterplace.com,,,,,,,,,Mobile,972 54 830 0650,Work,972 73 790 2146,,,,,,,,,,,,,,,,,,,,,,,,,,,,,,,,,,,,,,,,,,,,,,,,,
Sagie,,Maoz,,,,,,,,,,,,"Group: R&D 
Israeli Mobile: 972.52.8343339
Mobile: +972.52.8343339",https://lh3.googleusercontent.com/contacts/AG6tpzFTbIL13vr8O4fzVRHIVozACRcfhpBUfnxrHY38_SsVAKYsvXUK,Imported 8/1/13 ::: Imported 3/19/12 ::: Imported on 4/29 ::: * myContacts,* Other,sagie@waze.com,Work,sagie@google.com,,,,,,,Mobile,052-834-3339,,,,,,,,,,,,,,,,,,,,,,,,,,,,,,,,,,,,,,,,,,Profile,http://www.google.com/profiles/113782443236416852925,,,,,,,,
Sagive,,Greenspan,,,,,,,,TTI - NA,"Director, Project Management",,2006-05-07,,https://lh3.googleusercontent.com/contacts/AG6tpzFgbEFYici4xGDUZ35HXudn97EjsB51nC_r4KiHxInDwAkTECJA,Imported 8/1/13 ::: Imported on 4/29 ::: * myContacts,* Other,sagive@gmail.com,Other,sagive@hotmail.com ::: sagive.greenspan@amdocs.com,,,,,,,Home,+1 (770) 350-6258,Mobile,+1 (404) 434-4844,Work,+1 (770) 206-4707 ::: +972 (52) 874-2576,,,,,,,Home,"5336 Waterford Dr.
Atlanta
GA
30338
United States of America",5336 Waterford Dr,Atlanta,,GA,30338,United States of America,,Other,"901 Corporate Center Dr .
Raleigh
NC
27607
United States of America",901 Corporate Center Dr,Raleigh,,NC,27607,United States of America,,Work,"1000 Abernathy Rd.
Suite#1850
400 North Park
Atlanta
GA
30328
United States of America ::: 1000 Abernathy Rd.
Suite#1850
400 North Park
Atlanta, GA 30328
United States of America","1000 Abernathy Rd. Suite#1850 400 ::: Suite#1850
400 North Park
1000 Abernathy Rd",Atlanta ::: Atlanta, ::: ,GA ::: GA,30328 ::: 30328,United States of America ::: United States of America,North Park ::: ,Manager,Ron Wojick,,,Other,http://www.tti-telecom.com,Profile,http://www.google.com/profiles/102927735505903036111,,,,,,
Sales,,Corporate,,,,,,,,,,,,Exchange E-mail Address: /o=BetterPlace/ou=Exchange Administrative Group (FYDIBOHF23SPDLT)/cn=Recipients/cn=salesc,,* myContacts,* Other,Sales.Corporate@betterplace.com,,,,,,,,,,,,,,,,,,,,,,,,,,,,,,,,,,,,,,,,,,,,,,,,,,,,,,,,,,,,,
Sales,,Fax,,,,,,,,,,,,Exchange E-mail Address: /o=BetterPlace/ou=Exchange Administrative Group (FYDIBOHF23SPDLT)/cn=Recipients/cn=SaleFax,,* myContacts,* Other,Sales.Fax@betterplace.com,,,,,,,,,,,,,,,,,,,,,,,,,,,,,,,,,,,,,,,,,,,,,,,,,,,,,,,,,,,,,
Sali,,Torgoman,,,,,,,,Better Place Australia,,Deployment,,Exchange E-mail Address: /o=BetterPlace/ou=Exchange Administrative Group (FYDIBOHF23SPDLT)/cn=Recipients/cn=storgoman,,* myContacts,* Other,Sali.Torgoman@betterplace.com,,,,,,,,,Home,61 3 8844 5554,Mobile,61 423 238 263,Work,61 3 86790816,Other Fax,61 2 9316 7423,,,,,Work,"2A Lord Street
Botany, NSW 2109
Australia",2A Lord Street,Botany,,NSW,2109,Australia,,,,,,,,,,,,,,,,,,,,Manager,Geoff Zippel,,,,,,,,,,,,
Sam,,Aviram,,,,,,,,,,,,,,Imported 8/1/13 ::: Imported on 4/29 ::: * myContacts,* Other,aviram.sam@gmail.com,,,,,,,,,,,,,,,,,,,,,,,,,,,,,,,,,,,,,,,,,,,,,,,,,,,,,,,,,,,,,
Samuel,,Aviram,,,,,,,,,,,,,,Imported 8/1/13 ::: Imported on 4/29 ::: * myContacts,* Other,saviram@rogers.com,Other,saviram1@yahoo.com,,,,,,,Radio,samaviram,Mobile,+972 (54) 4763434,Home,+1 (905) 7636698,,,,,,,Work,"447 Mullen Dr.
Thornhill, ON  L4J 2N9
United States of America","447 Mullen Dr. Thornhill, ON L4J 2N9",,,,L4J 2N9,United States of America,,,,,,,,,,,,,,,,,,,,,,,,Sync.ME profile,http://sync.me/profile/KwQlmNijt9yQqf07EZWDlmjsEJlWkFP1QIpujfrvn9HARpRGNYUegek,,,,,Photo,https://www.google.com/s2/photos/private/AIbEiAIAAAAiCKP_6_LYlPDnERC0ktmqo_qZiZ0BGMi-wrTCtIulpAEwATYH3QEuVKa4yZWMh2wQ_VZq0K6s,,
Samuel,,Keret,,,,,,,,,,,,,https://lh3.googleusercontent.com/contacts/AG6tpzEx9hkALw3EOTo4DKGok59aHOnGWCaXDxQG4qIZesHOrQ1Wtj-3,Imported 8/1/13 ::: Waze ::: Imported on 4/29 ::: * myContacts,* Other,Samuel@linqmap.com,Other,shmulik@waze.com ::: samuel@waze.com,Work,skeret@google.com,,,,,Home,+972-3-5351879,Mobile,+972-52-6344844,,,,,,,,,Home,שטרן 59 א קרית אונו,59 א שטרן,קרית אונו,,,,,,,,,,,,,,,,,,,,,,,,,,,,Profile,http://www.google.com/profiles/108434230527639993121,,,,,,,,
San,,Quach,,,,,,,,,,,,Exchange E-mail Address: /o=BetterPlace/ou=Exchange Administrative Group (FYDIBOHF23SPDLT)/cn=Recipients/cn=squach,,* myContacts,* Other,San.Quach@betterplace.com,,,,,,,,,,,,,,,,,,,,,,,,,,,,,,,,,,,,,,,,,,,,,,,,Manager,Linda Palmor,,,,,,,,,,,,
Sara,,Helweg-Larsen,,,,,,,,Better Place Denmark A/S,Director of Communications,,,Exchange E-mail Address: /o=BetterPlace/ou=Exchange Administrative Group (FYDIBOHF23SPDLT)/cn=Recipients/cn=sarah,https://lh3.googleusercontent.com/contacts/AG6tpzFOcZjOD3YnEsmkhKXuGdBNRkkbIl_lk3mGOGMl4i-tUpVoe7AN,* myContacts,* Other,sara.helweg@betterplace.com,,,,,,,,,Pager,skype : sara.helweg.larsen,Mobile,45 22 14 00 00,Work,45 702 702 47,,,,,,,Work,"Enigheden
Bygmestervej 57
DK-2400 København NV
Denmark",Enigheden Bygmestervej 57,,,,DK-2400,Denmark,København NV,,,,,,,,,,,,,,,,,,,Manager,Jens Moberg,,,,,,,,,,,,
Sara,,Kaye,,,,,,,,Zaharon צהרון,,,,,,Imported 8/1/13 ::: Imported on 4/29 ::: * myContacts,* Home,sarakaye123@hotmail.com,,,,,,,,,Mobile,0547728176,,,,,,,,,,,,,,,,,,,,,,,,,,,,,,,,,,,,,,,,,,,,,,,,,,,
Sarah,,Askhim,,,,,,,,Better Place Denmark A/S,Student Worker,,,Exchange E-mail Address: /o=BetterPlace/ou=Exchange Administrative Group (FYDIBOHF23SPDLT)/cn=Recipients/cn=saraha,,* myContacts,* Other,Sarah.Askhim@betterplace.com,,,,,,,,,Mobile,45 40 23 44 11,Work,45 70 27 02 47,,,,,,,,,Work,"Enigheden
Bygmestervej 57
DK-2400 København NV
Denmark",Enigheden Bygmestervej 57,,,,DK-2400,Denmark,København NV,,,,,,,,,,,,,,,,,,,Manager,Betina Osander,,,,,,,,,,,,
Sarah,,Enrico,,,,,,,,,,,,Exchange E-mail Address: /o=BetterPlace/ou=Exchange Administrative Group (FYDIBOHF23SPDLT)/cn=Recipients/cn=senrico,,* myContacts,* Other,Sarah.Enrico@betterplace.com,,,,,,,,,,,,,,,,,,,,,,,,,,,,,,,,,,,,,,,,,,,,,,,,,,,,,,,,,,,,,
Sari,,Ohayon - תאונה,,,,,,,,,,,,,,* myContacts,,,,,,,,,,,Mobile,+972543130025,,,,,,,,,,,,,,,,,,,,,,,,,,,,,,,,,,,,,,,,,,,,,,,,,,,
Sarin,,Yeruham,,,,,,,,,,,,Exchange E-mail Address: /o=BetterPlace/ou=Exchange Administrative Group (FYDIBOHF23SPDLT)/cn=Recipients/cn=sariny,,* myContacts,* Other,Sarin.Yeruham@betterplace.com,,,,,,,,,Mobile,972 52 866 3399,,,,,,,,,,,,,,,,,,,,,,,,,,,,,,,,,,,,,,Manager,Eli Vahabi,,,,,,,,,,,,
Sarit,,Foox,,,,,,,,ESOP,VP Professional Affairs,,,,,* myContacts,* Home,sarit@esop.co.il,,,,,,,,,Work,035757088#,Home,035757088#8912,Mobile,+972 54-667-6026,,,,,,,,,,,,,,,,,,,,,,,,,,,,,,,,,,,,,,,,,,,,,,,
sarit,,Haim,,,,,,,,,,,,,https://lh3.googleusercontent.com/contacts/AG6tpzGx17A1dhSLJSZCywa66vvxLjj77aIW9kBK5JccvjtCaGAjG1WM,Imported 8/1/13 ::: Imported on 4/29 ::: * myContacts,,,,,,,,,,,Home,+972 (8) 8573171,Mobile,+972 (54) 6460163,Work,+972 (9) 7753705,,,,,,,Work,"Hakhita 5/4
Gan
Yavne
United States of America",5/4 Hakhita,Gan Yavne,,,,United States of America,,,,,,,,,,,,,,,,,,,,,,,,,,,,,,,,,
Sarit,,Porat,,,,,,,,שרון סוכנות לביטוח,,,,"Insurance

old: s2atl004@migdal-agents.co.il",,Imported 8/1/13 ::: Imported on 4/29 ::: * myContacts,* Work,sarit@sharon2000.co.il,,,,,,,,,Work,+972 77 4440800 x 2,,,,,,,,,,,,,,,,,,,,,,,,,,,,,,,,,,,,,,,,,,,,,,,,,,,
Sasha,,Music Teacher,,,,,,,,,,,,,,* myContacts,,,,,,,,,,,Mobile,+972547253288,,,,,,,,,,,,,,,,,,,,,,,,,,,,,,,,,,,,,,,,,,,,,,,,,,,
Satyajit,,Deb,,,,,,,,,,,,Exchange E-mail Address: /o=BetterPlace/ou=Exchange Administrative Group (FYDIBOHF23SPDLT)/cn=Recipients/cn=Satyajitd,,* myContacts,* Other,Satyajit.Deb@betterplace.com,,,,,,,,,Work,91-033-4449-9034,,,,,,,,,,,,,,,,,,,,,,,,,,,,,,,,,,,,,,Manager,Yariv Tal,,,,,,,,,,,,
Scaner,,,,,,,,,,,,,,Exchange E-mail Address: /o=BetterPlace/ou=Exchange Administrative Group (FYDIBOHF23SPDLT)/cn=Recipients/cn=Scan,,* myContacts,* Other,Scan@betterplace.com,,,,,,,,,,,,,,,,,,,,,,,,,,,,,,,,,,,,,,,,,,,,,,,,,,,,,,,,,,,,,
Scott,,Madigan,,,,,,,,,,,,,,Imported 8/1/13 ::: Imported on 4/29 ::: * myContacts,* Other,smadigan@tphone.us,Other,scott.madigan@corp.tphone.us,,,,,,,Home,+1 (770) 667-5664,Mobile,+1 (678) 576-4971,Work,+1 (678) 648-5092 x 205,,,,,,,,,,,,,,,,,,,,,,,,,,,,,,,,,,,,,,,,,,,,,,,
Scott,,Mortman,,,,,,,,BP Labs,Global Business Development,Global Team: Strategic Alliances,,Exchange E-mail Address: /o=BetterPlace/ou=Exchange Administrative Group (FYDIBOHF23SPDLT)/cn=Recipients/cn=scottm,,* myContacts,* Other,Scott.Mortman@betterplace.com,,,,,,,,,Mobile,972 54 830 0705,Work,972 73 790 2588,,,,,,,,,,,,,,,,,,,,,,,,,,,,,,,,,,,,,,,,,,,,,,,,,
Scott,,Reyna,,,,,,,,Better Place,Sr IT Support,,,Exchange E-mail Address: /o=BetterPlace/ou=Exchange Administrative Group (FYDIBOHF23SPDLT)/cn=Recipients/cn=sreyna,https://lh3.googleusercontent.com/contacts/AG6tpzGbqlNN77SNgvQLnw333aEOTXX9VlhWeevPMQ-9iqqJAvOId7D6,* myContacts,* Other,Scott.Reyna@betterplace.com,,,,,,,,,Mobile,1 415 218 4659,Work,1 650 845 7807,,,,,,,,,,,,,,,,,,,,,,,,,,,,,,,,,,,,Manager,Jay Sathe,,,,,,,,,,,,
Scott,,Taylor,,,,,,,,,,,,,,Imported 8/1/13 ::: Imported on 4/29 ::: * myContacts,* ,WS.Taylor@bellsouth.com,Home,scotttaylor@imcingular.com,,,,,,,,,,,,,,,,,,,,,,,,,,,,,,,,,,,,,,,,,,,,,,,,,,,,,,,,,,,
script,,test,,,,,,,,,,,,Exchange E-mail Address: /o=BetterPlace/ou=Exchange Administrative Group (FYDIBOHF23SPDLT)/cn=Recipients/cn=scriptest,,* myContacts,* Other,script.test@betterplace.com,,,,,,,,,,,,,,,,,,,,,,,,,,,,,,,,,,,,,,,,,,,,,,,,,,,,,,,,,,,,,
Seal Solutions Ethan Mold Guy,From,Michael,,,,,,,,,,,,,,* myContacts,,,,,,,,,,,Mobile,+14047046833,,,,,,,,,,,,,,,,,,,,,,,,,,,,,,,,,,,,,,,,,,,,,,,,,,,
Sefi,,Bar,,,,,,,,,,,,,https://lh3.googleusercontent.com/contacts/AG6tpzFImreSuKcK_Y1uZebi_ZdSpccqmCwSTTfjqhlIvdPtg01eMAlp,Imported on 4/29 ::: * myContacts,,,,,,,,,,,Mobile,+972542828928,,,,,,,,,,,,,,,,,,,,,,,,,,,,,,,,,,,,,,,,,,,,,,,,,,,
Sela,,Kotzer,,,,,,,,TopCo,System Analyst,R&D,,Exchange E-mail Address: /o=BetterPlace/ou=Exchange Administrative Group (FYDIBOHF23SPDLT)/cn=Recipients/cn=Selak,,* myContacts,* Other,Sela.Kotzer@betterplace.com,,,,,,,,,Pager,Skype: skotzer,Mobile,972 52 575 1754,Work,972 73 790 2147,,,,,,,,,,,,,,,,,,,,,,,,,,,,,,,,,,,,,,,,,,,,,,,
Sergei,,Lieberman,,,,,,,,,,,,Exchange E-mail Address: /o=BetterPlace/ou=Exchange Administrative Group (FYDIBOHF23SPDLT)/cn=Recipients/cn=Sergeil,,* myContacts,* Other,Sergei.Lieberman@betterplace.com,,,,,,,,,,,,,,,,,,,,,,,,,,,,,,,,,,,,,,,,,,,,,,,,,,,,,,,,,,,,,
Sergey,,Gutnik,,,,,,,,TopCo,OBS QA Team Leader,R&D Team: OBS,,Exchange E-mail Address: /o=BetterPlace/ou=Exchange Administrative Group (FYDIBOHF23SPDLT)/cn=Recipients/cn=SergeyG,,* myContacts,* Other,Sergey.Gutnik@betterplace.com,,,,,,,,,Mobile,972 54 222 6033,Work,972 73 790 2273,,,,,,,,,,,,,,,,,,,,,,,,,,,,,,,,,,,,Manager,Ilana dankovich,,,,,,,,,,,,
Sergey,,Izgiyaev,,,,,,,,TopCo,Systems Administrator,Ops,,Exchange E-mail Address: /o=BetterPlace/ou=Exchange Administrative Group (FYDIBOHF23SPDLT)/cn=Recipients/cn=sergeyi,https://lh3.googleusercontent.com/contacts/AG6tpzH_Gje9cg3htl8byRJ7oKFMu4LOer6vnsqCsGc_9KxAXJleEg0H,* myContacts,* Other,Sergey.Izgiyaev@betterplace.com,,,,,,,,,Mobile,+972 (54) 830 0651,Work,+972 (73) 790 2206,,,,,,,,,,,,,,,,,,,,,,,,,,,,,,,,,,,,Manager,Eyal Azran,,,,,,,,,,,,
Sergey,,Test1,,,,,,,,,,,,Exchange E-mail Address: /o=BetterPlace/ou=Exchange Administrative Group (FYDIBOHF23SPDLT)/cn=Recipients/cn=Sergey.Test1,,* myContacts,* Other,Sergey.Test1@betterplace.com,,,,,,,,,,,,,,,,,,,,,,,,,,,,,,,,,,,,,,,,,,,,,,,,,,,,,,,,,,,,,
,,,,,,,,,,Excellence (אקסלנס),,,,,,Imported 8/1/13 ::: Imported on 4/29 ::: * myContacts,* Home,service@xnes.co.il,,,,,,,,,Mobile,*389549,Work,03-7536655,,,,,,,,,Home,"ז'בוטינסקי 7
מגדל משה אביב
רמת גן 52520 ::: ז'בוטינסקי 7
מגדל משה אביב
רמת גן 52520","ז'בוטינסקי 7 מגדל משה אביב רמת גן ::: מגדל משה אביב
ז'בוטינסקי 7", ::: רמת גן, ::: , ::: ,52520 ::: 52520, ::: , ::: ,,,,,,,,,,,,,,,,,,,,,,,Home,http://www.xnes.co.il/,,,,,,,,
Services,,Fax,,,,,,,,,,,,Exchange E-mail Address: /o=BetterPlace/ou=Exchange Administrative Group (FYDIBOHF23SPDLT)/cn=Recipients/cn=SerFax,,* myContacts,* Other,Services.Fax@betterplace.com,,,,,,,,,,,,,,,,,,,,,,,,,,,,,,,,,,,,,,,,,,,,,,,,,,,,,,,,,,,,,
Seth,,Greenberg,,,,,,,,,,,,,,Imported 8/1/13 ::: Imported on 4/29 ::: * myContacts,* Other,greenberg.marketing@gmail.com,,,,,,,,,,,,,,,,,,,,,,,,,,,,,,,,,,,,,,,,,,,,,,,,,,,,,,,,,,,,,
Shabeen,,Chollampat,,,,,,,,Better Place Inc.,Accounting Consultant,Finance,,Exchange E-mail Address: /o=BetterPlace/ou=Exchange Administrative Group (FYDIBOHF23SPDLT)/cn=Recipients/cn=schollampat,,* myContacts,* Other,Shabeen.Chollampat@betterplace.com,,,,,,,,,Work,1 650 845 2853,,,,,,,,,,,,,,,,,,,,,,,,,,,,,,,,,,,,,,Manager,Reed Birnbaum,,,,,,,,,,,,
Shachaf,,,,,,,,,,,,,,,,Imported 8/1/13 ::: Imported on 4/29 ::: * myContacts,,,,,,,,,,,Mobile,+972 (52) 2941637,,,,,,,,,,,,,,,,,,,,,,,,,,,,,,,,,,,,,,,,,,,,,,,,,,,
Shachar,,Ebel,,,,,,,,TTI,,,,,,Imported 8/1/13 ::: Imported on 4/29 ::: * myContacts,* Other,ebel@mobitville.com,Other,shachare@tti-telecom.com,,,,,,,Mobile,+972 (54) 7779764,Work,+972 (3) 9269764,,,,,,,,,,,,,,,,,,,,,,,,,,,,,,,,,,,,,,,,,,,,,,,,,
Shachar,,Sharon,,,,,,,,Zamzi ביטוחים,Insurance,,,,https://lh3.googleusercontent.com/contacts/AG6tpzHsIR5y6ZYRMwCWM2mBmyY_ArpgkzdEZT-6Q0ubZN9rLQdHxjGW,Imported 8/1/13 ::: Imported on 4/29 ::: * myContacts,* Other,ShaharS@mvs.co.il,,,,,,,,,Mobile,+972 (52) 5454579,Work Fax,972774325321,Work,+972 (4) 85512023,,,,,,,,,,,,,,,,,,,,,,,,,,,,,,,,,,,,,,,,,,,,,,,
Shachar,,Shimoni,,,,,,,,,,,,,,Imported on 4/29 ::: * myContacts,* ,shacharsh@google.com,,,,,,,,,,,,,,,,,,,,,,,,,,,,,,,,,,,,,,,,,,,,,,,,,,,,,,,,,,,,,
Shachar,Tree,Cutter,,,,,,,,,,,,,,* myContacts,* Work,adikess@netvision.net.il,,,,,,,,,Mobile,+972522524734,,,,,,,,,,,,,,,,,,,,,,,,,,,,,,,,,,,,,,,,,,,,,,,,,,,
Shahaf,,Kieselstein,,,,,,,,TopCo,Program Managment Office,R&D,,Exchange E-mail Address: /o=BetterPlace/ou=Exchange Administrative Group (FYDIBOHF23SPDLT)/cn=Recipients/cn=Shahfk,https://lh3.googleusercontent.com/contacts/AG6tpzH6mCPpUJ3gJJz5H_E_3P2s8iDbYFwiQqoRh-bB4LyglqFconDO,* myContacts,* Other,Shahaf.Kieselstein@betterplace.com,,,,,,,,,Pager,Skype: shahaf.kieselstein,Mobile,972 54 323 3053,Work,972 73 790 2130,,,,,,,,,,,,,,,,,,,,,,,,,,,,,,,,,,Manager,Barak Hershkovitz,,,,,,,,,,,,
Shahaff,,Goder,,,,,,Shahaff,,,,,,,,Imported 8/1/13 ::: Imported on 4/29 ::: * myContacts,* Home,shahaff@goders.com,,,,,,,,,Home,+972 77-7002714,Mobile,+972 54-2501850,Work,+ 972-3-6042323,,,,,,,,,,,,,,,,,,,,,,,,,,,,,,,,,,,,,,,,,,,,,,,
Shahar,,Bin-Nun,,,,,,,,Press-sense,,,,,,Imported 8/1/13 ::: Imported on 4/29 ::: * myContacts,* Other,shaharb@humaneyes.com,Other,shahar@press-sense.com,,,,,,,Mobile,+1 (773) 600 7007,,,,,,,,,,,,,,,,,,,,,,,,,,,,,,,,,,,,,,,,,,,fb://profile/1850680604,,,,,,,,
Shahar,Clarinet,Teacher,,,,,,,,,,,,,,Imported on 4/29 ::: * myContacts,,,,,,,,,,,Mobile,+972545465565,,,,,,,,,,,,,,,,,,,,,,,,,,,,,,,,,,,,,,,,,,,,,,,,,,,
Shahar,,Papini,,,,,,,,,,,,,,Imported on 4/29 ::: * myContacts,* ,spapini@google.com,,,,,,,,,Home,058-6211039,,,,,,,,,,,,,,,,,,,,,,,,,,,,,,,,,,,,,,,,,,,,,,,,,,,
Shahar,,Plot,,,,,,,,Freelancing,QA & E-commerce Professional,,,,,Imported 8/1/13 ::: Imported on 4/29 ::: * myContacts,* Other,plot4ever@yahoo.com,,,,,,,,,,,,,,,,,,,,,,,,,,,,,,,,,,,,,,,,,,,,,,,,,,,,,,,,,,,,,
Shahar,,Ziv,,,,,,,,Better Place Inc.,Intern,Global Operations,,Exchange E-mail Address: /o=BetterPlace/ou=Exchange Administrative Group (FYDIBOHF23SPDLT)/cn=Recipients/cn=sziv,,* myContacts,* Other,Shahar.Ziv@betterplace.com,,,,,,,,,Work,1 650 319 8186,,,,,,,,,,,,,,,,,,,,,,,,,,,,,,,,,,,,,,Manager,Amit Nisenbaum,,,,,,,,,,,,
Shai,,,,,,,,,,,,,,,,* myContacts,,,,,,,,,,,Mobile,+972587009008,,,,,,,,,,,,,,,,,,,,,,,,,,,,,,,,,,,,,,,,,,,,,,,,,,,
Shai,,Agassi,,,,,,,,Better Place Inc.,Chief Executive Officer,,,Exchange E-mail Address: /o=BetterPlace/ou=Exchange Administrative Group (FYDIBOHF23SPDLT)/cn=Recipients/cn=sagassi,,* myContacts,* Other,Shai.Agassi@betterplace.com,,,,,,,,,Work,1 650 845 2828,,,,,,,,,,,Work,"1070 Arastradero Road, Suite 220
Palo Alto, California 94304
United States",Suite 220 1070 Arastradero Road,Palo Alto,,CA,94304,United States,,,,,,,,,,,,,,,,,,,,,,,,,,,,,,,,,
Shai,,Collin,,,,,,,,,Child Psychologist,,,,,Imported on 4/29 ::: * myContacts ::: * starred,,,,,,,,,,,Mobile,+972 52-330-6599,,,,,,,,,,,,,,,,,,,,,,,,,,,,,,,,,,,,,,,,,,,,,,,,,,,
Shai,,Fortuna,,,,,,,,wednesdaynightsoccer,,,,,https://lh3.googleusercontent.com/contacts/AG6tpzEPPRUd9yxf34Q3wLGNzYx40JeNb9oY1xMZddjcXGJvSJBc58P6,Imported 8/1/13 ::: wednesdaynightsoccer ::: Imported on 4/29 ::: * myContacts,* Other,shaifortuna@gmail.com,Other,shai@ateranetworks.com,,,,,,,Mobile,050-7862808,,,,,,,,,,,,,,,,,,,,,,,,,,,,,,,,,,,,,,,,,,,,,,,,,,,
Shai,,Jaffe,,,,,,,,,,,,,,Imported 8/1/13 ::: Imported on 4/29 ::: * myContacts,* Other,shaI.jaffe@GMAIL.COM,,,,,,,,,,,,,,,,,,,,,,,,,,,,,,,,,,,,,,,,,,,,,,,,,,,,Other,fb://profile/1441890824,,,,,Photo,https://lh3.googleusercontent.com/-ZU7bkKo-wp0/V4yomZSNhbI/AAAAAAAAAAA/mhBWCApQ6nkbQ5IZrLfinRs0MgR0OO0kgCOQCEAE/photo.jpg,,
Shai,,Milan,,,,,,,,,,,,"Group: Map Team
Israeli Mobile: 972.54.3070486
Mobile: +972.54.3070486",,Imported 8/1/13 ::: Imported 3/19/12 ::: Imported on 4/29 ::: * myContacts,,,,,,,,,,,,,,,,,,,,,,,,,,,,,,,,,,,,,,,,,,,,,,,,,,,,,,,,,,,,,,,
Shai,,Sharon,,,,,,,,wednesdaynightsoccer,,,,Mobile-2: 054-8115321,,Imported 8/1/13 ::: wednesdaynightsoccer ::: Imported on 4/29 ::: * myContacts,,,,,,,,,,,Mobile,054-6688551,,,,,,,,,,,,,,,,,,,,,,,,,,,,,,,,,,,,,,,,,,,,,,,,,,,
Shai,,Spizer,,,,,,,,,,,,Exchange E-mail Address: /o=BetterPlace/ou=Exchange Administrative Group (FYDIBOHF23SPDLT)/cn=Recipients/cn=shais,https://lh3.googleusercontent.com/contacts/AG6tpzEkOOuNa5O3Flb_4XVYLUTXM_bA2zcT7wwmN6oTpgXSNpGDPyL0,* myContacts,* Other,Shai.Spizer@betterplace.com,,,,,,,,,Mobile,052-8395304,,,,,,,,,,,,,,,,,,,,,,,,,,,,,,,,,,,,,,Manager,Yariv Tal,,,,,,,,,,,,
Shai,,Yagur,,,,,,,,,,,,,https://lh3.googleusercontent.com/contacts/AG6tpzF6zXi9f8-e4w8kMCDMWwxh35zTTubsVK3o1VGMk2Jv467hY6eh,Imported 8/1/13 ::: Imported on 4/29 ::: * myContacts,* Other,Shai.Yagur@betterplace.com,Other,shai.yag@gmail.com,,,,,,,Mobile,+972 54-8074063,,,,,,,,,,,,,,,,,,,,,,,,,,,,,,,,,,,,,,,,,,Other,fb://profile/754695995,Profile,http://www.google.com/profiles/109457284170207754880,,,,,,
Shalev,,Astapov,,,,,,,,,,,,Exchange E-mail Address: /o=BetterPlace/ou=Exchange Administrative Group (FYDIBOHF23SPDLT)/cn=Recipients/cn=shaleva,,* myContacts,* Other,Shalev.Astapov@betterplace.com,,,,,,,,,Mobile,972 52 617 3146,Work,972 73 790 2285,,,,,,,,,,,,,,,,,,,,,,,,,,,,,,,,,,,,,,,,,,,,,,,,,
Shalev,,Bashan,,,,,,Shalev,,,,,,<sn>id:100000366835756/friendof:809988573</sn>,https://lh3.googleusercontent.com/contacts/AG6tpzG4i4NgUZvWYxMmFW1AKlgYoua6KRDSN0zVuab5X6FQXnkqjAyz,Imported 8/1/13 ::: Imported on 4/29 ::: * myContacts ::: * starred,* Other,shalev.bashan@gmail.com,,,,,,,,,Mobile,+972 58-4740457,Home,+972 58-4740457,,,,,,,,,,,,,,,,,,,,,,,,,,,,,,,,,,,,,,,,Other,fb://profile/100000366835756,Profile,http://www.google.com/profiles/108097898030070771141,,,,,,
Shalhevet,,Nir,,,,,,,,,,,,,,Imported on 4/29 ::: * myContacts,* Home,flame.nir@gmail.com,,,,,,,,,Home,0524429090,,,,,,,,,,,,,,,,,,,,,,,,,,,,,,,,,,,,,,,,,,,,,,,,Photo,https://lh6.googleusercontent.com/-f3GxIpsv0jU/V4yWUyYCDUI/AAAAAAAAAAA/Z5mVr70Qw6kntLI_rDArMhVfCCwwnmoDwCOQCEAE/photo.jpg,,
Shalishoot,,7149,,,,,,,,,,,,,,Imported 8/1/13 ::: Imported on 4/29 ::: * myContacts,,,,,,,,,,,Other,+972 (3) 5482241,Work,+972 (3) 5482569,,,,,,,,,,,,,,,,,,,,,,,,,,,,,,,,,,,,,,,,,,,,,,,,,
Shalom,,Avitan,,,,,,,,,,,1967-05-27,,,Imported on 4/29 ::: * myContacts,,,,,,,,,,,,,,,,,,,,,,,Home,"haf
Rabat, Rabat-Salé-Zemmour-Zaer
Morocco",,haf,,,,Morocco,,,,,,,,,,,,,,,,,,,,,,,,Other,http://www.styyleme.com,,,,,Photo,https://lh5.googleusercontent.com/-a87nIqzqYmA/WceSD-Huv0I/AAAAAAAAAAA/NZLps6LGdmITN_ABufBDreMq0AtiG5WoQCOQCEAE/photo.jpg,,
Shamil,,Osipov,,,,,,,,,,,,,https://lh3.googleusercontent.com/contacts/AG6tpzHXP40UcjicodjEvxLYBgelWGx0yhh_qrHuiV1G3k-2C3ocl47n,Imported 8/1/13 ::: Imported on 4/29 ::: * myContacts,* Other,shamil@press-sense.com,,,,,,,,,Mobile,+972 50 4871310,,,,,,,,,,,,,,,,,,,,,,,,,,,,,,,,,,,,,,,,,,,,,,,,,,,
Shani,,,,,,,,,,,,,,Iris & Lior,,Imported 8/1/13 ::: Imported on 4/29 ::: * myContacts,,,,,,,,,,,Home,+972 (9) 7410786,,,,,,,,,,,,,,,,,,,,,,,,,,,,,,,,,,,,,,,,,,,,,,,,,,,
Shani,,Saadia,,,,,,,,,,,,,,Imported on 4/29 ::: * myContacts,* ,shanisaadia@waze.com,,shani@waze.com,Work,shanisaadia@google.com,,,,,Other,0546793809,,,,,,,,,,,,,,,,,,,,,,,,,,,,,,,,,,,,,,,,,,,,,,,,,,,
Shani,,Shuber,,,,,,,,מדעני העתיד,רכזת מנהלית,,,שני שובר,,Imported 8/1/13 ::: Imported on 4/29 ::: * myContacts,* ,shaniba@tauex.tau.ac.il,,,,,,,,,Work,03-6408469,,,,,,,,,,,,,,,,,,,,,,,,,,,,,,,,,,,,,,,,,,,,,,,,,,,
Shannon,,Kennelly,,,,,,,,,,,,,,Imported 8/1/13 ::: Imported on 4/29 ::: * myContacts,* Other,Shannon.Kennelly@BellSouth.com,Other,shannonkennelly@imcingular.com,,,,,,,Home,+17704832509,Work,+14049869870,,,,,,,,,,,,,,,,,,,,,,,,,,,,,,,,,,,,,,,,,,,,,,,,,
Sharon,,,,,,,,,,,,,,,https://lh3.googleusercontent.com/contacts/AG6tpzHGHgavui3u3mIj-TPHH3l3Sdvy5yDUOLtS5Sk35LHW-rrsHQUa,Imported 8/1/13 ::: Imported on 4/29 ::: * myContacts,,,,,,,,,,,Home,+12128748656,Mobile,+17039320584,Work,+17038481322,,,,,,,,,,,,,,,,,,,,,,,,,,,,,,,,,,,,,,,,,,,,,,,
Sharon,,,,,,,,,,,,,,Liz: 103,,Imported 8/1/13 ::: Imported on 4/29 ::: * myContacts,* Other,sharon@dolphinexpress.com,,,,,,,,,Mobile,+12017245739,Work,+19732533800105,,,,,,,,,,,,,,,,,,,,,,,,,,,,,,,,,,,,,,,,Profile,http://www.google.com/profiles/102467050126664439986,,,,,,,,
Sharon,,Azulai,,,,,,,,,,,,,,Imported 8/1/13 ::: Imported on 4/29 ::: * myContacts,* Other,Sharon_Azulai@merc int.com,,,,,,,,,Mobile,+1 (408) 3988991,,,,,,,,,,,,,,,,,,,,,,,,,,,,,,,,,,,,,,,,,,,,,,,,,,,
Sharon,,Bassis,,,,,,,,Inuitive,Admin Manager & HR Coordinator,,,,,Imported 8/1/13 ::: Imported on 4/29 ::: * myContacts,* Other,sharon@press-sense.com,Other,sharonbasis@hotmail.com,,,,,,,Mobile,+972 54 7719150,Work,+972 4-6260318 Ext 150,,,,,,,,,Work,United States of America,,,,,,United States of America,,,,,,,,,,,,,,,,,,,,,,,,Other,www.press-sense.com,Home Page,http://www.press-sense.com,,,,HR Coordinator,,
Sharon,,ilan,,,,,,,,OpCo,purchasing responsible,SCM,,Exchange E-mail Address: /o=BetterPlace/ou=Exchange Administrative Group (FYDIBOHF23SPDLT)/cn=Recipients/cn=sharoni,https://lh3.googleusercontent.com/contacts/AG6tpzEwU6kqf0vsQT-bgX7M4Y9QM5MAcGhj7pDdjDurKIeL69XwCLic,* myContacts,* Other,Sharon.ilan@betterplace.com,,,,,,,,,Pager,Skype:  sharona.ilan,Home,Company Phone,Mobile,972 54 971 6065,Work,972 73 790 2138,,,,,,,,,,,,,,,,,,,,,,,,,,,,,,,,Manager,Hemi Kabir,,,,,,,,,,,,
Sharon,,Rothschild,,,,,,,,HP,,,,,,Imported 8/1/13 ::: Imported on 4/29 ::: * myContacts,* Other,sharon.rothschild@hp.com,,,,,,,,,Mobile,+972 54-5209390,Work,+972 8-9381963,,,,,,,,,,,,,,,,,,,,,,,,,,,,,,,,,,,,,,,,,,,,,,,,,
Sharon,,Shachar,,,,,,,,OpCo,Visitor center manager,Marketing,,Exchange E-mail Address: /o=BetterPlace/ou=Exchange Administrative Group (FYDIBOHF23SPDLT)/cn=Recipients/cn=sharons,,* myContacts,* Other,Sharon.Shachar@betterplace.com,,,,,,,,,Mobile,972 54 720 1543,Work,972 73 790 2237,,,,,,,,,,,,,,,,,,,,,,,,,,,,,,,,,,,,Manager,Dafna Agassi,,,,,,,,,,,,
Sharon,,Shaked,,,,,,,,,,,,,https://lh3.googleusercontent.com/contacts/AG6tpzFoOs5hqqefP5l4Yb57MfISHjhYvWj9xMjrX-_KbfWPvEOh42T8,Imported 8/1/13 ::: Imported on 4/29 ::: * myContacts,* Other,shaked3@gmail.com,,,,,,,,,,,,,,,,,,,,,,,,,,,,,,,,,,,,,,,,,,,,,,,,,,,,,fb://profile/605900864,,,,,,,,
Sharon,Tal,Bashan,,,,,,Sharon,,,,,,,https://lh3.googleusercontent.com/contacts/AG6tpzGNV1NCamTt9NqfkzMd7c-zPvjwEST3Ybi0p10_aUAXDQ6QF9Ai,Imported 8/1/13 ::: Imported on 4/29 ::: * myContacts,* Home,sharon.talbashan@gmail.com,Home,sushibu@yahoo.com,,,,,,,Mobile,+972 545315055,,,,,,,,,,,,,,,,,,,,,,,,,,,,,,,,,,,,,,,,,,Other,fb://profile/750434460,Sync.ME profile,http://sync.me/profile/k1QkjqhuuGF5jSBdEJ_hfsIu9YWMYspRqTx4fhQeiEXCHuLuAm3fA0S2EbM,,,,,,
Sharon,,Weinberg,,,,,,Sharon,,,,,,,,Imported 8/1/13 ::: Imported on 4/29 ::: * myContacts,* Home,sharon@media.mit.edu,,,,,,,,,Mobile,+1 (678) 777-0894,,,,,,,,,,,,,,,,,,,,,,,,,,,,,,,,,,,,,,,,,,,,,,,,,,,
Sharon,,Wisler,,,,,,,,,,,,Exchange E-mail Address: /o=betterplace/ou=exchange administrative group (fydibohf23spdlt)/cn=recipients/cn=evi,,* myContacts,* Other,Sharon.Wisler@betterplace.com,,,,,,,,,Mobile,972 54 523 0375,,,,,,,,,,,,,,,,,,,,,,,,,,,,,,,,,,,,,,Manager,Eli Vahabi,,,,,,,,,,,,
Sharona,,Eitan,,,,,,,,,SAP HCM,OBS,,Exchange E-mail Address: /o=BetterPlace/ou=Exchange Administrative Group (FYDIBOHF23SPDLT)/cn=Recipients/cn=sharonae,,* myContacts,* Other,Sharona.Eitan@betterplace.com,,,,,,,,,Mobile,972 54 839 5689,,,,,,,,,,,,,,,,,,,,,,,,,,,,,,,,,,,,,,Manager,Yariv Tal,,,,,,,,,,,,
Sharona,,Gitlits,,,,,,,,Rimon,Shalev's Teacher,,,,,Imported on 4/29 ::: * myContacts,* Work,sharona.gitlits@gmail.com,,,,,,,,,Home,09-774-5369,,,,,,,,,,,,,,,,,,,,,,,,,,,,,,,,,,,,,,,,,,,,,,,,,,,
Sharone,,Ben-Levi,,,,,,,,,,,,,,Imported 8/1/13 ::: Imported on 4/29 ::: * myContacts,* Other,Sharone.Ben-levi@audiocodes.com,,,,,,,,,,,,,,,,,,,,,,,,,,,,,,,,,,,,,,,,,,,,,,,,,,,,,,,,,,,,,
Shaul,,Shacham,,,,,,,,TopCo,Battery Expert,R&D,,Exchange E-mail Address: /o=BetterPlace/ou=Exchange Administrative Group (FYDIBOHF23SPDLT)/cn=Recipients/cn=shauls,,* myContacts,* Other,Shaul.Shacham@betterplace.com,,,,,,,,,Pager,Skype: Shaul.shacham,Mobile,972 54 323 3067,Work,972 73 790 2115,,,,,,,,,,,,,,,,,,,,,,,,,,,,,,,,,,Manager,Yoav Heichal,,,,,,,,,,,,
Shaul,,Zuk,,,,,,,,OpCo,Project Manager,Infrastructure,,Exchange E-mail Address: /o=BetterPlace/ou=Exchange Administrative Group (FYDIBOHF23SPDLT)/cn=Recipients/cn=shaulz,https://lh3.googleusercontent.com/contacts/AG6tpzH2f9Mj_2IRN8YuECVl1sWQZoVlJwm7BotaybJJz_zx0n0OloHK,* myContacts,* Other,Shaul.Zuk@betterplace.com,,,,,,,,,Mobile,972 54 744 6699,Work,972 73 790 2240,,,,,,,,,,,,,,,,,,,,,,,,,,,,,,,,,,,,Manager,Pini Liberman,,,,,,,,,,,,
Shay,,Dadosh,,,,,,,,,,,,,https://lh3.googleusercontent.com/contacts/AG6tpzGHx9fTMcKDAajLpa_mMj65AfNraG-LtZEC3TC24TDvU8JFvQjj,Imported 8/1/13 ::: Imported on 4/29 ::: * myContacts,* Other,shayd@press-sense.com,,,,,,,,,Mobile,+972 52 2366648,,,,,,,,,,,,,,,,,,,,,,,,,,,,,,,,,,,,,,,,,,,,,,,,,,,
Shay,,Gabay,,,,,,,,Product Management and Online Marketing Consulting,Manager,,,,https://lh3.googleusercontent.com/contacts/AG6tpzHQGpGHhLE_WkX9mvtBSLgfpzgAzHeCg_gv0YBxdq_LzKBzGwlL,Imported 8/1/13 ::: Imported on 4/29 ::: * myContacts,* Other,shayga777@yahoo.com,,,,,,,,,Home,+972 (9) 8912463,Mobile,+972 (54) 6842164,Work,+972 (4) 6260318 x126,,,,,,,,,,,,,,,,,,,,,,,,,,,,,,,,,,,,,,Other,fb://profile/536077177,,,,,,,,
Shay,,Lavi,,,,,,,,,,,,,,Imported on 4/29 ::: * myContacts,,,,,,,,,,,Mobile,050-732-1715,,,,,,,,,,,,,,,,,,,,,,,,,,,,,,,,,,,,,,,,,,,,,,,,,,,
Sheila,,Levy,,,,,,,,Abacus Property Management,Community Association Manager,,,,,* myContacts,* ,Sheila@abacusmgt.com,,,,,,,,,Other,+14042564200,,,,,,,,,,,,,,,,,,,,,,,,,,,,,,,,,,,,,,,,,,,,,,,,,,,
Shelagh,,Hammer,,,,,,,,Press-sense,VP Marketing,,,,https://lh3.googleusercontent.com/contacts/AG6tpzGg1TXVOiaum-xYdFesm2Jwvhh5WFrAxPtixnNA5d3l5aYgb9kP,Imported 8/1/13 ::: Imported on 4/29 ::: * myContacts,* Other,shelaghh@gmail.com,,,,,,,,,Mobile,+972 54-5224022,Work,"+972 4-6260318 , Ext. 160",,,,,,,,,Work,United States of America,,,,,,United States of America,,,,,,,,,,,,,,,,,,,,,,,,Other,fb://profile/748529099 ::: http://www.press-sense.com,,,,,,,,
Sheli,,Moalem,,,,,,,,,,,,"Group: Operations
Israeli Mobile: 972.54.3365933
Mobile: +972.54.3365933",https://lh3.googleusercontent.com/contacts/AG6tpzFnKGqoo2BEOr9B0dLkUps_0nuH7HiidjY5w-bwDdPLAynsMknH,Imported 8/1/13 ::: Waze ::: Imported 3/19/12 ::: new version ::: Imported on 4/29 ::: * myContacts,* ,sheli@wazearchive.goog,Obsolete,sheli@waze.com,,,,,,,Mobile,+972-54-3365933,,,,,,,,,,,Home,קיבוץ גלויות 15 הוד השרון,15 קיבוץ גלויות,הוד השרון,,,,,,,,,,,,,,,,,,,,,,,,,,,,,,,,,,,,,
Shelly,,Hozias,,,,,,,,OpCo,Sales Representative,M&S,,Exchange E-mail Address: /o=BetterPlace/ou=Exchange Administrative Group (FYDIBOHF23SPDLT)/cn=Recipients/cn=shellyh,https://lh3.googleusercontent.com/contacts/AG6tpzFP6x1PvlZvC2UXIvvidfDeROkJbW_WwWOIeNepmXX2DfiqT6uu,* myContacts,* Other,Shelly.Hozias@betterplace.com,,,,,,,,,Pager,Skype: Shelly.hozias,Mobile,972 54 323 3094,Work,972 73 970 2233,,,,,,,,,,,,,,,,,,,,,,,,,,,,,,,,,,Manager,Asaf Onn,,,,,,,,,,,,
Shelly,,Silverstein,,,,,,,,BetterPlace (Israel) LTD.,Human Resources Manager,G&A,,Exchange E-mail Address: /o=BetterPlace/ou=Exchange Administrative Group (FYDIBOHF23SPDLT)/cn=Recipients/cn=shulamits,https://lh3.googleusercontent.com/contacts/AG6tpzHV2zKUaKZeI9oBlz690IyiJUPzGNYyNmyW5b5eHNlrs3TVbgXj,* myContacts,* Other,Shelly.Silverstein@betterplace.com,,,,,,,,,Pager,Skype: Shulamit.Silverstein,Mobile,972 54 323 3056,Work,972 73 790 2113,,,,,,,Work,"Building #2
Kiriat Atidim
Tel Aviv 61581
Israel",Building #2,Tel Aviv,,,61581,Israel,Kiriat Atidim,,,,,,,,,,,,,,,,,,,Manager,Moshe Kaplinsky,,,,,,,,,,,,
Shenhav,,Dror,,,,,,,,,,,2006-08-28,<sn>id:1021723626/friendof:809988573</sn>,,Imported 8/1/13 ::: Imported on 4/29 ::: * myContacts,,,,,,,,,,,Home,+972 (8) 9911344,Mobile,+972 (54) 6614643,,,,,,,,,Home,"6833 Glenlake pkwy
Apt. 33-B
Atlanta
GA
30328
United States of America",Apt. 33-B 6833 Glenlake pkwy,Atlanta,,GA,30328,United States of America,,,,,,,,,,,,,,,,,,,,,,,,,fb://profile/1021723626,Profile,http://www.google.com/profiles/107153177785493583012,,,,,,
Shimi,,Baliti,,,,,,,,Press-sense,,,,,https://lh3.googleusercontent.com/contacts/AG6tpzFprjWfgfwOUyHXESaVNstOsZu7XZxrQuILL4Dsj7T-PZchi3EM,Imported 8/1/13 ::: Imported on 4/29 ::: * myContacts,* Other,shimi@press-sense.com,Other,sbaliti@hotmail.com,,,,,,,Mobile,+972 (54) 7721343,,,,,,,,,,,,,,,,,,,,,,,,,,,,,,,,,,,,,,,,,,Other,fb://profile/644923957,,,,,,,,
Shimi,,Bornstein,,,,,,,,wednesdaynightsoccer,,,,,https://lh3.googleusercontent.com/contacts/AG6tpzGTPeafVAH3fYLoah33aj95fhuNd8ZESkAJWawDBk6fKtj7ENra,Imported 8/1/13 ::: wednesdaynightsoccer ::: Imported on 4/29 ::: * myContacts,* Other,shimi@c-soft.co.il,Home,shimi@ibooqu.co.il,,,,,,,Mobile,054-4604902,,,,,,,,,,,,,,,,,,,,,,,,,,,,,,,,,,,,,,,,,,,,,,,,,,,
Shimon,,Avraham,,,,,,,,TopCo,Back Office SW development Manager,R&D,,Exchange E-mail Address: /o=BetterPlace/ou=Exchange Administrative Group (FYDIBOHF23SPDLT)/cn=Recipients/cn=shimona,,* myContacts,* Other,Shimon.Avraham@betterplace.com,,,,,,,,,Mobile,972 52 299 6082,Work,972 73 790 2152,,,,,,,,,,,,,,,,,,,,,,,,,,,,,,,,,,,,Manager,Lior Storfer,,,,,,,,,,,,
Shimon,,Bouhbut,,,,,,,,ערבית ,,,,,,* myContacts,* ,shimon.bouhbut@gmail.com,,,,,,,,,Mobile,+972 54-999-5432,,,,,,,,,,,,,,,,,,,,,,,,,,,,,,,,,,,,,,,,,,,,,,,,,,,
Shimon,,Cohen,,,,,,,,,,,,Exchange E-mail Address: /o=BetterPlace/ou=Exchange Administrative Group (FYDIBOHF23SPDLT)/cn=Recipients/cn=Shimonc,https://lh3.googleusercontent.com/contacts/AG6tpzEsGTrRZ4RF6QVRegfJ5r91Y8F_IELTAtlhN4YyJKnI1kbOBW2L,* myContacts,* Other,Shimon.Cohen@betterplace.com,Other,shimon@nepcon.co.il ::: shimon.nepcon@gmail.com,,,,,,,Mobile,972 54 839 5386 ::: 050-5219769,Work,972 3 916 5386,,,,,,,,,,,,,,,,,,,,,,,,,,,,,,,,,,,,,,,,,,,,,,,,,
Shimon,,Tolts,,,,,,,,TopCo,QA Tester,R&D Team: QA,,Exchange E-mail Address: /o=BetterPlace/ou=Exchange Administrative Group (FYDIBOHF23SPDLT)/cn=Recipients/cn=shimont,https://lh3.googleusercontent.com/contacts/AG6tpzFcToRCaOalDGU38IMExCRxS12wyzP1I3XHZT1vbDXJwRe3Bl1l,* myContacts,* Other,Shimon.Tolts@betterplace.com,,,,,,,,,Mobile,972 54 971 6071,Work,972 73 790 2584,,,,,,,,,,,,,,,,,,,,,,,,,,,,,,,,,,,,Manager,Benji Selano,,,,,,,,,,,,
Shimon,,Yolvitz,,,,,,,,,Accountant,,,,,Imported 8/1/13 ::: Imported on 4/29 ::: * myContacts,,,,,,,,,,,Mobile,+972 54-5901968,Home,+972 97748269,,,,,,,,,,,,,,,,,,,,,,,,,,,,,,,,,,,,,,,,,,,,,,,,,
Shin-ichi,,Sugiyama,,,,,,,,Press-sense,,,,,https://lh3.googleusercontent.com/contacts/AG6tpzGk-s-y11vxgUecbOc84HeG1s_HQrLp3KCoEz96QU5i8Z6z5p_h,Imported 8/1/13 ::: Imported on 4/29 ::: * myContacts,* Other,/o=Press-Sense/ou=First Administrative Group/cn=Recipients/cn=s.sugiyama,Other,s.sugiyama@you-gain.co.jp,,,,,,,Mobile,+81 (90) 7198-0522,Work,+81 (48) 875-0531,Radio,s_sugibe,,,,,,,,,,,,,,,,,,,,,,,,,,,,,,,,,,,,,,Other,fb://profile/100001311482475,,,,,,,,
Shinichi,,Yamada,,,,,,,,,,,,Exchange E-mail Address: /o=BetterPlace/ou=Exchange Administrative Group (FYDIBOHF23SPDLT)/cn=Recipients/cn=syamada,,* myContacts,* Other,Shinichi.Yamada@betterplace.com,,,,,,,,,,,,,,,,,,,,,,,,,,,,,,,,,,,,,,,,,,,,,,,,,,,,,,,,,,,,,
Shir,,Aloni,,,,,,,,Novia,,Ux,,Exchange E-mail Address: /o=BetterPlace/ou=Exchange Administrative Group (FYDIBOHF23SPDLT)/cn=Recipients/cn=shira,https://lh3.googleusercontent.com/contacts/AG6tpzGluI5iYf2h6S2ZDj5CIWoTkMRE1CgfRHqDxMTTNh9l2pC7C2s9,* myContacts,* Other,Shir.Aloni@betterplace.com,,,,,,,,,Pager,skype: Shir.Aloni,Mobile,972 54 793 6934,,,,,,,,,,,,,,,,,,,,,,,,,,,,,,,,,,,,Manager,Barak Hershkovitz,,,,,,,,,,,,
Shira,,Shmuel,,,,,,,,,,,,Exchange E-mail Address: /o=BetterPlace/ou=Exchange Administrative Group (FYDIBOHF23SPDLT)/cn=Recipients/cn=shiras,,* myContacts,* Other,Shira.Shmuel@betterplace.com,,,,,,,,,Work,052-6922421,,,,,,,,,,,,,,,,,,,,,,,,,,,,,,,,,,,,,,Manager,Oren Kassif,,,,,,,,,,,,
Shiran,,Shalom,,,,,,,,,,,,Exchange E-mail Address: /o=BetterPlace/ou=Exchange Administrative Group (FYDIBOHF23SPDLT)/cn=Recipients/cn=shirans,,* myContacts,* Other,Shiran.Shalom@betterplace.com,,,,,,,,,Work,972 73 7902540,,,,,,,,,,,,,,,,,,,,,,,,,,,,,,,,,,,,,,,,,,,,,,,,,,,
Shiri,,Krispin,,,,,,,,OpCo,PR manager,Marketing,,Exchange E-mail Address: /o=BetterPlace/ou=Exchange Administrative Group (FYDIBOHF23SPDLT)/cn=Recipients/cn=ShiriK,https://lh3.googleusercontent.com/contacts/AG6tpzH6AI-cvQjEOsIO_ISHqV2WlgJuENc6vgbkz_TdwLI_KxM_ex_w,* myContacts,* Other,Shiri.Krispin@betterplace.com,,,,,,,,,Pager,skype: shiri.krispin,Mobile,972 54 323 3082,Work,972 73 790 2173,,,,,,,,,,,,,,,,,,,,,,,,,,,,,,,,,,Manager,Dafna Agassi,,,,,,,,,,,,
Shirli,,Gabay,,,,,,,,,,,,"Group: Support
Israeli Mobile: 972.54.5708242
Mobile: +972.54.5708242",,Imported 8/1/13 ::: Imported 3/19/12 ::: Imported on 4/29 ::: * myContacts,* ,shirli@waze.com,,shirli@linqmap.com,,,,,,,,,,,,,,,,,,,,,,,,,,,,,,,,,,,,,,,,,,,,,,,,,,,,,,,,,,,
Shirly,,Fridman,,,,,,,,Press-sense,Administrative Manager,,,,https://lh3.googleusercontent.com/contacts/AG6tpzFLw_bxs1jFClDqJgh4p7Cqrv0wq8i19gPgCJWBx4VgWuLgevBm,Imported 8/1/13 ::: Imported on 4/29 ::: * myContacts,* Other,Shirly@press-sense.com,,,,,,,,,Mobile,+972 54-7719183,Work,+972 4-6260318 Ext 100,,,,,,,,,,,,,,,,,,,,,,,,,,,,,,,,,,,,,,,,,,,,,,,,,
Shirly,,Gabay,,,,,,,,,,,,,https://lh3.googleusercontent.com/contacts/AG6tpzHD6hgx_MD11QjgwgsHbb-ekw46TdgBibLkTo9X6nJ9YW2gQ3Fz,Imported 8/1/13 ::: Waze ::: Imported on 4/29 ::: * myContacts,,,,,,,,,,,Home,+972-77-3204208,Mobile,+972-54-5708242,,,,,,,,,Home,הדישון 1 ירושלים 96956,1 הדישון,ירושלים,,,96956,,,,,,,,,,,,,,,,,,,,,,,,,Profile,http://www.google.com/profiles/111574501315354996412,,,,,,,,
Shlomi Atia,,,,,,,,,,,,,,,,Imported on 4/29 ::: * myContacts,* ,shlomia@waze.com,,shlomi.atia@gmail.com ::: shlomia@google.com,,,,,,,Mobile,+972 53-275-7095,,,,,,,,,,,,,,,,,,,,,,,,,,,,,,,,,,,,,,,,,,,,,,,,,,,
Shlomi,,Bernthal,,,,,,,,Followap,Product Manager,,2006-12-23,,https://lh3.googleusercontent.com/contacts/AG6tpzG8ipsjDn24b6E5KtSG-qOli_sbbAi25dmbWd090sPlgoSSsRSS,Imported 8/1/13 ::: Imported on 4/29 ::: * myContacts,* Other,shlomibe@gmail.com,,,,,,,,,Home,+972 (3) 6471047,Home Fax,+972 3-647-1054,Mobile,972-54-458-8669,Radio,sberthal,,,,,,,,,,,,,,,,,,,,,,,,,,,,,,,,,,,,Other,http://www.shlomi.net,Sync.ME profile,http://sync.me/profile/QsRZBMJkthFI5MF9HN4cLSZSN09RbqJCbqOumuKI28vKGmph-KnDPUgBPTAkWF31pu2Y,,,,,,
Shlomi,,Dahan,,,,,,,,,,,,,https://lh3.googleusercontent.com/contacts/AG6tpzEzDtYX1MOpTI7fNauDJsSJVooeiAce7Th8p2g4c3IQuPnQX-Hs,Imported 8/1/13 ::: Imported on 4/29 ::: * myContacts,* Other,shlomi.d100@gmail.com,,,,,,,,,,,,,,,,,,,,,,,,,,,,,,,,,,,,,,,,,,,,,,,,,,,,,,,,,,,,,
Shlomi,,Oren,,,,,,,,Creo,R&D manager,,,,,Imported 8/1/13 ::: Imported on 4/29 ::: * myContacts,* Other,shlomi.oren@Kodak.com,Other,shlomi_oren@hotmail.com ::: shlomi.oren@creo.com,,,,,,,Home,+972 3-5407117,Mobile,+972 54-9904980,Work,+972 3-9167980,,,,,,,,,,,,,,,,,,,,,,,,,,,,,,,,,,,,,,,,,,,,,,,
Shlomi,,"Toledo, PMP",,,,,,,,Comverse,Project Manager,,,LinkedIn Profile: https://www.linkedin.com/profile?viewProfile=&key=4188976,https://lh3.googleusercontent.com/contacts/AG6tpzHJn4QjLmtGY1C_xiHQtZFM7rQrp3pFGwYvjzHbHwJrfYyjAHhB,Imported 8/1/13 ::: Imported on 4/29 ::: * myContacts,* Other,shlomi_toledo@hotmail.com,,,,,,,,,,,,,,,,,,,,,,,,,,,,,,,,,,,,,,,,,,,,,,,,,,,,,,,,,,,,,
Shlomi,,ziv,,,,,,,,TopCo,QA tester,R&D,,Exchange E-mail Address: /o=BetterPlace/ou=Exchange Administrative Group (FYDIBOHF23SPDLT)/cn=Recipients/cn=shlomiz,https://lh3.googleusercontent.com/contacts/AG6tpzGry3Y_GoEtF45eZUkShUVYqeRIdr-pmch_uV-eQ-6mX6Z3K8Dp,* myContacts,* Other,Shlomi.ziv@betterplace.com,,,,,,,,,Pager,Skype: Shlomi.Ziv,Mobile,972 54 443 0989,Work,972 73 790 2136,,,,,,,,,,,,,,,,,,,,,,,,,,,,,,,,,,Manager,Motty Cohen,,,,,,,,,,,,
Shlomit,,Bracha,,,,,,,,,,,,,,* myContacts,,,,,,,,,,,Mobile,054-819-6222,,,,,,,,,,,,,,,,,,,,,,,,,,,,,,,,,,,,,,,,,,,,,,,,,,,
Shlomit,,Kohlany,,,,,,,,,,,,Exchange E-mail Address: /o=BetterPlace/ou=Exchange Administrative Group (FYDIBOHF23SPDLT)/cn=Recipients/cn=shlomitk,https://lh3.googleusercontent.com/contacts/AG6tpzHVOxJcVxLIzm8ZRKXdSuEVmDOv3pdR0GTvy_D8sFrvH5dPPY7p,* myContacts,* Other,Shlomit.Kohlany@betterplace.com,,,,,,,,,Mobile,972 52 33 66476,,,,,,,,,,,,,,,,,,,,,,,,,,,,,,,,,,,,,,Manager,Sergey Gutnik,,,,,,,,,,,,
Shlomit,,Tassa,,,,,,,,SIT - Systematic Inventive Thinking,Manager - Western Europe accounts team,,,LinkedIn Profile: https://www.linkedin.com/profile?viewProfile=&key=170234,,Imported 8/1/13 ::: Imported on 4/29 ::: * myContacts,* Other,shlomit@stanfordalumni.org,,shlomit.tassa@gmail.com,,,,,,,,,,,,,,,,,,,,,,,,,,,,,,,,,,,,,,,,,,,,,,,,,,,fb://profile/569843696,,,,,,,,
,,Shlomo,,,,,,,,"מתקן דודים, אינסטלטור",,,,,,Imported 8/1/13 ::: Imported on 4/29 ::: * myContacts,,,,,,,,,,,Mobile,0548086108,,,,,,,,,,,,,,,,,,,,,,,,,,,,,,,,,,,,,,,,,,,,,,,,,,,
Shlomo,,Ben David (Benda),,,,,,,,,,,,,,Imported 8/1/13 ::: Imported on 4/29 ::: * myContacts,* Other,Benda@Press-sense.com,,,,,,,,,,,,,,,,,,,,,,,,,,,,,,,,,,,,,,,,,,,,,,,,,,,,,fb://profile/813328849,,,,,,,,
Shlomo,Benda,Ben-David,,,,,,,,Press-Sense,CEO,,,,,Imported 8/1/13 ::: Imported on 4/29 ::: * myContacts,* Other,Benda@press-sense.com,,,,,,,,,Mobile,+972 (54) 7719123,Work,+97246260318119 ::: +972 (4) 6260318 x 119,,,,,,,,,,,,,,,,,,,,,,,,,,,,,,,,,,,,,,,,Sync.ME profile,http://sync.me/profile/83aaKdpv1r4FDKXNuA9-Y82cfheZdDMx_jye8EUPNyOmDIIFyXK-gP48050TfA,Other,fb://profile/813328849,,,Photo,https://lh3.googleusercontent.com/-hrD7hXDp6IE/V4yqXbn15vI/AAAAAAAAAAA/1QB5DIlTua8HEWszmqNkNW9jnhAyCBWtwCOQCEAE/photo.jpg,,
Shlomo,,Dovrat,,,,,,,,,,,,,,Imported 8/1/13 ::: Imported on 4/29 ::: * myContacts,* Other,sdovrat@carmelventures.com,,,,,,,,,,,,,,,,,,,,,,,,,,,,,,,,,,,,,,,,,,,,,,,,,,,,,,,,,,,,,
Shlomo,,Segal,,,,,,,,"אולם תל""י",,ורימון,,,,* myContacts,* Home,mediaforprisoners@gmail.com,,,,,,,,,Mobile,+972 53-952-0330,,,,,,,,,,,,,,,,,,,,,,,,,,,,,,,,,,,,,,,,,,,,,,,,,,,
Shlomo,,Zayit,,,,,,,,HP,,,,,,Imported 8/1/13 ::: Imported on 4/29 ::: * myContacts,* Other,shlomo.zayit@hp.com,,,,,,,,,Mobile,+972 545 899 673,Work,+972 8 938 8141,,,,,,,,,,,,,,,,,,,,,,,,,,,,,,,,,,,,,,,,Profile,http://www.google.com/profiles/108209385680117324753,,,,,,,,
Shmulik,,Keret,,,,,,,,,,,,"Group: Business Development
Israeli Mobile: 972.52.6344844
Mobile: +972.52.6344844",,Imported 8/1/13 ::: Imported 3/19/12 ::: Imported on 4/29 ::: * myContacts,,,,,,,,,,,,,,,,,,,,,,,,,,,,,,,,,,,,,,,,,,,,,,,,,,,,,,,,,,,,,,,
Shmulik,,Rosen,,,,,,,,,,,,,https://lh3.googleusercontent.com/contacts/AG6tpzGUuFqELa5-mUawIJLX7RlbjpD_Y1yg3pwuRUFEdaqBZ4xkMiq8,Imported 8/1/13 ::: Imported on 4/29 ::: * myContacts,* Other,samuel_r@netvision.net.il,Other,shmulik@press-sense.com,,,,,,,Mobile,+972 54-7719175,,,,,,,,,,,Work,"Nesher
90210
Israel",,Nesher,,,90210,Israel,,,,,,,,,,,,,,,,,,,,,,,,,,,,,,,,,
Shmulik,,Welelr,,,,,,,,,,,,,https://lh3.googleusercontent.com/contacts/AG6tpzG2jWE2XLQL8yGPqyK47mAzfflDn0n0rUU51XyOMEKruT1n7pHZ,Imported 8/1/13 ::: Imported on 4/29 ::: * myContacts,* Other,shmulik@veon.com,,,,,,,,,Mobile,+972 (54) 4468008,Work,+972 (9) 9563055 /121,,,,,,,,,,,,,,,,,,,,,,,,,,,,,,,,,,,,,,,,Profile,http://www.google.com/profiles/111290970396652254616,,,,,,,,
Shmupi,,Miclescu,,,,,,,,,,,1978-01-26,,,Imported on 4/29 ::: * myContacts,* Other,koto_no1@yahoo.com,,,,,,,,,,,,,,,,,,,,,Home,"Netanya, Central District
Israel",,Netanya,,Central District,,Israel,,,,,,,,,,,,,,,,,,,,,,,,,,,,,,Photo,https://lh4.googleusercontent.com/-mJVwPgYoDuI/WceTTrqmx7I/AAAAAAAAAAA/Euur0FvXNKAA2BOSuMWkmcsYO3USpCzxQCOQCEAE/photo.jpg,,
Shochet,,Ofer,,,,,,,,,,,,,,Imported 8/1/13 ::: Imported on 4/29 ::: * myContacts,,,,,,,,,,,Mobile,+972 (50) 7292339,,,,,,,,,,,,,,,,,,,,,,,,,,,,,,,,,,,,,,,,,,,,,,,,,,,
SHOOALY,HOLIM,KUPAT,,,,,,,,,,,,,,Imported 8/1/13 ::: Imported on 4/29 ::: * myContacts,,,,,,,,,,,Work,+972 (9) 7477979 ::: +972 (9) 7613221,,,,,,,,,,,,,,,,,,,,,,,,,,,,,,,,,,,,,,,,,,,,,,,,,,,
Shpigelman,,,,,,,,,,,,,,,,Imported 8/1/13 ::: Imported on 4/29 ::: * myContacts,,,,,,,,,,,Home,+972 (9) 7715371,Mobile,+972 (52) 2903691,,,,,,,,,,,,,,,,,,,,,,,,,,,,,,,,,,,,,,,,,,,,,,,,,
Shula,,Meidav,,,,,,Shula,,,,,,,https://lh3.googleusercontent.com/contacts/AG6tpzH6jfelTn2D2XMqVAgRCE8wCOsaKCDs7LFqMG_YVQYEpylu0Ole,Imported 8/1/13 ::: Imported on 4/29 ::: * myContacts ::: * starred,* Home,shula.meidav@gmail.com,,,,,,,,,Mobile,+972 (52) 2209528,,,,,,,,,,,,,,,,,,,,,,,,,,,,,,,,,,,,,,,,,,,,,,,,,,,
Shulamit,,Ron,,,,,,,,,,,,<sn>id:750804390/friendof:809988573</sn>,https://lh3.googleusercontent.com/contacts/AG6tpzHOy_qFfsz7mVlTGwWTUpUBXOPWLQCYp238O3DjOrpbB4-UQZW9,Imported 8/1/13 ::: Imported on 4/29 ::: * myContacts,* Other,ron-ber@bezeqint.net,Other,shulamit@press-sense.com,,,,,,,Home,+972 9 8910465,Mobile,+972 50-3344898,,,,,,,,,,,,,,,,,,,,,,,,,,,,,,,,,,,,,,,,Other,fb://profile/750804390,,,,,,,,
Shvetal,,Shah,,,,,,,,,,,,,,Imported 8/1/13 ::: Imported on 4/29 ::: * myContacts,* Other,Shvetal.Shah@BellSouth.com,Other,shvetalshah@imcingular.com,,,,,,,Work,+14044010617,,,,,,,,,,,,,,,,,,,,,,,,,,,,,,,,,,,,,,,,,,,,,,,,,,,
Sidney,,Goodman,,,,,,,,Better Place Inc.,VP of Automotive Alliances,Automotive Alliances,,Exchange E-mail Address: /o=BetterPlace/ou=Exchange Administrative Group (FYDIBOHF23SPDLT)/cn=Recipients/cn=sgoodman,https://lh3.googleusercontent.com/contacts/AG6tpzH1vQD1xL7ev364jqh9YNX-duvr0bFVB48568pUa0YUMpYRBTqX,* myContacts,* Other,Sidney.Goodman@betterplace.com,,,,,,,,,Home,972 547 689 895,Mobile,1 650 804 8460,Work,1 650 845 2829,,,,,,,Work,"1070 Arastradero Road, Suite 220
Palo Alto, California 94304
United States",Suite 220 1070 Arastradero Road,Palo Alto,,CA,94304,United States,,,,,,,,,,,,,,,,,,,,Manager,Shai Agassi,,,,,,,,,,,,
Sigal,,Keinan,,,,,,,,TTI,,,,,,Imported 8/1/13 ::: Imported on 4/29 ::: * myContacts,* Other,sigalk@tti-telecom.com,,,,,,,,,Home,+972 (9) 8989918,Mobile,+972 (54) 4430880,Work,+972 (3) 9269141,,,,,,,,,,,,,,,,,,,,,,,,,,,,,,,,,,,,,,,,,,,,,,,
Sigalit,,Galron,,,,,,,,Meitarim,Noga's Teacher,,,,,Imported 8/1/13 ::: Imported on 4/29 ::: * myContacts,* Other,sigalit.galron@meitarimraanana.org,,,,,,,,,Mobile,+972 52 6550868,,,,,,,,,,,,,,,,,,,,,,,,,,,,,,,,,,,,,,,,,,,,,,,,,,,
Sigalit,,Shavit,,,,,,,,,,,,,https://lh3.googleusercontent.com/contacts/AG6tpzGi5Z-MPJv09FPQPbJEkPtnirbLuhxFQekD5QwaQ7eQ6zmCOjYP,Imported 8/1/13 ::: Imported on 4/29 ::: * myContacts,* Other,sigalitshavit@walla.co.il,,,,,,,,,Mobile,+972 (54) 5746521,Radio,sigalitshavit,,,,,,,,,,,,,,,,,,,,,,,,,,,,,,,,,,,,,,,,,,,,,,,,,
Sigi & Udi,,,,,,,,,,,,,,,,Imported 8/1/13 ::: Imported on 4/29 ::: * myContacts,,,,,,,,,,,Home,+1 (770) 619-9994,Mobile,+1 (770) 309-2456,,,,,,,,,,,,,,,,,,,,,,,,,,,,,,,,,,,,,,,,,,,,,,,,,
Silvano,,Silva,,,,,,,,Better Place Inc.,Global IT Director,Global Planning and Operations - Global IT,,Exchange E-mail Address: /o=BetterPlace/ou=Exchange Administrative Group (FYDIBOHF23SPDLT)/cn=Recipients/cn=ssilva,https://lh3.googleusercontent.com/contacts/AG6tpzG4Hj1_tmnukeHRsn0rQ1-nuZ1x4FT1ciCKGA_PRN3D_HZvGUBe,* myContacts,* Other,Silvano.Silva@betterplace.com,,,,,,,,,Pager,Skype: Silvano.Silva2008,Mobile,1 650 996-7725,Work,1 650 845 2881,,,,,,,Work,"1070 Arastradero Road, Suite 220
Palo Alto, California 94304
United States",Suite 220 1070 Arastradero Road,Palo Alto,,CA,94304,United States,,,,,,,,,,,,,,,,,,,,Manager,Aliza Peleg,,,,,,,,,,,,
Sim,,Card,,,,,,,,,,,,,,* myContacts,,,,,,,,,,,Other,+17206943001,,,,,,,,,,,,,,,,,,,,,,,,,,,,,,,,,,,,,,,,,,,,,,,,,,,
Sima,,Drori,,,,,,,,TopCo,SAP Project Manager,R&D Team: OBS,,Exchange E-mail Address: /o=BetterPlace/ou=Exchange Administrative Group (FYDIBOHF23SPDLT)/cn=Recipients/cn=simad,https://lh3.googleusercontent.com/contacts/AG6tpzGycXpdrkw1maxqCgc5AcBDN6WqKwqkXav3g6V0bYQbpdhGXW38,* myContacts,* Other,Sima.Drori@betterplace.com,,,,,,,,,Mobile,972 52 365 5746,Work,972 73 790 2283,,,,,,,,,,,,,,,,,,,,,,,,,,,,,,,,,,,,Manager,Ilana dankovich,,,,,,,,,,,,
Simi,,Segal,,,,,,,,Opco,Region Manager- BSS,Infrastructure Team: BSS,,Exchange E-mail Address: /o=BetterPlace/ou=Exchange Administrative Group (FYDIBOHF23SPDLT)/cn=Recipients/cn=simis,,* myContacts,* Other,Simi.Segal@betterplace.com,,,,,,,,,Mobile,972 54 830 0714,Work,972 73 790 2708,,,,,,,,,,,,,,,,,,,,,,,,,,,,,,,,,,,,Manager,Mooly Atas,,,,,,,,,,,,
Simon & Wisel,,,,,,,,,,,,,,,,Imported 8/1/13 ::: Imported on 4/29 ::: * myContacts,,,,,,,,,,,Work,+972 (3) 6212777,,,,,,,,,,,,,,,,,,,,,,,,,,,,,,,,,,,,,,,,,,,,,,,,,,,
,,,,,,,,,,Israair,,,,,,* myContacts,* Home,site@israair.co.il,,,,,,,,,Mobile,03-795-5777,,,,,,,,,,,,,,,,,,,,,,,,,,,,,,,,,,,,,,,,,,,,,,,,,,,
Sivan,,Afek,,,,,,,,,,,,,,Imported on 4/29 ::: * myContacts,* ,sivang@waze.com,Work,sivang@google.com,,,,,,,Mobile,+972 (52) 6496147,,,,,,,,,,,,,,,,,,,,,,,,,,,,,,,,,,,,,,,,,,,,,,,,,,,
Sivan,,Whiteley,,,,,,,,"Better Place, Inc.",Associate General Counsel,G&A,,Exchange E-mail Address: /o=BetterPlace/ou=Exchange Administrative Group (FYDIBOHF23SPDLT)/cn=Recipients/cn=swhiteley,https://lh3.googleusercontent.com/contacts/AG6tpzFe9cS6r3mADHBjAjFSd9CcRvVy5V2QDS0Hxfc4mPcbxce7zaHk,* myContacts,* Other,Sivan.Whiteley@betterplace.com,,,,,,,,,Mobile,1 415 370 5897,Work,1 650 845 2800,,,,,,,,,Work,"1070 Arastradero Road, Suite 220
Palo Alto, CA 94304
United States",Suite 220 1070 Arastradero Road,Palo Alto,,CA,94304,United States,,,,,,,,,,,,,,,,,,,,Manager,David Kennedy,,,,,,,,,,,,
Smadar,,,,,,,,,,,,,,vet,,Imported 8/1/13 ::: Imported on 4/29 ::: * myContacts,* Other,yoni_tal@netvision.net.il,,,,,,,,,Home,+972 (3) 6734417,,,,,,,,,,,,,,,,,,,,,,,,,,,,,,,,,,,,,,,,,,,,,,,,,,,
snesin@gmail.com,,,,,,,,,,,,,,,https://lh3.googleusercontent.com/contacts/AG6tpzFsSTythA-6mJTuwmAhb80feQF0ImBhrf8cYkyHrM4gRrKh92rQ,Imported 8/1/13 ::: Imported on 4/29 ::: * myContacts,* ,snesin@gmail.com,,,,,,,,,,,,,,,,,,,,,,,,,,,,,,,,,,,,,,,,,,,,,,,,,,,,,,,,,,Photo,https://lh4.googleusercontent.com/-ErAaPTQFWH4/V4ywtHWvneI/AAAAAAAAAAA/12AMBbaJJs4CTbHmIyg6shi8CzVJE6XwACOQCEAE/photo.jpg,,
Solaredge,,Support,,,,,,,,,,,,,,* myContacts,* Home,support@solaredge.com,,,,,,,,,Home,*5497,Other,+97233760205,Mobile,073-2403122,,,,,,,,,,,,,,,,,,,,,,,,,,,,,,,,,,,,,,,,,,,,,,,
Solmar Villas,,,,,,,,,,Solmar Villas,,,,,,* myContacts,,,,,,,,,,,Mobile,+447418371891,,,,,,,,,,,,,,,,,,,,,,,,,,,,,,,,,,,,,,,,,,,,,,,,,,,
Søren,,Holmblad,,,,,,,,Better Place Denmark,Legal Manager,PA,,Exchange E-mail Address: /o=BetterPlace/ou=Exchange Administrative Group (FYDIBOHF23SPDLT)/cn=Recipients/cn=sorenh,https://lh3.googleusercontent.com/contacts/AG6tpzFYJA-GupUgOLrtgUEfrCfW0HLRG8GaH8ywPysITVGmC84jj6k-,* myContacts,* Other,Soren.Holmblad@betterplace.com,,,,,,,,,Mobile,45 25 65 21 30,Work,45 702 702 47,,,,,,,,,Work,"København NV 2400
Denmark",,,,,2400,Denmark,København NV,,,,,,,,,,,,,,,,,,,Manager,Marianne Wier,,,,,,,,,,,,
Søren M,,Nielsen,,,,,,,,Better Place Denmark A/S,Business Controller,Finance,,Exchange E-mail Address: /o=BetterPlace/ou=Exchange Administrative Group (FYDIBOHF23SPDLT)/cn=Recipients/cn=sorenm,,* myContacts,* Other,SorenM.Nielsen@betterplace.com,,,,,,,,,Mobile,45 31 73 05 07,Work,45 702 702 47,,,,,,,,,Work,"Bygmestervej 57, 1. sal
København, NV DK-2400
Denmark",1. sal 57 Bygmestervej,,,,2400,DK,"København, NV",,,,,,,,,,,,,,,,,,,,,,,,,,,,,,,,
Spencer Mold,,,,,,,,,,,,,,,,* myContacts,,,,,,,,,,,Other,+14048242696,,,,,,,,,,,,,,,,,,,,,,,,,,,,,,,,,,,,,,,,,,,,,,,,,,,
Squash Herzeliya,,,,,,,,,,,,,,,,Imported on 4/29 ::: * myContacts,,,,,,,,,,,Other,099557877,,,,,,,,,,,,,,,,,,,,,,,,,,,,,,,,,,,,,,,,,,,,,,,,,,,
Squash,,Raanana,,,,,,,,,,,,,,Imported 8/1/13 ::: Imported on 4/29 ::: * myContacts,,,,,,,,,,,Mobile,097448115,,,,,,,,,,,,,,,,,,,,,,,,,,,,,,,,,,,,,,,,,,,,,,,,,,,
Stacey,,Tsai,,,,,,,,Better Place Inc.,Intern,Utilities,,Exchange E-mail Address: /o=BetterPlace/ou=Exchange Administrative Group (FYDIBOHF23SPDLT)/cn=Recipients/cn=stsai,,* myContacts,* Other,Stacey.Tsai@betterplace.com,,,,,,,,,Work,1 650 845 2800,,,,,,,,,,,,,,,,,,,,,,,,,,,,,,,,,,,,,,Manager,Hugh McDermott,,,,,,,,,,,,
Stas,,Krasik,,,,,,,,TopCo,Mechanical Engineer,R&D,,Exchange E-mail Address: /o=BetterPlace/ou=Exchange Administrative Group (FYDIBOHF23SPDLT)/cn=Recipients/cn=stask,https://lh3.googleusercontent.com/contacts/AG6tpzET2yKgcu8a2eYuG_HBbLcgTKUz8KQJ_ywk7aOsRHsEaF3lxq5U,* myContacts,* Other,Stas.Krasik@betterplace.com,,,,,,,,,Pager,skype: stask32,Mobile,972 52 460 6034,Work,972 73 790 2217,,,,,,,,,,,,,,,,,,,,,,,,,,,,,,,,,,Manager,Itzik Solan,,,,,,,,,,,,
Stav,,Cooper,,,,,,,,OpCo,Receptionist,G&A,,Exchange E-mail Address: /o=BetterPlace/ou=Exchange Administrative Group (FYDIBOHF23SPDLT)/cn=Recipients/cn=StavC,https://lh3.googleusercontent.com/contacts/AG6tpzEajGeR4uYmSYUEKv-3O8u1jV0CaC9sZsb0trdtX3e-HI4h1mWg,* myContacts,* Other,Stav.Cooper@betterplace.com,,,,,,,,,Pager,Skype: Stav.Cooper,Mobile,972 54 680 4280,Work,972 73 790 2553,,,,,,,,,,,,,,,,,,,,,,,,,,,,,,,,,,Manager,Shelly Silverstein,,,,,,,,,,,,
Stav,,Yaar קייאקים,,,,,,,,,,,,,,* myContacts,,,,,,,,,,,Mobile,+972 50-230-2254,,,,,,,,,,,,,,,,,,,,,,,,,,,,,,,,,,,,,,,,,,,,,,,,,,,
Stephane,,Roubach,,,,,,,,TopCo,QA Team Leader,R&D Team: QA,,Exchange E-mail Address: /o=BetterPlace/ou=Exchange Administrative Group (FYDIBOHF23SPDLT)/cn=Recipients/cn=stephanr,https://lh3.googleusercontent.com/contacts/AG6tpzEYelC60Aeg5h29c9Ad4YqVYX1cMfb7_Q3dHsW_1JuhyAdXdDa7,* myContacts,* Other,Stephane.Roubach@betterplace.com,,,,,,,,,Pager,Skype: Stephaneraubach,Mobile,972 54 338 8025,Work,972 73 790 2241,,,,,,,,,,,,,,,,,,,,,,,,,,,,,,,,,,Manager,Yoni Danieli,,,,,,,,,,,,
Stephen,,Durr,,,,,,,,"OfficeMax, Inc.",Application Architect / Print and Document Services,,,,,Imported 8/1/13 ::: Imported on 4/29 ::: * myContacts,* Other,stephendurr@officemax.com,,,,,,,,,Mobile,+1 (630) 4382941,Work,+1 (630) 4387509,,,,,,,,,,,,,,,,,,,,,,,,,,,,,,,,,,,,,,,,,,,,,,,,,
Stephen,,Schneider,,,,,,,,Better Place Inc.,Utilities Consultant,Utilities,,Exchange E-mail Address: /o=BetterPlace/ou=Exchange Administrative Group (FYDIBOHF23SPDLT)/cn=Recipients/cn=sschneider,,* myContacts,* Other,Stephen.Schneider@betterplace.com,,,,,,,,,Work,1 650 845 2876,,,,,,,,,,,,,,,,,,,,,,,,,,,,,,,,,,,,,,Manager,Hugh McDermott,,,,,,,,,,,,
Steve,,Dowling,,,,,,,,Officemax Print & Document Services,"Manager, Digital Services",,,,,Imported 8/1/13 ::: Imported on 4/29 ::: * myContacts,* Other,sdowling1@officemax.com,,,,,,,,,Work,+1 (216) 4716581,,,,,,,,,,,,,,,,,,,,,,,,,,,,,,,,,,,,,,,,,,,,,,,,,,,
Steve,,Henkel,,,,,,,,Better Place Inc.,Contractor,Global Planning and Operations,,Exchange E-mail Address: /o=BetterPlace/ou=Exchange Administrative Group (FYDIBOHF23SPDLT)/cn=Recipients/cn=shenkel,,* myContacts,* Other,Steve.Henkel@betterplace.com,,,,,,,,,,,,,,,,,,,,,,,,,,,,,,,,,,,,,,,,,,,,,,,,Manager,Karen Garavatti,,,,,,,,,,,,
Steve,,Mazur,,,,,,,,Better Place Inc.,Contractor,BetterPlace North America,,Exchange E-mail Address: /o=BetterPlace/ou=Exchange Administrative Group (FYDIBOHF23SPDLT)/cn=Recipients/cn=smazur,https://lh3.googleusercontent.com/contacts/AG6tpzG6XwW-KfHyNIw2sRQcY5DOXzXMUmb1BJB3pfxDwvnjQLD8Xmso,* myContacts,* Other,Steve.Mazur@betterplace.com,,,,,,,,,Pager,Skype: samaze19,Mobile,1 808 469 5022,Work,1 808 366 2098,,,,,,,Work,"745 Fort Street, Suite 2100
Honolulu, HI 96813
United States",Suite 2100 745 Fort Street,Honolulu,,HI,96813,United States,,,,,,,,,,,,,,,,,,,,,,,,,,,,,,,,,
Steve,,Nardone,,,,,,,,BellSouth,Tech Architect,,,,,Imported 8/1/13 ::: Imported on 4/29 ::: * myContacts,* Other,steve.nardone@bellsouth.com,Other,stevenardone@imcingular.com,,,,,,,Home,+1 (770) 205-5071,Mobile,+1 (770) 310-4212,Other,+1 (404) 986-3906,Work,+1 (770) 927-2269,,,,,,,,,,,,,,,,,,,,,,,,,,,,,,,,,,,,Profile,http://www.google.com/profiles/101757763308071918368,,,,,,,,
Steve,,Sellers,,,,,,,,BellSouth,,,,NMLI,,Imported 8/1/13 ::: Imported on 4/29 ::: * myContacts,* Other,Steve.Sellers@BellSouth.com,Other,ssellers@imcingular.com,,,,,,,Pager,ssellers@imcingular.com,Work,+1 (205) 9773066,,,,,,,,,,,,,,,,,,,,,,,,,,,,,,,,,,,,,,,,,,,,,,,,,
Steven,,Finkel,,,,,,,,,,,,,,Imported 8/1/13 ::: Imported on 4/29 ::: * myContacts,* ,steven.finkel@xerox.com,,,,,,,,,,,,,,,,,,,,,,,,,,,,,,,,,,,,,,,,,,,,,,,,,,,,,,,,,,,,,
Storfer,,Dalia,,,,,,,,,,,,,,Imported 8/1/13 ::: Imported on 4/29 ::: * myContacts,,,,,,,,,,,Home,+972 (3) 6445323,Mobile,+972 (54) 4931994,,,,,,,,,,,,,,,,,,,,,,,,,,,,,,,,,,,,,,,,,,,,,,,,,
Stratogent,,Admin,,,,,,,,,,,,Exchange E-mail Address: /o=BetterPlace/ou=Exchange Administrative Group (FYDIBOHF23SPDLT)/cn=Recipients/cn=a_stratogent,,* myContacts,* Other,Admin) (Stratogent.Admin@betterplace.com,,,,,,,,,,,,,,,,,,,,,,,,,,,,,,,,,,,,,,,,,,,,,,,,,,,,,,,,,,,,,
Sue,,Fresco,,,,,,,,,,,,Exchange E-mail Address: /o=BetterPlace/ou=Exchange Administrative Group (FYDIBOHF23SPDLT)/cn=Recipients/cn=suef,https://lh3.googleusercontent.com/contacts/AG6tpzES1oAxbLWCh5F6s2KqRkVyMBzqX_dU9-_aKCSoEodgc_MbkWTE,* myContacts,* Other,Sue.Fresco@betterplace.com,,,,,,,,,Mobile,052-3207958,Work,972 73 790 2580,,,,,,,,,,,,,,,,,,,,,,,,,,,,,,,,,,,,Manager,Sima Drori,,,,,,,,,,,,
Suneet,,Sudan,,,,,,,,Betterplace,"Global Manager, Supply-Demand Planning",Supply Chain Operations,,Exchange E-mail Address: /o=BetterPlace/ou=Exchange Administrative Group (FYDIBOHF23SPDLT)/cn=Recipients/cn=ssudan,,* myContacts,* Other,Suneet.Sudan@betterplace.com,,,,,,,,,Mobile,1 408 375 4252,Work,1 650 845 2897,,,,,,,,,Work,"1070 Arastradero Road, Suite 220
Palo Alto, California 94304
United States",Suite 220 1070 Arastradero Road,Palo Alto,,CA,94304,United States,,,,,,,,,,,,,,,,,,,,Manager,Greg Stein,,,,,,,,,,,,
Supervisors,,,,,,,,,,,,,,,,* myContacts,* ,supervisors@linqmap.com,,supervisors@waze.com,,,,,,,,,,,,,,,,,,,,,,,,,,,,,,,,,,,,,,,,,,,,,,,,,,,,,,,,,,,
Support,Team Mailing,List,,,,,,,,,,,,,,* myContacts,* ,team.support@waze.com,,,,,,,,,,,,,,,,,,,,,,,,,,,,,,,,,,,,,,,,,,,,,,,,,,,,,,,,,,,,,
Susan,,Beard,,,,,,,,Press-sense,Regional Sales Engineer,,,,,Imported 8/1/13 ::: Imported on 4/29 ::: * myContacts,* Other,susan@press-sense.com,,,,,,,,,Work,+15854062002 ::: +1 (585) 421-3624,,,,,,,,,,,Other,"8 Margo Dr
Fairport, NY 14450",8 Margo Dr,Fairport,,NY,14450,,,,,,,,,,,,,,,,,,,,,,,,,,,,,,,,,,
Susan,,Cohen,,,,,,,,Mintz Levin,,,,,,Imported 8/1/13 ::: Imported on 4/29 ::: * myContacts,* Other,SJCohen@mintz.com,,,,,,,,,Work,(617) 348-4468,,,,,,,,,,,Work,"One Financial Center
Boston, MA 02111
United States of America",One Financial Center,Boston,,MA,02111,United States of America,,,,,,,,,,,,,,,,,,,,,,,,,,,,,,,,,
Susanne Beyer,,Svendsen,,,,,,,,Better Place Denmark,Legal Contract Manager,PA,,Exchange E-mail Address: /o=BetterPlace/ou=Exchange Administrative Group (FYDIBOHF23SPDLT)/cn=Recipients/cn=susannes,https://lh3.googleusercontent.com/contacts/AG6tpzGm39swb5eLYECpEHVArEkfufU47jeSMqAbku2Tde7bFvlUmI6u,* myContacts,* Other,susanne.beyer@betterplace.com,,,,,,,,,Mobile,45 31 20 04 05,Work,45 702 702 47,,,,,,,,,Work,"Bygmestervej 57, 1. sal
København NV 2400
Denmark",1. sal 57 Bygmestervej,,,,2400,Denmark,København NV,,,,,,,,,,,,,,,,,,,Manager,Marianne Wier,,,,,,,,,,,,
Sven,,Thesen,,,,,,,,Better Place Inc.,Business Development,Better Place North America,,Exchange E-mail Address: /o=BetterPlace/ou=Exchange Administrative Group (FYDIBOHF23SPDLT)/cn=Recipients/cn=sthesen,,* myContacts,* Other,Sven.Thesen@betterplace.com,,,,,,,,,Pager,Skype: sven.thesen,Mobile,1 415 225 7645,Work,1 650 845 2856,,,,,,,Work,"1070 Arastradero Road, Suite 220
Palo Alto, California 94304
United States",Suite 220 1070 Arastradero Road,Palo Alto,,CA,94304,United States,,,,,,,,,,,,,,,,,,,,Manager,Jason Wolf,,,,,,,,,,,,
tadiran,,,,,,,,,,tadiran,,,,,,* myContacts,,,,,,,,,,,Mobile,+972 54-146-6491,,,,,,,,,,,,,,,,,,,,,,,,,,,,,,,,,,,,,,,,,,,,,,,,,,,
Tal,,Abraham,,,,,,,,Safe Investments US,Real Estate Agent,,,From perfecto,,* myContacts,* ,tal.abraham@safeinvestments.us,,,,,,,,,Mobile,+972 54-782-0669,,,,,,,,,,,,,,,,,,,,,,,,,,,,,,,,,,,,,,,,,,,,,,,,,,,
Tal,,Agassi,,,,,,,,TopCo,Global Deployment Manager,Ops,,Exchange E-mail Address: /o=BetterPlace/ou=Exchange Administrative Group (FYDIBOHF23SPDLT)/cn=Recipients/cn=tala,https://lh3.googleusercontent.com/contacts/AG6tpzHKhLvE5xZLMNqLHUiYuJonlBMDpL-v6ggmfDb49seg2uGWhCay,* myContacts,* Other,Tal.Agassi@betterplace.com,,,,,,,,,Pager,Skype: Tal.Agassi,Mobile,972 54 806 7568,Work,972 73 790 2107,,,,,,,Work,"Building #2
Kiriat Atidim
Tel Aviv
61581
Israel",Building #2 Kiriat Atidim Tel Aviv 61581,,,,,Israel,,,,,,,,,,,,,,,,,,,,Manager,Moshe Kaplinsky,,,,,,,,,,,,
Tal,,Avery-Amit,,,,,,,,,,,,"Israeli Mobile: 972.54.5612014
Mobile: +972.54.5612014",,Imported 8/1/13 ::: Imported 3/19/12 ::: Imported on 4/29 ::: * myContacts,* ,toolamit@gmail.com,Work,talavery@google.com,Obsolete,tala@waze.com,,,,,Mobile,+972-54-5612014,,,,,,,,,,,,,,,,,,,,,,,,,,,,,,,,,,,,,,,,,,Profile,http://www.google.com/profiles/103235013436297919702 ::: http://www.google.com/profiles/105940408850043265935,,,,,,,,
Tal,,Brown,,,,,,,,TopCo,Real Time developer,R&D,,Exchange E-mail Address: /o=BetterPlace/ou=Exchange Administrative Group (FYDIBOHF23SPDLT)/cn=Recipients/cn=talb,https://lh3.googleusercontent.com/contacts/AG6tpzHsBnuiqdm5cyVSo9PmNyJ_hll6TLO1VmAJdUkcOErGpOaEx1GD,* myContacts,* Other,Tal.Brown@betterplace.com,,,,,,,,,Pager,Skype: Tal.Brown,Mobile,972 54 786 9698,Work,972 73 790 2153,,,,,,,,,,,,,,,,,,,,,,,,,,,,,,,,,,Manager,Tamir Khason,,,,,,,,,,,,
Tal,,Cohen,,,,,,,,TopCo,Grid Components Development Manager,R&D,,Exchange E-mail Address: /o=BetterPlace/ou=Exchange Administrative Group (FYDIBOHF23SPDLT)/cn=Recipients/cn=talc,,Imported on 4/29 ::: * myContacts,* Other,Tal.Cohen@betterplace.com,,talcohen@google.com,Home,tal@myseedtechfund.com,,,,,Pager,skype: tal.cohen.bp,Mobile,972 54 323 3089 ::: +972 52-6783070,Work,972 73 790 2216,,,,,,,,,,,,,,,,,,,,,,,,,,,,,,,,,,Manager,Barak Hershkovitz,,,,,,,,,,,,
Tal,,Goldberg,,,,,,,,NetCognition,,,,"<sn>id:625168630/friendof:809988573</sn>

Group: R&D
Israeli Mobile: 972.54.4999682
Mobile: +972.54.4999682",https://lh3.googleusercontent.com/contacts/AG6tpzEf5-mhhUuzo1CxfJ0ODRTvD9M6FNJUB_EGZbgQP3LQ3wtDvJi1,Imported 8/1/13 ::: Imported 3/19/12 ::: Imported on 4/29 ::: Server Developers ::: * myContacts,* Obsolete,tal@waze.com,Other,goldberg.tal@gmail.com,Work,talg@google.com,,tal@wazearchive.goog,,,Home,054-499-9682,Work,+972 (9) 7469752,,,,,,,,,,,,,,,,,,,,,,,,,,,,,,,,,,,,,,,,Other,fb://profile/625168630,,,,,,,,
Tal,,Hoffman,,,,,,,,,Noga's Teacher,,,,,Imported 8/1/13 ::: Imported on 4/29 ::: * myContacts,,,,,,,,,,,Mobile,+972 54 2620217,,,,,,,,,,,,,,,,,,,,,,,,,,,,,,,,,,,,,,,,,,Other,fb://profile/1017941971,,,,,,,,
Tal,,Ifrach,,,,,,,,Menora,,,,,,* myContacts,* ,TALIFR@menoramivt.co.il,,,,,,,,,Mobile,050-912-6897,,,,,,,,,,,,,,,,,,,,,,,,,,,,,,,,,,,,,,,,,,,,,,,,,,,
Tal,,Mager,,,,,,,,BP IL,Knowledge Management Associate,Sales,,Exchange E-mail Address: /o=BetterPlace/ou=Exchange Administrative Group (FYDIBOHF23SPDLT)/cn=Recipients/cn=talm,https://lh3.googleusercontent.com/contacts/AG6tpzH7EuyP42q4ha7im-TKXj8T82cMQbuSihm_BP-E2rNw_7bDGSeS,* myContacts,* Other,Tal.Mager@betterplace.com,,,,,,,,,Mobile,972 54 816 0006,Work,972 73 790 2591,,,,,,,,,Other,Israel,,,,,,Israel,,,,,,,,,,,,,,,,,,,,Manager,Lior Resnik,,,Home Page,http://picasaweb.google.com/talmager ::: http://facebook.com/talmager ::: http://twitter.com/TalMager ::: http://il.linkedin.com/pub/tal-mager/20/3a7/a53,,,,,,,,
Tal,,Meirav,,,,,,,,,,,,"Sharons sister, SpouseName, , WorkPhone, +972 (9) 7482111, WorkPager, , WorkFax, , JobTitle, , Company, , Department, , BusinessEmail, , BusinessWebPage, , WorkAddress, , WorkAddress2, , WorkCity, , WorkCountry, , WorkState, , WorkZipCode,",,Imported 8/1/13 ::: Imported on 4/29 ::: * myContacts,,,,,,,,,,,Mobile,+972 (52) 3873783,Work,+972 (9) 7482111,,,,,,,,,,,,,,,,,,,,,,,,,,,,,,,,,,,,,,,,,,,,,,,,,
Tal Neil,,Nevies,,,,,,,,New Buyers,,,,,,Imported on 4/29 ::: * myContacts,,,,,,,,,,,Other,+972 58-779-4468,,,,,,,,,,,,,,,,,,,,,,,,,,,,,,,,,,,,,,,,,,,,,,,,,,,
Tal,,Shalabi,,,,,,,,,,,,,https://lh3.googleusercontent.com/contacts/AG6tpzGsjsoWldj4vwj-TPOkoMernGWgiTrEvn-0ESjmXNgyACYtmjxd,Imported 8/1/13 ::: Imported on 4/29 ::: * myContacts,* Other,tal@press-sense.com,,,,,,,,,Mobile,+972 508422739,,,,,,,,,,,,,,,,,,,,,,,,,,,,,,,,,,,,,,,,,,Sync.ME profile,http://sync.me/profile/v-NC7FssYU2HFIJhZEb3g9tiRKVvg3sizDKLl3Yu,,,,,,,,
Tal,,Sorek,,,,,,,,,,,,,,Imported 8/1/13 ::: Imported on 4/29 ::: * myContacts,* Other,tsoreq@gmail.com,,,,,,,,,Mobile,+972545529855,,,,,,,,,,,,,,,,,,,,,,,,,,,,,,,,,,,,,,,,,,,,,,,,,,,
Tal,,Tsur,,,,,,,,,,,,,,Imported 8/1/13 ::: Imported on 4/29 ::: * myContacts,* ,ttsur@responsemedia.com,,,,,,,,,,,,,,,,,,,,,,,,,,,,,,,,,,,,,,,,,,,,,,,,,,,,,,,,,,,,,
Talal,,Yassine,,,,,,,,Better Place Australia,Chief Commercial Officer,Business Development,,Exchange E-mail Address: /o=BetterPlace/ou=Exchange Administrative Group (FYDIBOHF23SPDLT)/cn=Recipients/cn=Talaly,,* myContacts,* Other,Talal.Yassine@betterplace.com,,,,,,,,,Pager,Skype: talal_yassine,Mobile,61 0414 399 269,Work,61 3 86790814,Other Fax,61 2 9316 7423,,,,,Work,"2A Lord Street
Botany, NSW 2109
Australia",2A Lord Street,Botany,,NSW,2109,Australia,,,,,,,,,,,,,,,,,,,,Manager,Evan Thornley,,,,,,,,,,,,
Tali,,Ben-Simon,,,,,,,,OpCo,Executive Assistant to Global Standardization & Regulation,G&A,,Exchange E-mail Address: /o=BetterPlace/ou=Exchange Administrative Group (FYDIBOHF23SPDLT)/cn=Recipients/cn=talibs,,* myContacts,* Other,tali.ben.simon@betterplace.com,,,,,,,,,Mobile,972 50 303 3456,Work,972 73 790 2119,,,,,,,,,,,,,,,,,,,,,,,,,,,,,,,,,,,,Manager,Ziva Patir,,,,,,,,,,,,
Tali,,Benkel,,,,,,,,OpCo,Head of Economic Department,G&A,,Exchange E-mail Address: /o=BetterPlace/ou=Exchange Administrative Group (FYDIBOHF23SPDLT)/cn=Recipients/cn=talibe,https://lh3.googleusercontent.com/contacts/AG6tpzETmcNiuDZgRXHLyUqfDMAUzpHqLFJqyJrz2DTgiVvVnVGXJEU3,* myContacts,* Other,Tali.Benkel@betterplace.com,,,,,,,,,Pager,skype: tali.benkel,Mobile,972 50 770 3060,Work,972 73 790 2150,,,,,,,,,,,,,,,,,,,,,,,,,,,,,,,,,,Manager,Ran Matoki,,,,,,,,,,,,
Tali,Segall,Tsubery,,,,,,,,,,,,,,Imported 8/1/13 ::: Imported on 4/29 ::: * myContacts,* Other,ido.is.40@gmail.com,,,,,,,,,,,,,,,,,,,,,,,,,,,,,,,,,,,,,,,,,,,,,,,,,,,,,,,,,,,,,
Talia,,Hishtein Shapira,,,,,,,,OpOc,Account Manager,Sales Team: Corporate,,Exchange E-mail Address: /o=BetterPlace/ou=Exchange Administrative Group (FYDIBOHF23SPDLT)/cn=Recipients/cn=taliahs,https://lh3.googleusercontent.com/contacts/AG6tpzGJZovWwx-LQ9s05vOcQcpccR88LAy1kVaPTVQog79ztqX25raw,* myContacts,* Other,Talia.hishtein@betterplace.com,,,,,,,,,Mobile,972 54 425 4406,Work,972 73 790 2242,,,,,,,,,,,,,,,,,,,,,,,,,,,,,,,,,,,,Manager,Asaf Onn,,,,,,,,,,,,
Talma,,,,,,,,,,,,,,,,Imported 8/1/13 ::: Imported on 4/29 ::: * myContacts,* ,talma@talma.com,,,,,,,,,,,,,,,,,,,,,,,,,,,,,,,,,,,,,,,,,,,,,,,,,,,,,,,,,,,,,
Talya,,Seligman,,,,,,,,,,,,,,Imported on 4/29 ::: * myContacts,* ,talya@waze.com,Work,talya@google.com,,,,,,,Mobile,054-2607147,,,,,,,,,,,,,,,,,,,,,,,,,,,,,,,,,,,,,,,,,,Profile,http://www.google.com/profiles/100435342816181685436,,,,,,,,
Tamar,,Karako,,,,,,,,,,,,,,Imported 8/1/13 ::: Imported on 4/29 ::: * myContacts,* Other,tamark@tti-telecom.com,,,,,,,,,Mobile,+972 (52) 3392898,Work,+972 (3) 9269852,Home,+972 (3) 5360437,,,,,,,,,,,,,,,,,,,,,,,,,,,,,,,,,,,,,,,,,,,,,,,
Tamar,,Melzer,,,,,,,,,Flute Teacher,,,חליל,https://lh3.googleusercontent.com/contacts/AG6tpzG4auK78epgSqF3zQMI-rRuxghNxO232S5VC2xs6NEHagu3jzyh,Imported 8/1/13 ::: Imported on 4/29 ::: * myContacts,,,,,,,,,,,Work,054-3039868,,,,,,,,,,,,,,,,,,,,,,,,,,,,,,,,,,,,,,,,,,Sync.ME profile,http://sync.me/profile/EIvffP0fCXY7BKMJmnZKqJKWUbOmI2lad0qsm7DP,,,,,,,,
Tamar,,Steiner,,,,,,,,Press-sense,Product manager,,,,https://lh3.googleusercontent.com/contacts/AG6tpzHtXsupbfWpQkyBa8t_L3ArHXxBoPijoa8IeBl_h7CxQIftysth,Imported 8/1/13 ::: Imported on 4/29 ::: * myContacts,* Other,tamarsteiner@gmail.com,Other,tamar@press-sense.com,,,,,,,Mobile,+972 (54) 7719169,,,,,,,,,,,,,,,,,,,,,,,,,,,,,,,,,,,,,,,,,,,fb://profile/689043476,,,,,,,,
Tamar,,Sternau,,,,,,,,,,,,,,Imported 8/1/13 ::: Imported on 4/29 ::: * myContacts,* Other,sternau1@netvision.net.il,Other,tamar@hb.co.il,,,,,,,Home,+972 (9) 7740067,Mobile,+972 52 4576160,,,,,,,,,,,,,,,,,,,,,,,,,,,,,,,,,,,,,,,,,,,,,,,,,
Tamar,Verber,Alon,,,,,,,,TTI - NA,Budget Manager,,2006-09-20,,,Imported 8/1/13 ::: Imported on 4/29 ::: * myContacts,* Other,tamar@tti-telecom.com,,,,,,,,,Work Fax,+1 (770) 206-4701,Mobile,+1 (770) 354-4406,Work,+1 (770) 206-4739,Home,+1 (770) 395-1132,,,,,Home,"611 Summer Dr.
Atlanta
GA
30328
United States of America",611 Summer Dr,Atlanta,,GA,30328,United States of America,,Work,"1000 Abernathy Rd.
Suite#1850
400 North Park
Atlanta
GA
30328
United States of America",1000 Abernathy Rd. Suite#1850 400,Atlanta,,GA,30328,United States of America,North Park,,,,,,,,,,Manager,Eli Ofer,,,,http://www.tti-telecom.com,,,,,,,,
Tamara,,Vignanski,,,,Dr.,,,,,Eye Doctor,,,,,Imported 8/1/13 ::: Imported on 4/29 ::: * myContacts,,,,,,,,,,,Work,+972 9 7456541,,,,,,,,,,,Work,"הבנים 14, הוד השרון 45268",14 הבנים,הוד השרון,,,45268,,,,,,,,,,,,,,,,,,,,,,,,,,,,,,,,,,
Tami,,,,,,,,,,,,,,,,Imported 8/1/13 ::: Imported on 4/29 ::: * myContacts,,,,,,,,,,,Home,+972 (3) 6996176,,,,,,,,,,,,,,,,,,,,,,,,,,,,,,,,,,,,,,,,,,,,,,,,,,,
Tami,,Goder,,,,,,,,,,,,,,Imported on 4/29 ::: * myContacts,,,,,,,,,,,Mobile,+972544584478,,,,,,,,,,,,,,,,,,,,,,,,,,,,,,,,,,,,,,,,,,,,,,,,,,,
Tami,,Marash,,,,,,,,אמא של מיה,,,,,,Imported on 4/29 ::: * myContacts,,,,,,,,,,,Mobile,0545441289,,,,,,,,,,,,,,,,,,,,,,,,,,,,,,,,,,,,,,,,,,,,,,,,,,,
Tamir,,Akta,,,,,,,,Music center,,,,,https://lh3.googleusercontent.com/contacts/AG6tpzFIlHijIt7B-1H2j6UPXr1UoClA2bA1fLRqrgULt9SaHqAk2ZMH,Imported 8/1/13 ::: Imported 11/4/12 ::: Imported on 4/29 ::: * myContacts,,,,,,,,,,,Mobile,052-8197174,,,,,,,,,,,,,,,,,,,,,,,,,,,,,,,,,,,,,,,,,,,,,,,,,,,
Tamir,,Bachrach,,,,,,,,TTI,,,,,,Imported 8/1/13 ::: Imported on 4/29 ::: * myContacts,* Other,tamir@tti-telecom.com,,,,,,,,,Home,+972 (3) 6724168,Mobile,+972 (54) 7779187,Work,+972 (3) 9269187,,,,,,,,,,,,,,,,,,,,,,,,,,,,,,,,,,,,,,,,,,,,,,,
Tamir,,Khason,,,,,,,,TopCo,Senior SW Architect,R&D,,Exchange E-mail Address: /o=BetterPlace/ou=Exchange Administrative Group (FYDIBOHF23SPDLT)/cn=Recipients/cn=tamirk,https://lh3.googleusercontent.com/contacts/AG6tpzF9OFsgKmfY-6NeAfWJ_ehrnVS8e_XSHzks8g1DdqgElt9f5OXS,* myContacts,* Other,tamir.khason@betterplace.com,,,,,,,,,Pager,Skype: Tamir.Khason,Mobile,972 54 5696677,Work,972 73 7902133,,,,,,,,,,,,,,,,,,,,,,,,,,,,,,,,,,Manager,Yuval Gilboa,,,,,,,,,,,,
Tamir,,Shalom,,,,,,,,Hexagon Metrology,,,1956-09-12,,https://lh3.googleusercontent.com/contacts/AG6tpzFL7I07dAnkzElTJboJwRQOlBAEFzbxOUPdnBc9oqDSLOfEXcIB,Imported 8/1/13 ::: Imported on 4/29 ::: * myContacts,* Other,tamir@cognitens.com,Other,tbla@netvision.net.il,,,,,,,Mobile,+972 (54) 4417147,Radio,tamirshalomcognitens,,,,,,,,,,,,,,,,,,,,,,,,,,,,,,,,,,,,,,,,,fb://profile/827853264,,,,,,,,
Tamir,,Yatziv,,,,,,,,,,,,Exchange E-mail Address: /o=BetterPlace/ou=Exchange Administrative Group (FYDIBOHF23SPDLT)/cn=Recipients/cn=tamiry,,* myContacts,* Other,Tamir.Yatziv@betterplace.com,,,,,,,,,,,,,,,,,,,,,,,,,,,,,,,,,,,,,,,,,,,,,,,,,,,,,,,,,,,,,
Tamir,,Yedidya,,,,,,,,,,,,"Group: R&D
Israeli Mobile: 972.54.6368830
Mobile: +972.54.6368830",,Imported 8/1/13 ::: Imported 3/19/12 ::: Imported on 4/29 ::: * myContacts,* ,tamir@waze.com,Other,tamir@linqmap.com,Work,tamirye@google.com,,,,,,,,,,,,,,,,,,,,,,,,,,,,,,,,,,,,,,,,,,,,,,,,Profile,http://www.google.com/profiles/108277977655925105087,,,,,,,,
Tanya,,Bringauz,,,,,,,,TopCo,NMS Project Manager,R&D Team: OBS,,Exchange E-mail Address: /o=BetterPlace/ou=Exchange Administrative Group (FYDIBOHF23SPDLT)/cn=Recipients/cn=tanyab,,* myContacts,* Other,Tanya.Bringauz@betterplace.com,,,,,,,,,,,,,,,,,,,,,,,,,,,,,,,,,,,,,,,,,,,,,,,,Manager,Ilana dankovich,,,,,,,,,,,,
Tanya,,Manolo,,,,,,,,Inside Plaza,,,,,,* myContacts,,,,,,,,,,,Mobile,+34 622 83 46 56,,,,,,,,,,,,,,,,,,,,,,,,,,,,,,,,,,,,,,,,,,,,,,,,,,,
Tatyana,,Slobodnik,,,,,,,,,,,,Exchange E-mail Address: /o=BetterPlace/ou=Exchange Administrative Group (FYDIBOHF23SPDLT)/cn=Recipients/cn=talyanas,https://lh3.googleusercontent.com/contacts/AG6tpzHbEy9EevnxDaM0UzHSZ7CvRFgzAcg5sLY2EpDyRHq1lnqoBcKD,* myContacts,* Other,Tatyana.Slobodnik@betterplace.com,,,,,,,,,Mobile,972 50 916 5719,,,,,,,,,,,,,,,,,,,,,,,,,,,,,,,,,,,,,,Manager,Yariv Tal,,,,,,,,,,,,
Taxi,,,,,,,,,,,,,,,,Imported 8/1/13 ::: Imported on 4/29 ::: * myContacts,,,,,,,,,,,Work,+972 (9) 7713388,,,,,,,,,,,,,,,,,,,,,,,,,,,,,,,,,,,,,,,,,,,,,,,,,,,
Taxi Kokki ,,,,,,,,,,,,,,,,* myContacts,,,,,,,,,,,Other,+306944299023,,,,,,,,,,,,,,,,,,,,,,,,,,,,,,,,,,,,,,,,,,,,,,,,,,,
TE Office,,,,,,,,,,,,,,,,* myContacts,,,,,,,,,,,Other,+17706676937,,,,,,,,,,,,,,,,,,,,,,,,,,,,,,,,,,,,,,,,,,,,,,,,,,,
Ted,,Howard,,,,,,,,Global Dealz,Senior Partner,,,,,Imported 8/1/13 ::: Imported on 4/29 ::: * myContacts,* Other,thoward@globaldealz.com,,,,,,,,,Mobile,(650) 430-4800,Work,650-579-7347,,,,,,,,,Work,"509 North San Mateo Drive
San Mateo
CA
94401-2325
United States of America",509 North San Mateo Drive 2325,San Mateo,,CA,94401,United States of America,,,,,,,,,,,,,,,,,,,,,,,,,http://www.globaldealz.com,,,,,,,,
Ted,,Stump,,,,,,,,TTI - NA,Technical Account Manager,,2006-01-04,,,Imported 8/1/13 ::: Imported on 4/29 ::: * myContacts,* Other,ted@tti-telecom.com,Other,tstump@imcingular.com,,,,,,,Home,+1 (303) 6270026,Mobile,+1 (303) 8427966,Work,+1 (303) 6278677,,,,,,,Home,"22083 E. Peakview Dr.
Aurora
CO
80016
United States of America",22083 E. Peakview Dr,Aurora,,CO,80016,United States of America,,Work,"1000 Abernathy Rd.
Suite#1850
400 North Park
Atlanta
GA
30328
United States of America ::: 1000 Abernathy Rd.
Suite#1850
400 North Park
Atlanta, GA 30328
United States of America","Suite#1850
400 North Park
1000 Abernathy Rd ::: Suite#1850
400 North Park
1000 Abernathy Rd",Atlanta ::: Atlanta, ::: ,GA ::: GA,30328 ::: 30328,United States of America ::: United States of America, ::: ,,,,,,,,,,Manager,Ron Wojick,,,,http://www.tti-telecom.com,Sync.ME profile,http://sync.me/profile/cK3Pt48SZOQVWnZlFZj-22Aa4lJQesMKFzhUTeuxpX6mwEPkPgvO5S_Jg25qOA,,,,,,
tedx,,visit,,,,,,,,,,,,Exchange E-mail Address: /o=BetterPlace/ou=Exchange Administrative Group (FYDIBOHF23SPDLT)/cn=Recipients/cn=tedxvisit,,* myContacts,* Other,tedx.visit@betterplace.com,,,,,,,,,,,,,,,,,,,,,,,,,,,,,,,,,,,,,,,,,,,,,,,,,,,,,,,,,,,,,
Telemarketing,,Fax,,,,,,,,,,,,Exchange E-mail Address: /o=BetterPlace/ou=Exchange Administrative Group (FYDIBOHF23SPDLT)/cn=Recipients/cn=TeleFax,,* myContacts,* Other,Telemarketing.Fax@betterplace.com,,,,,,,,,,,,,,,,,,,,,,,,,,,,,,,,,,,,,,,,,,,,,,,,,,,,,,,,,,,,,
Temple,,Emanuel,,,,,,,,,,,,Ruth-anne (ext 214) or joy,,Imported 8/1/13 ::: Imported on 4/29 ::: * myContacts,,,,,,,,,,,Work,+17703529303,Other,+17703951343,,,,,,,,,Other,"1580 spalding
drive,
30350
United States of Ame","1580 spalding drive
United States of Ame",,,,30350,United States,,,,,,,,,,,,,,,,,,,,,,,,,,,,,,,,,
test,,,,,,,,,,,,,,Exchange E-mail Address: /o=BetterPlace/ou=Exchange Administrative Group (FYDIBOHF23SPDLT)/cn=Recipients/cn=test,,* myContacts,* Other,test@betterplace.com,,,,,,,,,,,,,,,,,,,,,,,,,,,,,,,,,,,,,,,,,,,,,,,,,,,,,,,,,,,,,
Test,,mailbox,,,,,,,,,,,,Exchange E-mail Address: /o=BetterPlace/ou=Exchange Administrative Group (FYDIBOHF23SPDLT)/cn=Recipients/cn=test1,,* myContacts,* Other,Test.mailbox@betterplace.com,,,,,,,,,,,,,,,,,,,,,,,,,,,,,,,,,,,,,,,,,,,,,,,,,,,,,,,,,,,,,
Test Xxx,,Test Yyy,,,,,,,,,,,,,,Imported on 4/29 ::: * myContacts,,,,,,,,,,,Home,1234-567-890,,,,,,,,,,,,,,,,,,,,,,,,,,,,,,,,,,,,,,,,,,,,,,,,,,,
Teva,,Habsor,,,,,,,,,,,,Fruits & Vegtables,,Imported 8/1/13 ::: Imported on 4/29 ::: * myContacts,,,,,,,,,,,Work,+972800259090,,,,,,,,,,,,,,,,,,,,,,,,,,,,,,,,,,,,,,,,,,,,,,,,,,,
The,,Marble Suites Plaka,,,,,,,,,,,,,,* myContacts,,,,,,,,,,,Mobile,+302103238438,,,,,,,,,,,,,,,,,,,,,,,,,,,,,,,,,,,,,,,,,,,,,,,,,,,
,,Theodore,,,,,,,,,Dr.,,,orthodont,,Imported 8/1/13 ::: Imported on 4/29 ::: * myContacts,,,,,,,,,,,Mobile,+972 (52) 852 4808,Work,+972 9-9544440 ::: +972 9-9540774,,,,,,,,,,,,,,,,,,,,,,,,,,,,,,,,,,,,,,,,,,,,,,,,,
Thomas,A King,(Tom),,,,,,,,Xerox,Senior Development Manager,,,,,Imported 8/1/13 ::: Imported on 4/29 ::: * myContacts,* Other,Thomas.King2@xerox.com,,,,,,,,,Home,+1 (310) 3762322,Mobile,+1 (310) 7401008,Work,+1 (310) 3336485,,,,,,,,,,,,,,,,,,,,,,,,,,,,,,,,,,,,,,,,,,,,,,,
Thomas,,Greisen,,,,,,,,Better Place Denmark,Senior Negotiator,Deployment,,Exchange E-mail Address: /o=BetterPlace/ou=Exchange Administrative Group (FYDIBOHF23SPDLT)/cn=Recipients/cn=thomasg,,* myContacts,* Other,Thomas.Greisen@betterplace.com,,,,,,,,,Mobile,45 30 37 25 21,Work,45 702 702 47,,,,,,,,,Work,"Bygmestervej 57
1. sal
København NV
2400
Denmark",1. sal 57 Bygmestervej,,,,2400,Denmark,København NV,,,,,,,,,,,,,,,,,,,Manager,Christian Breth,,,,,,,,,,,,
Thomas,Sandager,Hedegaard,,,,,,,,Better Place Denmark A/S,Business Development Manager,Sales,,Exchange E-mail Address: /o=BetterPlace/ou=Exchange Administrative Group (FYDIBOHF23SPDLT)/cn=Recipients/cn=Thomash,https://lh3.googleusercontent.com/contacts/AG6tpzGRx0Dr2VCMn0Cm-24DndV-Qxjuyse4wjzywkybmIMUDJVPQrZP,* myContacts,* Other,Thomas.Hedegaard@betterplace.com,,,,,,,,,Pager,skype: tshedegaard,Mobile,45 31 11 16 30,Work,45 702 702 47,,,,,,,Work,"Bygmestervej 57
DK-2400
København
Denmark",57 Bygmestervej,København,,,DK-2400,Denmark,,,,,,,,,,,,,,,,,,,,Manager,Torben Andersen,,,,,,,,,,,,
Tibor,,Varga,,,,,,,,Unisys,,,,,,Imported on 4/29 ::: * myContacts,* Other,mr.tibor.varga@gmail.com,,,,,,,,,,,,,,,,,,,,,,,,,,,,,,,,,,,,,,,,,,,,,,,,,,,,,,,,,,Photo,https://lh3.googleusercontent.com/-exLEMPoPxp4/WceTFwDw_3I/AAAAAAAAAAA/40HIVVMHxwQ30iUnxTflxs_hOodLgcJwwCOQCEAE/photo.jpg,,
ties Camp Ground Nagiso,,,,,,,,,,,,,,,,* myContacts,,,,,,,,,,,Mobile,+972818054090426 ::: +818054090426,,,,,,,,,,,,,,,,,,,,,,,,,,,,,,,,,,,,,,,,,,,,,,,,,,,
Tim,,Watts,,,,,,,,Better Place Australia,Corporate Affairs,Corporate Affairs,,Exchange E-mail Address: /o=BetterPlace/ou=Exchange Administrative Group (FYDIBOHF23SPDLT)/cn=Recipients/cn=twatts,,* myContacts,* Other,Tim.Watts@betterplace.com,,,,,,,,,Mobile,61 403 924 465,Work,61 3 8679 0817,Other Fax,61 3 86790880,,,,,,,,,,,,,,,,,,,,,,,,,,,,,,,,,,Manager,Alison Terry,,,,,,,,,,,,
Time Off,,Off,,,,,,,,,,,,Exchange E-mail Address: /o=BetterPlace/ou=Exchange Administrative Group (FYDIBOHF23SPDLT)/cn=Recipients/cn=TimeOff,,* myContacts,* Other,TimeOff@betterplace.com,,,,,,,,,,,,,,,,,,,,,,,,,,,,,,,,,,,,,,,,,,,,,,,,,,,,,,,,,,,,,
,,,,,,,,,,TimeWatch,,,,,,Imported 8/1/13 ::: Imported on 4/29 ::: * myContacts,* ,TimeWatch@timewatch.co.il,,,,,,,,,Mobile,08-9313081,,,,,,,,,,,,,,,,,,,,,,,,,,,,,,,,,,,,,,,,,,,,,,,,,,,
Timur,,Ginesin,,,,,,,,DAN-EL software solutions,Software Engineer,,,,https://lh3.googleusercontent.com/contacts/AG6tpzFsjtWmnEaTK5r0X5VnbPdTs70ohB2Yr7YaYJFTNlzopimYdEZk,Imported 8/1/13 ::: Imported on 4/29 ::: * myContacts,* Other,timur.ginesin@gmail.com,Other,timur@press-sense.com,,,,,,,Mobile,+972 544-280571,Work,+972 4-6260318,Work Fax,+972 4-6361540,,,,,,,,,,,,,,,,,,,,,,,,,,,,,,,,,,,,,,Other,http://www.press-sense.com,,,,,,,,
Tingting,,Lu,,,,,,,,AT&T,Lead Member of Techincal Staff,,,,,Imported 8/1/13 ::: Imported on 4/29 ::: * myContacts,* Other,tlu@imcingular.com,Other,tingting.lu@att.com ::: Tingting.Lu@BellSouth.com,,,,,,,Work,+1 (678) 366-9926,,,,,,,,,,,,,,,,,,,,,,,,,,,,,,,,,,,,,,,,,,Sync.ME profile,http://sync.me/profile/_UpVtCe7Oqg-NM1nz3h_Aprf3qT3h0Atn9kQks0,,,,,Photo,https://www.google.com/s2/photos/private/AIbEiAIAAAAiCKP_6_LYlPDnERDIiNXl4_-gtrwBGMbAkaDEsZy1ngEwAck7vV4ruvhb0eRaCdijFmCWUmB9,,
Todd,,Porter,,,,,,,,,,,,,,Imported 8/1/13 ::: Imported on 4/29 ::: * myContacts,* Other,tsporter@htprof.com,,,,,,,,,,,,,,,,,,,,,,,,,,,,,,,,,,,,,,,,,,,,,,,,,,,,,,,,,,,,,
Tollman’s,,,,,,,,,,,,,,,,* myContacts,,,,,,,,,,,Mobile,+972524839221,,,,,,,,,,,,,,,,,,,,,,,,,,,,,,,,,,,,,,,,,,,,,,,,,,,
Tom,,Feiner,,,,,,,,,,,,,,Imported 8/1/13 ::: Imported on 4/29 ::: * myContacts,* Work,tom@waze.com,,tom@wazearchive.goog ::: feinertom@waze.com,Work,feinertom@google.com,Obsolete,tom@waze.com,,,Mobile,0544435816,,,,,,,,,,,,,,,,,,,,,,,,,,,,,,,,,,,,,,,,,,,,,,,,,,,
Tomer,,Bashan,,,,,,,,,,,,"Group: R&D
Israeli Mobile: 972.57.7725502
Mobile: +972.57.7725502",https://lh3.googleusercontent.com/contacts/AG6tpzEWZpX4UbSAL94zoETOBgA2vMRd5IZC9ejjLv91ts_210KGKh13,Imported 8/1/13 ::: wednesdaynightsoccer ::: Imported 3/19/12 ::: Imported on 4/29 ::: Server Developers ::: * myContacts ::: * starred,* Other,tomer.bashan@gmail.com,Work,tomerbashan@google.com,Obsolete,tomerb@waze.com,Other,tomerb@wazearchive.goog ::: tomer@waze.com,,,Mobile,tomer_bashan ::: +972 53-772-5502,,,,,,,,,,,,,,,,,,,,,,,,,,,,,,,,,,,,,,,,,,Other,fb://profile/825823816,Profile,http://www.google.com/profiles/114798073397430857409 ::: http://www.google.com/profiles/116806934951986013615,,,,,,
Tomer,,Meidav,,,,,,Tomer Meidav,,,,,,,,Imported on 4/29 ::: * myContacts,,,,,,,,,,,Mobile,+972 58‑564‑5103,,,,,,,,,,,,,,,,,,,,,,,,,,,,,,,,,,,,,,,,,,,,,,,,,,,
Tomer,,Shtauber,,,,,,,,,,,,"Group: Map Team - Supervisor
Israeli Mobile: 972.54.4668885
Mobile: +972.54.4668885",https://lh3.googleusercontent.com/contacts/AG6tpzH69Beq0u9Oh7-Nn5P1-kB1gYk9lJDPCie6aWuDvWdZw-PVN4D4,Imported 8/1/13 ::: Waze ::: Imported 3/19/12 ::: Imported on 4/29 ::: * myContacts,* Other,tomers@waze.com,Work,tomersh@google.com,,,,,,,Mobile,+972-54-4668885,,,,,,,,,,,Home,דותן 7 כוכב יאיר,7 דותן,כוכב יאיר,,,,,,,,,,,,,,,,,,,,,,,,,,,,Profile,http://www.google.com/profiles/101866899548387343465,,,,,,,,
Tomer,,Tankel,,,,,,,,,,,,"Group: R&D
Israeli Mobile: 972.52.7499766
Mobile: +972.52.7499766",https://lh3.googleusercontent.com/contacts/AG6tpzHBqfRCun2OvooRbp8wR8klSEebFEwCz8sTA_2zm6TD4-xhN35r,Imported 8/1/13 ::: Waze ::: Imported 3/19/12 ::: Imported on 4/29 ::: * myContacts,,,,,,,,,,,Home,+972-9-7714602,Mobile,+972-52-7499766,,,,,,,,,Home,בגין 6/17 רעננה,6/17 בגין,רעננה,,,,,,,,,,,,,,,,,,,,,,,,,,,,,,,,,,,,,
Tommy,,Perez,,,,,,,,תמורה,,,,,,* myContacts,* ,tommyp@tmu.co.il,,,,,,,,,,054-7308590,,,,,,,,,,,,,,,,,,,,,,,,,,,,,,,,,,,,,,,,,,,,,,,,,,,
Tommy,,Quitt,,,,,,,,Schema,General Manager,,,,,Imported 8/1/13 ::: Imported on 4/29 ::: * myContacts,* Other,tommy.quitt@gmail.com,,,,,,,,,Mobile,+43 (660) 8666978,Work,+43 660 -TOMMYQU ::: +972 57-6666333 ext. 2535 ::: +972 57-6666333 ext. 2535,Other,tommy_quitt,,,,,,,,,,,,,,,,,,,,,,,,,,,,,,,,,,,,,,Sync.ME profile,http://sync.me/profile/QFzKoJTan8CMDe60vzWOhpamfzhCltxxqHe_oISq1oTiIG-iV0oabD7vuUpRPb4,,,,,,,,
Tommy,,Woods,,,,,,,,,,,,,https://lh3.googleusercontent.com/contacts/AG6tpzE96flaOq9h2o_GgXZdnHZrQIUlRyuvUxx-aXnZhvW5aIf43_9c,Imported 8/1/13 ::: Imported on 4/29 ::: * myContacts,* Other,Tommy.D.Woods@bellsouth.com,,,,,,,,,Home,+1 (404) 483-2665,Work,+1 (404) 986-9803,,,,,,,,,,,,,,,,,,,,,,,,,,,,,,,,,,,,,,,,,,,,,,,,,
Toodledo,,,,,,,,,,,,,,"•Priority - The default priority is ""0 - Low"". To set a higher priority use the ! character as many times as necessary. Typing !! would give your task a priority of ""2-High"". 
•Due-Date - To set a due-date, use the # symbol and then type the due-date. For example: ""#today"" or ""#Next thursday"" or ""#5/12/08"".
•Start Date - To set the start date, use the > symbol and then the date. For example: "">tomorrow"".
•Folder - To set the folder use the * symbol and then type the name of your folder. For example: ""*ProjectA"".
•Context - To set the context use the @ symbol and then type the name of your context. For example: ""@home"". Be sure to use your exact full context name. If your context is called ""@home"", you'll need to type ""@@home"".
•Goal - To set the goal use the + symbol and then type the name of your goal. For example: ""+Exercise More"".
•Status - To set the status use the $ symbol and then the status. For example: ""$Next Action"".
•Tag - To set the tag use the % symbol followed by the tag or tags that you want to add. For example: ""%tag1, tag2"".
•Due Time - To set the due time for a task, use the = symbol followed by the time. For example: ""=3:45pm"".
•Length - To set the length that you think a task will take, use the ~ symbol followed by the length. For example: ""~4hours"".
•Note - Everything in the body of the email will be put into the note field.",,Imported 8/1/13 ::: Imported on 4/29 ::: * myContacts,* Home,Erez.479756@toodledo.com,,,,,,,,,,,,,,,,,,,,,,,,,,,,,,,,,,,,,,,,,,,,,,,,,,,,,,,,,,,,,
Torab,,Homi,,,,,,,,,,,,"NMLI

Services, Assign/Design",,Imported 8/1/13 ::: Imported on 4/29 ::: * myContacts,,,,,,,,,,,,,,,,,,,,,,,,,,,,,,,,,,,,,,,,,,,,,,,,,,,,,,,,,,,,,,,
Torben,,Andersen,,,,,,,,Better Place Denmark A/S,Director of Sales,Sales,,Exchange E-mail Address: /o=BetterPlace/ou=Exchange Administrative Group (FYDIBOHF23SPDLT)/cn=Recipients/cn=Torbena,https://lh3.googleusercontent.com/contacts/AG6tpzEWD8ZQtyimtL0HOAeOXUbfsHaIuR77Ticd7Q8H5OI5htCgIr61,* myContacts,* Other,Torben.Andersen@betterplace.com,,,,,,,,,Pager,skype: torben.andersen.bp,Mobile,45 31 11 16 20,Work,45 702 702 47,,,,,,,Work,"Bygmestervej 57
DK-2400
København
Denmark",57 Bygmestervej,København,,,DK-2400,Denmark,,,,,,,,,,,,,,,,,,,,Manager,Jens Moberg,,,,,,,,,,,,
Torben,,Bjerre,,,,,,,,Better Place Denmark A/S,Deployment Program Manager,,,Exchange E-mail Address: /o=BetterPlace/ou=Exchange Administrative Group (FYDIBOHF23SPDLT)/cn=Recipients/cn=Torbenb,,* myContacts,* Other,Torben.Bjerre@betterplace.com,,,,,,,,,Mobile,45 31 11 16 46,Work,45 702 702 47,,,,,,,,,Work,"Bygmestervej 57
DK-2400
København
Denmark",57 Bygmestervej,København,,,DK-2400,Denmark,,,,,,,,,,,,,,,,,,,,Manager,Jens Moberg,,,,,,,,,,,,
Torben,Lemvig,Fog,,,,,,,,Better Place Denmark,Software Integration Manager,Operations,,Exchange E-mail Address: /o=BetterPlace/ou=Exchange Administrative Group (FYDIBOHF23SPDLT)/cn=Recipients/cn=torbenf,,* myContacts,* Other,Torben.Fog@betterplace.com,,,,,,,,,Mobile,45 30 37 25 14,Work,45 702 702 47,,,,,,,,,Work,"Bygmestervej 57
1. sal
København NV
2400
Denmark",1. sal 57 Bygmestervej,,,,2400,Denmark,København NV,,,,,,,,,,,,,,,,,,,Manager,Peter Thrige Andersen,,,,,,,,,,,,
Toyota ,Neo Motors,Agency,,,,,,,,,,,,,,* myContacts,,,,,,,,,,,Mobile,09-747-8900,,,,,,,,,,,,,,,,,,,,,,,,,,,,,,,,,,,,,,,,,,,,,,,,,,,
TOYOTA Rent a Car 中部国際空港店,,,,,,,,,,,,,,,,* myContacts,,,,,,,,,,,Mobile,+972818051690200,,,,,,,,,,,,,,,,,,,,,,,,,,,,,,,,,,,,,,,,,,,,,,,,,,,
Toyota,,שרותי דרך וגרירה,,,,,,,,,,,,,,* myContacts,,,,,,,,,,,Other,0773339575,,,,,,,,,,,,,,,,,,,,,,,,,,,,,,,,,,,,,,,,,,,,,,,,,,,
Tsahie,,Lavi,,,,,,,,,,,,,,Imported 8/1/13 ::: Imported on 4/29 ::: * myContacts,* Other,tsahiel@tti-telecom.com,,,,,,,,,,,,,,,,,,,,,,,,,,,,,,,,,,,,,,,,,,,,,,,,,,,,,fb://profile/840967047,,,,,,,,
Tsiki,,Rosenman,,,,,,,,waze,Developer and Architect,,,"Group: R&D - US
Israeli Mobile: 972.54.5608855
US Mobile: 1.617.8492963
Mobile: +972.54.5608855",,Imported 8/1/13 ::: Imported 3/19/12 ::: Imported on 4/29 ::: * myContacts,,,,,,,,,,,Home,050-305-8117 ::: +1.617.8492963,,,,,,,,,,,,,,,,,,,,,,,,,,,,,,,,,,,,,,,,,,Sync.ME profile,http://sync.me/profile/BT7fyHBAF-oYqO_A-xN9vI4DQ9XXEXJUl5mf7Ok,,,,,,,,
Tsiki,,Rosenmann,,,,,,,,,,,,"9572649441
Home: 6179641808
+972 3 6861489",,Imported on 4/29 ::: * myContacts,* Other,tsikir@gmail.com,Other,tsikir@hotmail.com ::: tsiki@waze.com,Work,tsiki@google.com,,,,,Mobile,050-305-8117,,,,,,,,,,,,,,,,,,,,,,,,,,,,,,,,,,,,,,,,,,Profile,http://www.google.com/profiles/101922522057060578226,,,,,,,,
Tsiki,,Rosenmann,,,,,,,,,,,,"9572649441
Home: 6179641808
+972 3 6861489",,* myContacts,* Other,tsikir@gmail.com,Other,tsikir@hotmail.com,,tsiki@linqmap.com ::: tsiki@wazearchive.goog,Obsolete,tsiki@waze.com,,,Main,+972 36861489,Home,+1 617 964 1808,Mobile,+1 9572649441 ::: 050-305-8117,,,,,,,Home,דב גרונר 3 תל אביב,3 דב גרונר,תל אביב,,,,,,,,,,,,,,,,,,,,,,,,,,,,,,,,,,,,,
TSS Schedule,,Schedule,,,,,,,,,,,,Exchange E-mail Address: /o=BetterPlace/ou=Exchange Administrative Group (FYDIBOHF23SPDLT)/cn=Recipients/cn=tssschedule,,* myContacts,* Other,tssschedule@betterplace.com,,,,,,,,,,,,,,,,,,,,,,,,,,,,,,,,,,,,,,,,,,,,,,,,,,,,,,,,,,,,,
Tsur,,Halamish,,,,,,,,Velocity (אופניים),,,,,,Imported on 4/29 ::: * myContacts,,,,,,,,,,,Mobile,+972 54-453-6874,,,,,,,,,,,,,,,,,,,,,,,,,,,,,,,,,,,,,,,,,,,,,,,,,,,
"Tsur,",,Eran,,,,,,,,,,,,,,Imported 8/1/13 ::: Imported on 4/29 ::: * myContacts,* Other,Eran.Tsur@xerox.com,,,,,,,,,,,,,,,,,,,,,,,,,,,,,,,,,,,,,,,,,,,,,,,,,,,,,,,,,,,,,
Tzachi,,Baumgarten,,,,,,,,,,,,,https://lh3.googleusercontent.com/contacts/AG6tpzFbtbyym_F4c1L2P82Bni7dW6vwDhQl-0jW02RrIMadUpZ7S9W7,Imported 8/1/13 ::: Imported on 4/29 ::: * myContacts,* Other,tzachiba@gmail.com,,,,,,,,,Mobile,+972 54 6936911,,,,,,,,,,,,,,,,,,,,,,,,,,,,,,,,,,,,,,,,,,Other,fb://profile/722821811,,,,,,,,
Tzachi,,Kariza,,,,,,,,,,,,,https://lh3.googleusercontent.com/contacts/AG6tpzF9FNnP7UcWomoUr0OPqJNd_KpGrhktjrCbDrhP6UDmBGmffGhr,Imported 8/1/13 ::: Imported on 4/29 ::: * myContacts,* Other,tzachi@krieze.com,,,,,,,,,Home,+97297711926,Mobile,+972 54 520 6306,,,,,,,,,,,,,,,,,,,,,,,,,,,,,,,,,,,,,,,,,,,,,,,,,
Tzahi,,Rosenberg,,,,,,,,Pageflex Israel,QA Manager,,,,,Imported 8/1/13 ::: Imported on 4/29 ::: * myContacts,* Other,tzahirosenberg@012.net.il,Other,tzahi@press-sense.com,,,,,,,Work Fax,+972 4-6361540,Mobile,+972 (54) 7511180,Work,+972 4-6260318,,,,,,,Work,United States of America,,,,,,United States of America,,,,,,,,,,,,,,,,,,,,,,,,Other,http://www.press-sense.com,,,,,,,,
Tzali,,Gershgoren,,,,,,,,Softwear Suit Ltd. Israel,Projects Manager,,,,,Imported 8/1/13 ::: Imported on 4/29 ::: * myContacts,* Other,tzali.gershgoren@softwear.co.il,,,,,,,,,Mobile,(972) 54-7390337,Work,(972) 9-7650444,,,,,,,,,,,,,,,,,,,,,,,,,,,,,,,,,,,,,,,,Sync.ME profile,http://sync.me/profile/4vjq41sWreZhxzW5UlQHAaYRyMKYN2ChUyvnqw5VQabImYfaIx1QocTwrsg,,,,,,,,
Tzipi,,Netz,,,,,,,,HP,,,,,,Imported 8/1/13 ::: Imported on 4/29 ::: * myContacts,* Other,tzipi.netz@hp.com,,,,,,,,,Mobile,+972 54 5696921,,,,,,,,,,,,,,,,,,,,,,,,,,,,,,,,,,,,,,,,,,,,,,,,,,,
Tzora Shop,,,,,,,,,,,,,,,,* myContacts,,,,,,,,,,,Mobile,+9720509888628,,,,,,,,,,,,,,,,,,,,,,,,,,,,,,,,,,,,,,,,,,,,,,,,,,,
Tzvi,,Rotshtein,,,,,,,,,,,,,https://lh3.googleusercontent.com/contacts/AG6tpzFJYrRMlaTNMYbU54y1sXkd4FfLjPWPWL5wgZAlq2iJ2Bb84Mr8,Imported on 4/29 ::: * myContacts,* Other,zvir@google.com,,zvir@waze.com,,,,,,,Mobile,054-4413331,,,,,,,,,,,,,,,,,,,,,,,,,,,,,,,,,,,,,,,,,,,,,,,,,,,
Tzvika-,,tikun,,,,,,,,,,,,,,* myContacts,,,,,,,,,,,Mobile,+972 54-744-4104,,,,,,,,,,,,,,,,,,,,,,,,,,,,,,,,,,,,,,,,,,,,,,,,,,,
Udi,,,,,,,,,,,,,,,,Imported 8/1/13 ::: Imported on 4/29 ::: * myContacts,,,,,,,,,,,Home,054-677-5509,,,,,,,,,,,,,,,,,,,,,,,,,,,,,,,,,,,,,,,,,,,,,,,,,,,
Udi,,Bowman,,,,,,,,,,,,,https://lh3.googleusercontent.com/contacts/AG6tpzFrk2XPMSgd5rS_pwO31_TcCSTRsTjN0S6HrYb-GMXeCkG9LZNB,Imported 8/1/13 ::: Imported on 4/29 ::: * myContacts,* Work,udib@plasan.com,,udi.bowman@gmail.com,,,,,,,Home,+972 (4) 9563153,Mobile,0542872535,,,,,,,,,,,,,,,,,,,,,,,,,,,,,,,,,,,,,,,,Sync.ME profile,http://sync.me/profile/GPR22JCw0RaXGSflf_oVY9_dJDIoOyzN_6P-_Me3tKU,,,,,,,,
Udi,,Goldstein,,,,,,,,Xerox Corporation,"Director of Channel Sales, The Americas",,,,https://lh3.googleusercontent.com/contacts/AG6tpzFMCfWRvb7hggHgzQcwJ3RMgCI1i-kPQGT_oboxYiKh_nlkLczg,Imported 8/1/13 ::: Imported on 4/29 ::: * myContacts,* Other,Udi.Goldstein@creo.com,,,,,,,,,Mobile,+1 (770) 318-1472,,,,,,,,,,,,,,,,,,,,,,,,,,,,,,,,,,,,,,,,,,,,,,,,,,,
Udi,,Tzabar,,,,,,,,Press-sense,CFO,,,,,Imported 8/1/13 ::: Imported on 4/29 ::: * myContacts,* Other,udi@Press-sense.com,,,,,,,,,Mobile,+972 54 6303082,,,,,,,,,,,,,,,,,,,,,,,,,,,,,,,,,,,,,,,,,,,,,,,,,,,
,,,,,,,,,,United Airlines,,,,,,* myContacts,* Other,UnitedAirlines@united.com,,,,,,,,,Mobile,+1 (800) 864-8331,,1-809-344-363,,,,,,,,,,,,,,,,,,,,,,,,,,,,,,,,,,,,,,,,,,,,,,,,,
Unlnown Lidia,,,,,,,,,,,,,,,,Imported 8/1/13 ::: Imported on 4/29 ::: * myContacts,,,,,,,,,,,Mobile,054-565-0336,,,,,,,,,,,,,,,,,,,,,,,,,,,,,,,,,,,,,,,,,,,,,,,,,,,
UPS,,,,,,,,,,,,,,Exchange E-mail Address: /o=BetterPlace/ou=Exchange Administrative Group (FYDIBOHF23SPDLT)/cn=Recipients/cn=notification,,* myContacts,* Other,UPS@betterplace.com,,,,,,,,,,,,,,,,,,,,,,,,,,,,,,,,,,,,,,,,,,,,,,,,,,,,,,,,,,,,,
Uri,,Agassi,,,,,,,,,,,,,https://lh3.googleusercontent.com/contacts/AG6tpzFHxrA1ZhaKfAoxv_cRyjb_7Q2ZaRaUTi5Qq0Hagg0yX0MWWMaR,Imported on 4/29 ::: * myContacts,* Work,uriagassi@google.com,,uriagassi@waze.com,,,,,,,Other,+972 54-4922274,,,,,,,,,,,,,,,,,,,,,,,,,,,,,,,,,,,,,,,,,,,,,,,,,,,
Uri,,Arnon,,,,,,,,,Architect,,,,,Imported 8/1/13 ::: Imported on 4/29 ::: * myContacts,* Home,uriarnon@netvision.net.il,,,,,,,,,,,,,,,,,,,,,,,,,,,,,,,,,,,,,,,,,,,,,,,,,,,,,,,,,,,,,
Uri,,Ishon,,,,,,,,,,,,,,Imported 8/1/13 ::: Imported on 4/29 ::: * myContacts,* Other,urii@perfectomobile.com,Other,uishon@yahoo.com,,,,,,,Home,+972 (3) 5321773,Mobile,+972 (54) 6316320,Work,+972 (3) 9260104,,,,,,,,,,,,,,,,,,,,,,,,,,,,,,,,,,,,,,,,,,,,,,,
Uri,,Levin,,,,,,,,McKinsey,Consultant,,,,https://lh3.googleusercontent.com/contacts/AG6tpzH2sWulcpzRJnpBiXAgGlK_ZD1vP9toYbzIWCaga8h7V8seGzxv,Imported 8/1/13 ::: Imported on 4/29 ::: * myContacts,* Other,ulevin.mba2004@london.edu,,,,,,,,,Home,+44 (20) 77942071 ::: 03 6954788,Mobile,+44 (79) 66350277,,,,,,,,,,,,,,,,,,,,,,,,,,,,,,,,,,,,,,,,Sync.ME profile,http://sync.me/profile/l033GDYQuKaX6E-8gpuBrERX4rCcB18dWQG1yECKk4oXHdpETAU8GRQHTS-vfD4OgLAmT5Jg,,,,,,,,
Uri,,Levine,,,,,,,,,,,,"Group: Business Development
Israeli Mobile: 972.54.5357471
US Mobile: 1.646.4652429
Mobile: +972.54.5357471",https://lh3.googleusercontent.com/contacts/AG6tpzH1ev8Zjwahpc-yUXacur4Z_-9H1auyDkLTtSkc-fCdgM66qeYx,Imported 8/1/13 ::: Waze ::: Imported 3/19/12 ::: Imported on 4/29 ::: * myContacts,* Home,ulevine@yahoo.com,Work,uri@feex.com,Other,uri@linqmap.com ::: uri@waze.com,,,,,Home,+1.646.4652429 ::: +972-9-7650371,Mobile,+972-54-5357471,,,,,,,,,Home,התחייה 5/13 כפר סבא,5/13 התחייה,כפר סבא,,,,,,,,,,,,,,,,,,,,,,,,,,,,,,,,,,,,,
Uri,,Mandel,,,,,,,,מרכז חובבי טבע - אורי מנדל,,,,,,Imported 8/1/13 ::: Imported on 4/29 ::: * myContacts,* Work,merkazteva@gmail.com,,,,,,,,,Mobile,+972 50-8452406,,,,,,,,,,,,,,,,,,,,,,,,,,,,,,,,,,,,,,,,,,Profile,http://www.zetov.info/adv/merkazteva.html,Sync.ME profile,http://sync.me/profile/NZ75D7I0jY-LlKbWnIXvFRF41QVczWCMkqe8odEVRBI,,,Photo,https://lh6.googleusercontent.com/-6auETlcOy_k/WceTWfZ5R4I/AAAAAAAAAAA/3MrIE2HWl7Y32hD9ryoIn_CIcBB6PVE_ACOQCEAE/photo.jpg,,
Uri,,Sevilla,,,,,,,,,,,,,,Imported 8/1/13 ::: Imported on 4/29 ::: * myContacts,* Other,uris@yahoo.com,,,,,,,,,,,,,,,,,,,,,,,,,,,,,,,,,,,,,,,,,,,,,,,,,,,,,,,,,,,,,
Uri,,Twig,,,,,,,,,,,,,,Imported on 4/29 ::: * myContacts,* ,uritwig@waze.com,Work,uritwig@google.com,,,,,,,Mobile,+972544510591,,,,,,,,,,,,,,,,,,,,,,,,,,,,,,,,,,,,,,,,,,,,,,,,,,,
Uri,,Zur,,,,,,,,,,,,"Group: Product & Marketing
Israeli Mobile: 972.50.7829009
Mobile: +972.50.7829009

Group: Product & Marketing
Israeli Mobile: 972.50.7829009
Mobile:+972.50.7829009",https://lh3.googleusercontent.com/contacts/AG6tpzGXBHExinerSTzrhK7-HzboOEOVLcYUsMWXi2fK6ne3FkRi5oyC,Imported 8/1/13 ::: Waze ::: Imported 3/19/12 ::: Imported on 4/29 ::: * myContacts,* Other,uriz@waze.com,Other,uriz@linqmap.com,,,,,,,Mobile,+972-50-7829009,,,,,,,,,,,Home,"האשל 5 א', כפר סבא",5 א האשל,כפר סבא,,,,,,,,,,,,,,,,,,,,,,,,,,,,,,,,,,,,,
Uriel,,Fischer,,,,,,Uriel,,Amdocs,OSS Director,,2006-06-10,<sn>id:707248241/friendof:809988573</sn>,,Imported 8/1/13 ::: Imported on 4/29 ::: * myContacts,* Other,ufischer@imcingular.com,Other,yufischer@gmail.com,,,,,,,Pager,ufischer@imcingular.com,Home,+1 (770) 352-0899,Mobile,+1 (678) 772-9166,Other,+972 52 544 8700,Work,+1 (770) 206-4781 ::: (732) 578-7171,,,Home,"4673 Ashford Club Dr
Dunwoody
GA
30338
United States of America",4673 Ashford Club Dr,Dunwoody,,GA,30338,United States of America,,Work,United States of America,,,,,,United States of America,,,,,,,,,,,,,,,Other,fb://profile/707248241,Sync.ME profile,http://sync.me/profile/LApp8C17wRFBuWZnxraY_m6eEig2sjUKKPd39Lc2VNAmf55iLmQMo_TiFA2s39_PuOZTKkwTEJNjvAahvw,,fb://profile/707248241,,,,
Usa,,Netcap,,,,,,,,,,,,,,Imported 8/1/13 ::: Imported on 4/29 ::: * myContacts,,,,,,,,,,,Mobile,+12012201767,,,,,,,,,,,,,,,,,,,,,,,,,,,,,,,,,,,,,,,,,,,,,,,,,,,
Uwe,,Kalchbrenner,,,,,,,,Kodak Graphic Communications Canada Company,Application Specialist Business Link & JDF Workflows,,,,,Imported 8/1/13 ::: Imported on 4/29 ::: * myContacts,* Other,Uwe.Kalchbrenner@kodak.com,,,,,,,,,Mobile,+1 (604) 506-3659,Work,+1 (604) 451-2720,,,,,,,,,,,,,,,,,,,,,,,,,,,,,,,,,,,,,,,,,,,,,,,,,
Uzi,,Meshulam,,,,,,,,,,,,,,Imported 8/1/13 ::: Imported on 4/29 ::: * myContacts,* Other,uzimes@gmail.com,,,,,,,,,,,,,,,,,,,,,,,,,,,,,,,,,,,,,,,,,,,,,,,,,,,,,,,,,,,,,
Vadim,,Barshtak,,,,,,,,,,,,,,Imported 8/1/13 ::: Imported on 4/29 ::: * myContacts,* Other,Vadim.Barshtak@gmail.com,,,,,,,,,,,,,,,,,,,,,,,,,,,,,,,,,,,,,,,,,,,,,,,,,,,,,,,,,,,,,
Varda,,Levy,,,,,,,,,,,,,,Imported 8/1/13 ::: Imported on 4/29 ::: * myContacts,* Other,levy.varda@gmail.com,,,,,,,,,Home,+972 (9) 7404.111,Mobile,+972 (525) 3232.77,,,,,,,,,,,,,,,,,,,,,,,,,,,,,,,,,,,,,,,,,fb://profile/1074684401,,,,,,,,
Vasily,,Durov,,,,,,,,Press-sense,Press-sense,,,,https://lh3.googleusercontent.com/contacts/AG6tpzFKUMilyjcZFj257y5mwGgcuVggpXHqdK0Zdj47lu6ISP20p_Vv,Imported 8/1/13 ::: Imported on 4/29 ::: * myContacts,* Other,Vasily@press-sense.com,,,,,,,,,Mobile,+972 50 8981593,Other,+618941965513,,,,,,,,,,,,,,,,,,,,,,,,,,,,,,,,,,,,,,,,Sync.ME profile,http://sync.me/profile/GFGu0BaZgqMygHAX7eBzwtESDc0yODTenMY4vQ_FE0Yh5BN1FgzY5dTbXWxX8g,,,,,,,,
VC,Reception,Fax,,,,,,,,,,,,Exchange E-mail Address: /o=BetterPlace/ou=Exchange Administrative Group (FYDIBOHF23SPDLT)/cn=Recipients/cn=VCrecFax,,* myContacts,* Other,VCReception.Fax@betterplace.com,,,,,,,,,,,,,,,,,,,,,,,,,,,,,,,,,,,,,,,,,,,,,,,,,,,,,,,,,,,,,
VC,Rest,Rest,,,,,,,,,,,,Exchange E-mail Address: /o=BetterPlace/ou=Exchange Administrative Group (FYDIBOHF23SPDLT)/cn=Recipients/cn=rest,,* myContacts,* Other,rest@betterplace.com,,,,,,,,,,,,,,,,,,,,,,,,,,,,,,,,,,,,,,,,,,,,,,,,,,,,,,,,,,,,,
vcrecp2,,,,,,,,,,,,,,Exchange E-mail Address: /o=BetterPlace/ou=Exchange Administrative Group (FYDIBOHF23SPDLT)/cn=Recipients/cn=vcrecp2,https://lh3.googleusercontent.com/contacts/AG6tpzEQPEYe1VvKFnrrOQu8EILIA_4oiN1sRpSNMnc5uswt8l2ggpt2,* myContacts,* Other,shiran.vaturi@betterplace.com,,,,,,,,,Mobile,972 50 949 3800,Work,972 73 790 2510,,,,,,,,,,,,,,,,,,,,,,,,,,,,,,,,,,,,Manager,Sharon Shachar,,,,,,,,,,,,
vctlm4,,,,,,,,,,,,,,Exchange E-mail Address: /o=BetterPlace/ou=Exchange Administrative Group (FYDIBOHF23SPDLT)/cn=Recipients/cn=vctlm4,,* myContacts,* Other,vctlm4@betterplace.com,,,,,,,,,,,,,,,,,,,,,,,,,,,,,,,,,,,,,,,,,,,,,,,,Manager,Limor Benshimol,,,,,,,,,,,,
Vered,,Daan,,,,,,,,האפוטרופוס הכללי והכונס הרשמי,המחלקה לאיתור נכסים עזובים ובעלי זכויות,,,,,* myContacts,* ,vereddaan@justice.gov.il,,,,,,,,,,073-3926802,,,,,,,,,,,,,,,,,,,,,,,,,,,,,,,,,,,,,,,,,,,,,,,,,,,
Vered,,Goldfarb,,,,,,,,OpCo,Contact Center Project Manager,Customer Services,,Exchange E-mail Address: /o=BetterPlace/ou=Exchange Administrative Group (FYDIBOHF23SPDLT)/cn=Recipients/cn=veredg,https://lh3.googleusercontent.com/contacts/AG6tpzEcsovLIkjmewT41Hk5gCdL_tuX87ky8XUYdMiXIbi4CvBUFqDr,* myContacts,* Other,Vered.Goldfarb@betterplace.com,,,,,,,,,Mobile,972 50 720 0527,Work,972 73 790 2570,,,,,,,,,,,,,,,,,,,,,,,,,,,,,,,,,,,,Manager,Iris Altman,,,,,,,,,,,,
Vered,,Kestenbaum,,,,,,,,TopCo,GIS data expert & QA,R&D Team: GIS,,Exchange E-mail Address: /o=BetterPlace/ou=Exchange Administrative Group (FYDIBOHF23SPDLT)/cn=Recipients/cn=veredk,https://lh3.googleusercontent.com/contacts/AG6tpzGmwHrPBlgY3PKQ8gRMkQyt6ixho6a5_RfVYOeD8BYmi9XUBdJQ,* myContacts,* Other,Vered.Kestenbaum@betterplace.com,,,,,,,,,Mobile,972 52 322 8737,Work,972 73 790 2276,,,,,,,,,,,,,,,,,,,,,,,,,,,,,,,,,,,,Manager,Eyal Perez,,,,,,,,,,,,
Vered,,Talmi,,,,,,,,OpCo,Welfare & Social Responsibilities,Human Resources,,Exchange E-mail Address: /o=BetterPlace/ou=Exchange Administrative Group (FYDIBOHF23SPDLT)/cn=Recipients/cn=Veredt,https://lh3.googleusercontent.com/contacts/AG6tpzE5Qr5eFCshT0igWwiFDOkcPHZv6WajYpSp1NCZKX24Xj8ayUV9,* myContacts,* Other,Vered.Talmi@betterplace.com,,,,,,,,,Pager,Skype: Vered.Talmi,Mobile,972 54 323 3078,Work,972 73 790 2151,,,,,,,,,,,,,,,,,,,,,,,,,,,,,,,,,,Manager,Rami Pinkhas,,,,,,,,,,,,
Vered,Travel,Agent,,,,,,,,,Travel Agent,,,,,* myContacts,* ,veredg@talma.com,,,,,,,,,Home,+972 52-879-6607,,,,,,,,,,,,,,,,,,,,,,,,,,,,,,,,,,,,,,,,,,,,,,,,,,,
Vered,,Zeev,,,,,,,,Extreme Technologies,Account Manager,,,,,Imported 8/1/13 ::: Imported on 4/29 ::: * myContacts,* Other,veredz@extreme.co.il,,,,,,,,,Mobile,+972 526844477,Work,+972 39248558 x Ext. 144,Work Fax,+972 39248488,,,,,,,,,,,,,,,,,,,,,,,,,,,,,,,,,,,,,,,,,,,,,,,
Veterinary,,,,,,,,,,,,,,,https://lh3.googleusercontent.com/contacts/AG6tpzG0-_YhtqRPwzo6JTqDSAU-6wJwYAIMJBdPgTcsMYaycucHex--,* myContacts,,,,,,,,,,,Work,+972 (3) 6734407,,,,,,,,,,,,,,,,,,,,,,,,,,,,,,,,,,,,,,,,,,,,,,,,,,,
Veterinary Medical Center Ilan - Dr. Irit Ilan,,,,,,,,,,Veterinary Medical Center Ilan - Dr. Irit Ilan,,,,,,* myContacts,,,,,,,,,,,Main,+97297745445,,,,,,,,,,,Home,"1 Etsyon St
Ra'anana 4356201
Israel",1 Etsyon St,Ra'anana,,,4356201,Israel,,,,,,,,,,,,,,,,,,,,,,,,Other,http://iritvet.business.site/,,,,,,,,
Viacord,,,,,,,,,,,,,,,,Imported 8/1/13 ::: Imported on 4/29 ::: * myContacts,,,,,,,,,,,Work,+1 (800) 9984226,,,,,,,,,,,,,,,,,,,,,,,,,,,,,,,,,,,,,,,,,,,,,,,,,,,
Victor,,Traub,,,,,,,,Fenavic,CTO & Co Founder,,,,https://lh3.googleusercontent.com/contacts/AG6tpzGFp56-OSmZ8c7wIDlQS2txTYeDNHXOffo9ouN3U0-RGXpgf8gp,Imported 8/1/13 ::: Imported on 4/29 ::: * myContacts,* Other,victor@fenavic.com,,,,,,,,,Mobile,+972 52 6332152,Work,+972 3 6325890,,,,,,,,,,,,,,,,,,,,,,,,,,,,,,,,,,,,,,,,,,,,,,,,,
Victoria,,Bronshtein,,,,,,,,Press-sense,QA Team Leader,,,,https://lh3.googleusercontent.com/contacts/AG6tpzGlkLG0nNx_su7oMwnDRXK_uOsRd-zdgzPT5t_Ikhk8j0V-h0NU,Imported 8/1/13 ::: Imported on 4/29 ::: * myContacts,* Other,victoria@press-sense.com,,,,,,,,,Mobile,+972 52 3369296,Work,+972 4-6260318,,,,,,,,,Work,United States of America,,,,,,United States of America,,,,,,,,,,,,,,,,,,,,,,,,Other,http://www.press-sense.com,,,,,,,,
Victoria,,McFarlane,,,,,,,,Better Place Australia,Director of Business Development & Operations,Business Development,,Exchange E-mail Address: /o=BetterPlace/ou=Exchange Administrative Group (FYDIBOHF23SPDLT)/cn=Recipients/cn=Victoriam,https://lh3.googleusercontent.com/contacts/AG6tpzGOvs8nyUXMQBSh_so_IajL38cgZQpXdHA7aTdpy3QNvxkvaFNG,* myContacts,* Other,Victoria.McFarlane@betterplace.com,,,,,,,,,Pager,Skype: victoria_mcfarlane,Mobile,61 406 385 054,Work,61 3 86790817,Other Fax,61 2 9316 7423,,,,,Work,"2A Lord Street
Botany, NSW 2109
Australia",2A Lord Street,Botany,,NSW,2109,Australia,,,,,,,,,,,,,,,,,,,,Manager,Talal Yassine,,,,,,,,,,,,
Vijay,,Perumbeti,,,,,,,,,,,,NMLI,,Imported 8/1/13 ::: Imported on 4/29 ::: * myContacts,,,,,,,,,,,,,,,,,,,,,,,,,,,,,,,,,,,,,,,,,,,,,,,,,,,,,,,,,,,,,,,
Viki,,Temer,,,,,,,,,,,,"Group: Finance
Israeli Mobile: 972.52.7270182
Mobile: +972.52.7270182",,Imported 8/1/13 ::: Waze ::: Imported 3/19/12 ::: Imported on 4/29 ::: * myContacts,* ,viki@linqmap.com,,viki@wazearchive.goog,Obsolete,viki@waze.com,,,,,Home,+972-9-7668604,Mobile,+972-52-7270182,,,,,,,,,Home,בקעת יבניאלי 4 א' כפר סבא,4 א בקעת יבניאלי,כפר סבא,,,,,,,,,,,,,,,,,,,,,,,,,,,,,,,,,,,,,
Vikram,,Shah,,,,,,,,Amdocs GSS - Global Strategic Sourcing,Business Development Manager,DLRP,,,https://lh3.googleusercontent.com/contacts/AG6tpzECscsimYAV6P5ghrv6mf5WeKfZUTAOjkNag_6_NjpE8DJAluzp,Imported 8/1/13 ::: Imported on 4/29 ::: * myContacts,* Other,VikramS@amdocs.com,,,,,,,,,Mobile,+91 9850033777 (mobile),Assistant,2091-3372,Other,+91 (20) 26824921,Work,+91 (20) 4015.3309 (desk),,,,,,,,,,,,,,,,,,,,,,,,,,,,,,,,,,,,,,,,,,,,,
Vincent,,Dascher,,,,,,,,Rando Burger,Webmaster,, --12-16,,,Imported on 4/29 ::: * myContacts,* Other,vince1612@gmail.com,,,,,,,,,,,,,,,,,,,,,Home,"Quai du Cheval Blanc 23
Carouge, Canton of Geneva 1227
Switzerland",23 Quai du Cheval Blanc,Carouge,,GE,1227,Switzerland,,,,,,,,,,,,,,,,,,,,,,,,,,,,,,Photo,https://lh6.googleusercontent.com/-IS7sa7A49S0/WceS6iDsuuI/AAAAAAAAAAA/ceQ0Yg-wNV8MYpYzHobe1RXGksFBjU8_QCOQCEAE/photo.jpg,,
vip,,,,,,,,,,,,,,Exchange E-mail Address: /o=BetterPlace/ou=Exchange Administrative Group (FYDIBOHF23SPDLT)/cn=Recipients/cn=vip,,* myContacts,* Other,vip@betterplace.com,,,,,,,,,,,,,,,,,,,,,,,,,,,,,,,,,,,,,,,,,,,,,,,,,,,,,,,,,,,,,
virtual phone number managed by sontel.com which forwards sms and voicemail to erez.bashan@gmail.com,,,,,,,,,,,,,,,,* myContacts,,,,,,,,,,,Mobile,+1 917-997-9054,,,,,,,,,,,,,,,,,,,,,,,,,,,,,,,,,,,,,,,,,,,,,,,,,,,
visitors,center,fax,,,,,,,,,,,,Exchange E-mail Address: /o=BetterPlace/ou=Exchange Administrative Group (FYDIBOHF23SPDLT)/cn=Recipients/cn=visitorsfax,,* myContacts,* Other,visitorsfax@betterplace.com,,,,,,,,,,,,,,,,,,,,,,,,,,,,,,,,,,,,,,,,,,,,,,,,,,,,,,,,,,,,,
Vitaliy,,Stulski,,,,,,,,Better Place Inc.,Engineer,Research & Development,,Exchange E-mail Address: /o=BetterPlace/ou=Exchange Administrative Group (FYDIBOHF23SPDLT)/cn=Recipients/cn=vstulski,,* myContacts,* Other,Vitaliy.Stulski@betterplace.com,,,,,,,,,Pager,Skype: vstulski,Mobile,1 650 391 4033,Work,1 650 845 2871,,,,,,,Work,"1070 Arastradero Road, Suite 220
Palo Alto, California 94304
United States",Suite 220 1070 Arastradero Road,Palo Alto,,CA,94304,United States,,,,,,,,,,,,,,,,,,,,Manager,Shai Agassi,,,,,,,,,,,,
Vladi,,Reider,,,,,,,,,,,,Exchange E-mail Address: /o=BetterPlace/ou=Exchange Administrative Group (FYDIBOHF23SPDLT)/cn=Recipients/cn=vladir,https://lh3.googleusercontent.com/contacts/AG6tpzHBUlFeCVOWZCAGbINFonsTXB74HbDAyTq9cWkI1FtgLxm8DxTM,* myContacts,* Other,Vladi.Reider@betterplace.com,,,,,,,,,Mobile,972 54 830 0702,Work,972 73 790 2590,,,,,,,,,,,,,,,,,,,,,,,,,,,,,,,,,,,,,,,,,,,,,,,,,
Voice,,Mail,,,,,,,,,,,,,,Imported 8/1/13 ::: Imported on 4/29 ::: * myContacts,,,,,,,,,,,Mobile,+972544151000,,,,,,,,,,,,,,,,,,,,,,,,,,,,,,,,,,,,,,,,,,,,,,,,,,,
Waldhuus Hotel,,,,,,,,,,,,,,,,* myContacts,,,,,,,,,,,Other,+41814179333,,,,,,,,,,,,,,,,,,,,,,,,,,,,,,,,,,,,,,,,,,,,,,,,,,,
Ward,,Chewning,,,,,,,,BellSouth,,,,,,Imported 8/1/13 ::: Imported on 4/29 ::: * myContacts,* Other,Ward.Chewning@BellSouth.com,,,,,,,,,,,,,,,,,,,,,,,,,,,,,,,,,,,,,,,,,,,,,,,,,,,,,,,,,,,,,
Watemberg,Sarit,Secretary,,,,Dr,,,,,,,,,,Imported on 4/29 ::: * myContacts,,,,,,,,,,,Mobile,+972523567905,,,,,,,,,,,,,,,,,,,,,,,,,,,,,,,,,,,,,,,,,,,,,,,,,,,
Way,,Sun,,,,,,,,,,,,,,Imported 8/1/13 ::: Imported on 4/29 ::: * myContacts,* ,Way.Sun@BELLSOUTH.COM,,,,,,,,,,,,,,,,,,,,,,,,,,,,,,,,,,,,,,,,,,,,,,,,,,,,,,,,,,,,,
Waze,Palo,Alto,,,,,,,,,,,,Mobile: +1.650.3239293,,Imported 8/1/13 ::: Imported 3/19/12 ::: Imported on 4/29 ::: * myContacts,,,,,,,,,,,,,,,,,,,,,,,,,,,,,,,,,,,,,,,,,,,,,,,,,,,,,,,,,,,,,,,
Waze,,Raanana,,,,,,,,,,,,Mobile: + 972.9.7486437,,Imported 8/1/13 ::: Imported 3/19/12 ::: Imported on 4/29 ::: * myContacts,,,,,,,,,,,,,,,,,,,,,,,,,,,,,,,,,,,,,,,,,,,,,,,,,,,,,,,,,,,,,,,
Waze,Support On,Call,,,,,,,,,,,,,,Imported 8/1/13 ::: Imported on 4/29 ::: * myContacts,,,,,,,,,,,Mobile,+972 54-6171756,,,,,,,,,,,,,,,,,,,,,,,,,,,,,,,,,,,,,,,,,,,,,,,,,,,
Web Services QRB meeting,,,,,,,,,,,,,,,,Imported 8/1/13 ::: Imported on 4/29 ::: * myContacts,,,,,,,,,,,Work,+1 (617) 213-4729 p 51875998#,,,,,,,,,,,,,,,,,,,,,,,,,,,,,,,,,,,,,,,,,,,,,,,,,,,
Weiser,,Michael,,,,,,,,"Donner, Weiser and Rosenberg, P.C.",Accountant,,,,,Imported 8/1/13 ::: Imported on 4/29 ::: * myContacts,,,,,,,,,,,Work,+1 (770) 804-9400,,,,,,,,,,,Work,"Souith Terraces
Suite 590
115 Perimeter Center Place
Atlanta
GA
30346
United States of America ::: Souith Terraces
Suite 590
115 Perimeter Center Place
Atlanta
GA
30346
United States of America","115 Perimeter Center Place
Souith Terraces Suite 590 ::: Suite 590
115 Perimeter Center Place
Souith Terraces",Atlanta ::: Atlanta, ::: ,GA ::: GA,30346 ::: 30346,United States of America ::: United States of America, ::: ,,,,,,,,,,,,,,,,,,,,,,,,,,,,,,,,
Wendy,,Smith,,,,,,,,"Better Place, Inc.",Marketing Coordinator,Global Marketing,,Exchange E-mail Address: /o=BetterPlace/ou=Exchange Administrative Group (FYDIBOHF23SPDLT)/cn=Recipients/cn=wsmith,https://lh3.googleusercontent.com/contacts/AG6tpzFc7WQqcivhjzVvVLG-nySPpdVmptu52NYV2YhN-HjWbgvu-64P,* myContacts,* Other,Wendy.Smith@betterplace.com,,,,,,,,,Pager,Skype: wendywsmith,Mobile,1 315 794 9284,Work,1 650 845 2800,,,,,,,Work,"1070 Arastradero Road, Suite 220
Palo Alto, CA 94304
United States",Suite 220 1070 Arastradero Road,Palo Alto,,CA,94304,United States,,,,,,,,,,,,,,,,,,,,Manager,Joe Paluska,,,,,,,,,,,,
wetext timlulim,,מתרגים,,,,,,,,,,,,,,* myContacts,* Other,wetext.il@gmail.com,,,,,,,,,Other,052-443-1043,,,,,,,,,,,,,,,,,,,,,,,,,,,,,,,,,,,,,,,,,,,,,,,,,,,
Willard,,"Dawson, CISSP",,,,,,,,Bellsouth,Security Lead,,,LinkedIn Profile: https://www.linkedin.com/profile?viewProfile=&key=828641,,Imported 8/1/13 ::: Imported on 4/29 ::: * myContacts,* Other,wfdawson@bellsouth.net,,,,,,,,,,,,,,,,,,,,,,,,,,,,,,,,,,,,,,,,,,,,,,,,,,,,,,,,,,,,,
William,,Tupper,,,,,,,,,,,,,,Imported 8/1/13 ::: Imported on 4/29 ::: * myContacts,* Other,billtupper@mac.com,,,,,,,,,,,,,,,,,,,,,,,,,,,,,,,,,,,,,,,,,,,,,,,,,,,,,,,,,,,,,
Wolfgang,,Jeschke,,,,,,,,OCE,,,,,,Imported 8/1/13 ::: Imported on 4/29 ::: * myContacts,* Other,Wolfgang.Jeschke@ops.de,,,,,,,,,,,,,,,,,,,,,,,,,,,,,,,,,,,,,,,,,,,,,,,,,,,,,,,,,,,,,
Wright,R,J,,,,,,,,,,,,"NMLI

nice ZAKAN",,Imported 8/1/13 ::: Imported on 4/29 ::: * myContacts,,,,,,,,,,,,,,,,,,,,,,,,,,,,,,,,,,,,,,,,,,,,,,,,,,,,,,,,,,,,,,,
Xavier,,Ribadeneira,,,,,,,,Better Place Inc.,Battery Technology Manager,Automotive Alliances,,Exchange E-mail Address: /o=BetterPlace/ou=Exchange Administrative Group (FYDIBOHF23SPDLT)/cn=Recipients/cn=xribadeneira,,* myContacts,* Other,Xavier.Ribadeneira@betterplace.com,,,,,,,,,Work,1 650 845 2800,,,,,,,,,,,,,,,,,,,,,,,,,,,,,,,,,,,,,,Manager,Michal  Vakrat Wolkin,,,,,,,,,,,,
Yaacov,,Granot,,,,,,,,Self Employed,Manager,,,,,Imported 8/1/13 ::: Imported on 4/29 ::: * myContacts,* Other,YAACOVG@amdocs.com,Other,yaacov.granot@gmail.com,,,,,,,Mobile,+972 (52) 619 4264,Work,+972 (9) 77 61105,Other,68800 ::: <UnKnown>,,,,,,,,,,,,,,,,,,,,,,,,,,,,,,,,,,Manager,Tal Leider,,,,,,,,,Photo,https://lh3.googleusercontent.com/-9JMVWE7akms/V4y3gGwW10I/AAAAAAAAAAA/9QD8ky4t9rg0GS_Jz7MlxCCSgzYkrWioQCOQCEAE/photo.jpg,,
Yaacov,,Jacob,,,,,,,,,,,,,,* myContacts,* ,Yaacov@pstein.com,,,,,,,,,,058-774-4321,,,,,,,,,,,,,,,,,,,,,,,,,,,,,,,,,,,,,,,,,,,,,,,,,,,
Yaakov,,Bechar,,,,,,,,,,,,Exchange E-mail Address: /o=BetterPlace/ou=Exchange Administrative Group (FYDIBOHF23SPDLT)/cn=Recipients/cn=yaakovb,,* myContacts,* Other,Yaakov.Bechar@betterplace.com,,,,,,,,,Mobile,972 54 677 9091,,,,,,,,,,,,,,,,,,,,,,,,,,,,,,,,,,,,,,Manager,Eli Vahabi,,,,,,,,,,,,
Yaar,,Dagan,,,,,,Yaar,,Law,Law Firm,,,,https://lh3.googleusercontent.com/contacts/AG6tpzG34XC4copco5-x1jV4LDYU1aUSMa-glCqr2WKzJeFs1z4ZVfol,Imported 8/1/13 ::: Imported on 4/29 ::: * myContacts,* Other,yaarp@yahoo.com,Other,law@yaarp.com,,yaar.dagan@gmail.com,,,,,Mobile,+972 54-458-4477 ::: +972 972 54-458-4477 ::: +44 7835 799406,,,,,,,,,,,Home,"Tel Aviv
IL",,Tel Aviv,,,,IL,,,,,,,,,,,,,,,,,,,,,,,,Other,fb://profile/740256424,Sync.ME profile,http://sync.me/profile/F6qIg70u2vW6W39qqggnfBqQSbXKup1pnm8g1YNa,,,,,,
yacov,,habusha,,,,,,,,,,,,,,Imported 8/1/13 ::: Imported on 4/29 ::: * myContacts,* Other,yacovha@netvision.net.il,,,,,,,,,,,,,,,,,,,,,,,,,,,,,,,,,,,,,,,,,,,,,,,,,,,,Other,fb://profile/549677665,,,,,,,,
Yael,,Ayalon,,,,,,,,Press-sense,Marketing Director,,,<sn>id:611552323/friendof:809988573</sn>,https://lh3.googleusercontent.com/contacts/AG6tpzGPpieq2k0RN96diEML_fL_-mVoKtPAlQk7pd1W7la2IjDgUZNb,Imported 8/1/13 ::: Imported on 4/29 ::: * myContacts,* Other,yaela@press-sense.com,Other,yaelayalon@gmail.com,,,,,,,Mobile,+972 545777918,,,,,,,,,,,,,,,,,,,,,,,,,,,,,,,,,,,,,,,,,,Other,fb://profile/611552323,,,,,,,,
Yael,,Bar,,,,,,,,OpCo,Administration coordinator,G&A,,Exchange E-mail Address: /o=BetterPlace/ou=Exchange Administrative Group (FYDIBOHF23SPDLT)/cn=Recipients/cn=Yaelb,,* myContacts,* Other,Yael.Bar@betterplace.com,,,,,,,,,Pager,Skype: Yael.bar1,Mobile,972 52 832 1585,Work,972 73 790 2120,,,,,,,Work,"Building #2
Kiriat Atidim
Tel Aviv
61581
Israel",Building #2,Tel Aviv,,,61581,Israel,Kiriat Atidim,,,,,,,,,,,,,,,,,,,Manager,Shelly Silverstein,,,,,,,,,,,,
Yael,,Benin Elisha,,,,,,,,,,,,,,* myContacts,,,,,,,,,,,Mobile,+972502052250,,,,,,,,,,,,,,,,,,,,,,,,,,,,,,,,,,,,,,,,,,,,,,,,,,,
Yael,,Brener,,,,,,,,,,,,Noa's Sister,,Imported 8/1/13 ::: Imported on 4/29 ::: * myContacts,* Work,brener.y@fibi.co.il,,,,,,,,,,,,,,,,,,,,,,,,,,,,,,,,,,,,,,,,,,,,,,,,,,,,,,,,,,,,,
Yael,,Elish,,,,,,,,,,,,"Group: Product & Marketing
Israeli Mobile: 972.52.8591652
Mobile: +972.52.8591652

Group: Product & Marketing
Israeli Mobile: 972.52.8591652
Mobile:+972.52.8591652",https://lh3.googleusercontent.com/contacts/AG6tpzFpCZvZrbxzxNJFS3zyWHDQBwuyF5HdGZWNzZgqCu6fzZfaaOsl,Imported 8/1/13 ::: Waze ::: Imported 3/19/12 ::: Imported on 4/29 ::: * myContacts,* Other,yael@waze.com,Home,yael.elish@gmail.com,Work,yaelelish@google.com,Other,yael@linqmap.com,,,Home,+972-9-7965451,Mobile,+972-52-8591652,,,,,,,,,Home,השחף 40 עין שריד,40 השחף,עין שריד,,,,,,,,,,,,,,,,,,,,,,,,,,,,Profile,http://www.google.com/profiles/100117559856981182039 ::: http://www.google.com/profiles/100117559856981182039,,,,,,,,
Yael,,Fischer,,,,,,Yael,,,,,,,https://lh3.googleusercontent.com/contacts/AG6tpzF5bS4nACDAmprBqoIo7T7BQxBlea2rsoyimY9ZRazoW-0nkmnZ,Imported 8/1/13 ::: Imported on 4/29 ::: * myContacts,* Home,yufischer@comcast.net,,,,,,,,,Home,+1 (770) 352-0899,Mobile,+1 (770) 354-9596,Radio,tulik98,,,,,,,,,,,,,,,,,,,,,,,,,,,,,,,,,,,,,,,,,,,,,,,
Yael,,Grossboim,,,,,,,,JobIn,,,,,,Imported 8/1/13 ::: Imported on 4/29 ::: * myContacts,* Other,yael@jobinhr.co.il,,,,,,,,,Mobile,+972 (52) 8260716,Work,+972 (9) 7444120,,,,,,,,,,,,,,,,,,,,,,,,,,,,,,,,,,,,,,,,,,,,,,,,,
Yael,,Kaplan,,,,,,,,,,,,Exchange E-mail Address: /o=BetterPlace/ou=Exchange Administrative Group (FYDIBOHF23SPDLT)/cn=Recipients/cn=yaelk,,* myContacts,* Other,Yael.Kaplan@betterplace.com,,,,,,,,,,,,,,,,,,,,,,,,,,,,,,,,,,,,,,,,,,,,,,,,Manager,Ziva Patir,,,,,,,,,,,,
Yael,,Olman,,,,,,,,OpCo,Receptionist,G&A,,Exchange E-mail Address: /o=BetterPlace/ou=Exchange Administrative Group (FYDIBOHF23SPDLT)/cn=Recipients/cn=yaelo,,* myContacts,* Other,Yael.Olman@betterplace.com,,,,,,,,,,,,,,,,,,,,,,,,,,,,,,,,,,,,,,,,,,,,,,,,Manager,Liora Haklai,,,,,,,,,,,,
Yael,,Schneebaum,,,,,,,,,,,,"Group: R&D
Israeli Mobile: 972.54.4461063
Mobile: +972.54.4461063",https://lh3.googleusercontent.com/contacts/AG6tpzEudSo05IEugwz3D9c3mxylGZWscZ85R5hPAFQTaiuXueyWFjTF,Imported 8/1/13 ::: Waze ::: Imported 3/19/12 ::: Imported on 4/29 ::: * myContacts,* Work,yaelsh@google.com,Other,yaels@waze.com,,yaelsh@waze.com,,,,,Mobile,+972-54-4461063,,,,,,,,,,,Home,"רמב""ם 65 ב' רעננה","65 ב רמב""ם",רעננה,,,,,,,,,,,,,,,,,,,,,,,,,,,,Profile,http://www.google.com/profiles/100809472981746395323,,,,,,,,
Yael,,Soffer,,,,,,,,Amdocs,"Director of Measurements and Analysis, Center of Excellence, Global Quality",,,LinkedIn Profile: https://www.linkedin.com/profile?viewProfile=&key=72860,,Imported 8/1/13 ::: Imported on 4/29 ::: * myContacts,* Other,yaels@dmatek.com,Other,soffer.yael@gmail.com,,,,,,,Radio,yael_soffer,,,,,,,,,,,,,,,,,,,,,,,,,,,,,,,,,,,,,,,,,,Sync.ME profile,http://sync.me/profile/LzKyB8Yby76f1th3t7KTNuiGvvKxtkNT,,,,,Photo,https://www.google.com/s2/photos/private/AIbEiAIAAAAhCKP_6_LYlPDnERCxkdHJ5-7Fgj8Y8fPtov_GqPeLATABme_EmUhCQPlns67oEGyM-g-zDxQ,,
Yael,,Yishai,,,,,,,,,,,,Exchange E-mail Address: /o=BetterPlace/ou=Exchange Administrative Group (FYDIBOHF23SPDLT)/cn=Recipients/cn=yaely,,* myContacts,* Other,Yael.Yishai@betterplace.com,,,,,,,,,,,,,,,,,,,,,,,,,,,,,,,,,,,,,,,,,,,,,,,,,,,,,,,,,,,,,
Yafa,,Korengoot,,,,,,,,,,,,Lanlord,,Imported 8/1/13 ::: Imported on 4/29 ::: * myContacts,,,,,,,,,,,Mobile,054-345-5458,,,,,,,,,,,,,,,,,,,,,,,,,,,,,,,,,,,,,,,,,,,,,,,,,,,
Yahav,,Adorian,,,,,,,,,,,,,,Imported on 4/29 ::: * myContacts,* Obsolete,yahavado@google.com,,yahava@google.com,,,,,,,Home,0542052312,,,,,,,,,,,,,,,,,,,,,,,,,,,,,,,,,,,,,,,,,,,,,,,,,,,
Yair,,Gil,,,,,,,,AT&T,,, --03-15,,,Imported on 4/29 ::: * myContacts,* Other,ygil012@gmail.com,,,,,,,,,,,,,,,,,,,,,,,,,,,,,,,,,,,,,,,,,,,,,,,,,,,,Other,https://500px.com/YairGil/ ::: http://www.telhai-phmuseum.com/#!blank-24/d2p3a,,,,,Photo,https://lh3.googleusercontent.com/-MfDVAF2CUpY/WceSZ_egVaI/AAAAAAAAAAA/1no-_njQE14u-Puduw3XD5nttUhYKf3fwCOQCEAE/photo.jpg,,
Yair,,Hershanu,,,,,,,,,,,,,,* myContacts,,,,,,,,,,,Mobile,+972 52-736-0049,,,,,,,,,,,,,,,,,,,,,,,,,,,,,,,,,,,,,,,,,,,,,,,,,,,
Yair,,Konin,,,,,,,,NetVision,,,,,https://lh3.googleusercontent.com/contacts/AG6tpzGCwDqo4vtHu79ZjoyUhXX51RPLemIiDL38SyCVJWf0FgmJvw7K,Imported 8/1/13 ::: Imported on 4/29 ::: * myContacts,* Other,nvyairk@netvision.net.il,,,,,,,,,Mobile,+972 (50) 7774155,,,,,,,,,,,,,,,,,,,,,,,,,,,,,,,,,,,,,,,,,,,,,,,,,,,
Yair,,Peled,,,,,,,,,,,,,,Imported 8/1/13 ::: Imported on 4/29 ::: * myContacts,* Other,yairpel@yahoo.com,,,,,,,,,,,,,,,,,,,,,,,,,,,,,,,,,,,,,,,,,,,,,,,,,,,,Other,fb://profile/899320076,,,,,,,,
Yair,,Weiss,,,,,,,,,,,,,,Imported 8/1/13 ::: Imported on 4/29 ::: * myContacts,* Other,yweiss@cs.huji.ac.il,Other,yweiss@CS.Berkeley.EDU,Home,yair.weiss@mail.huji.ac.il,,,,,Home,+972 (2) 6793852,Mobile,+16173839503,,,,,,,,,,,,,,,,,,,,,,,,,,,,,,,,,,,,,,,,,,,,,,,,,
Yanina,,Slomovic,,,,,,,,,,,,Exchange E-mail Address: /o=BetterPlace/ou=Exchange Administrative Group (FYDIBOHF23SPDLT)/cn=Recipients/cn=yaninas,https://lh3.googleusercontent.com/contacts/AG6tpzEXrelqBx0vo2n72Pe7EHMo4kJJmzRJZFgI-MNLHzwZoEe5YQOY,* myContacts,* Other,Yanina.Slomovic@betterplace.com,,,,,,,,,Mobile,054-8199135,,,,,,,,,,,,,,,,,,,,,,,,,,,,,,,,,,,,,,Manager,Ron Sapir,,,,,,,,,,,,
Yanir,,Raveh,,,,,,,,,,,,,https://lh3.googleusercontent.com/contacts/AG6tpzHiNfvgJ8hh5Lg2Rfew3SXjbF5CCn0A3c5q5aiA4IR0zu_YaTrr,Imported 8/1/13 ::: Imported on 4/29 ::: * myContacts,* Other,Yanir.raveh@gmail.com,,,,,,,,,Mobile,+972 54 6399323,,,,,,,,,,,,,,,,,,,,,,,,,,,,,,,,,,,,,,,,,,Other,fb://profile/1118596205,,,,,,,,
Yaniv,,Efrati,,,,,,,,,"Director of Deployment & Services, Omnium",,,,,* myContacts,* Other,Yaniv@press-sense.com,Other,yefrati@yahoo.com,,,,,,,Mobile,+972 54-7719055,Work,+972 4-6260318,,,,,,,,,,,,,,,,,,,,,,,,,,,,,,,,,,,,,,,,,,,,,,,,,
Yaniv,,Malka,,,,,,,,,,,,Exchange E-mail Address: /o=BetterPlace/ou=Exchange Administrative Group (FYDIBOHF23SPDLT)/cn=Recipients/cn=yanivm,,* myContacts,* Other,Yaniv.Malka@betterplace.com,,,,,,,,,Mobile,054-2153777,,,,,,,,,,,,,,,,,,,,,,,,,,,,,,,,,,,,,,Manager,Ron Sapir,,,,,,,,,,,,
Yaniv,,Naftali,,,,,,,,,,,,,,Imported 8/1/13 ::: Imported on 4/29 ::: * myContacts,* Other,nnaftali@netvision.net.il,,,,,,,,,,,,,,,,,,,,,,,,,,,,,,,,,,,,,,,,,,,,,,,,,,,,,,,,,,,,,
Yariv,,Haddad,,,,,,,,Deep Optics,CEO & Founder,,1969-07-06,,,Imported 8/1/13 ::: Imported on 4/29 ::: * myContacts,* Other,yariv.haddad@gmail.com,,,,,,,,,,,,,,,,,,,,,Home,"Ra'anana, Central District
Israel",,Ra'anana,,Central District,,Israel,,,,,,,,,,,,,,,,,,,,,,,,,,,,,,Photo,https://lh6.googleusercontent.com/-5U_X2x5xQwc/WceSqCTajKI/AAAAAAAAAAA/0TpXHi_Ee843f8d69QZoB9pRL-YxC0xQQCOQCEAE/photo.jpg,,
Yariv,,Tal,,,,,,,,IBM,SAP Project Manager,,,Exchange E-mail Address: /o=BetterPlace/ou=Exchange Administrative Group (FYDIBOHF23SPDLT)/cn=Recipients/cn=yarivt,,* myContacts,* Other,Yariv.Tal@betterplace.com,,,,,,,,,,,,,,,,,,,,,,,,,,,,,,,,,,,,,,,,,,,,,,,,,,,,,,,,,,,,,
Yaron,,Adler,,,,,,,,,,,,<sn>id:754561304/friendof:809988573</sn>,https://lh3.googleusercontent.com/contacts/AG6tpzHyHEfAhkiKOv45tQ2BFybxHgVAwZk_BkaZByIfFc7PSKjVLVGA,Imported 8/1/13 ::: Imported on 4/29 ::: * myContacts,* Other,yaronadler@hotmail.com,,,,,,,,,Mobile,+972 544-656400,,,,,,,,,,,,,,,,,,,,,,,,,,,,,,,,,,,,,,,,,,Other,fb://profile/754561304,,,,,,,,
Yaron,,Daniel,,,,,,,,,,,,Exchange E-mail Address: /o=BetterPlace/ou=Exchange Administrative Group (FYDIBOHF23SPDLT)/cn=Recipients/cn=Yaronda,,* myContacts,* Other,Yaron.Daniel@betterplace.com,,,,,,,,,,,,,,,,,,,,,,,,,,,,,,,,,,,,,,,,,,,,,,,,,,,,,,,,,,,,,
Yaron,,David,,,,,,,,,,,,Exchange E-mail Address: /o=BetterPlace/ou=Exchange Administrative Group (FYDIBOHF23SPDLT)/cn=Recipients/cn=YaronD,https://lh3.googleusercontent.com/contacts/AG6tpzFEu4mUttqKDjNUYhpj4ilvrTC0l4wCiwLQ1ngJgpWMhExVjZrP,* myContacts,* Other,Yaron.David@betterplace.com,,,,,,,,,Mobile,972 54 839 5671,Work,972 3 916 5671,,,,,,,,,,,,,,,,,,,,,,,,,,,,,,,,,,,,,,,,,,,,,,,,,
Yaron,,Dycian,,,,,,,,Trusteer,Vice President of Products,,,,,Imported 8/1/13 ::: Imported on 4/29 ::: * myContacts,* Other,ydycian@yahoo.com,Other,yaron@wavion.biz,,,,,,,Home,+1 (408) 7359195,Mobile,+1 (650) 2691317,Radio,yaron_dycian,,,,,,,,,,,,,,,,,,,,,,,,,,,,,,,,,,,,,,,,,,,,,,,
Yaron,,Levin,,,,,,,,,Lawyer,,,"ירון לוין, עו""ד

רח' הארד 3 תל אביב 6971056

טל': 03-7289300 פקס': 073-2693100

www.ylevin.co.il

",,Imported on 4/29 ::: * myContacts,* ,yaron@ylevin.co.il,,,,,,,,,,03 5755522 ::: 052-3505911,,,,,,,,,,,,,,,,,,,,,,,,,,,,,,,,,,,,,,,,,,,,,,,,,,,
Yaron,,Malin,,,,,,,,,,,,,,Imported on 4/29 ::: * myContacts,* ,yaronmln@waze.com,,yaronmln@google.com,,,,,,,Mobile,+972525415049,,,,,,,,,,,,,,,,,,,,,,,,,,,,,,,,,,,,,,,,,,,,,,,,,,,
Yaron,,Naor,,,,,,,,,,,,Exchange E-mail Address: /o=BetterPlace/ou=Exchange Administrative Group (FYDIBOHF23SPDLT)/cn=Recipients/cn=yaronn,https://lh3.googleusercontent.com/contacts/AG6tpzFffnTGvlCJXUYS_8QtF4ng2_q_wzO1-qS5roIn07ENmzITDLeS,* myContacts,* Other,Yaron.Naor@betterplace.com,,,,,,,,,Mobile,972 52 866 3348,,,,,,,,,,,,,,,,,,,,,,,,,,,,,,,,,,,,,,Manager,Eli Vahabi,,,,,,,,,,,,
Yaron,,Ozer,,,,,,,,TopCo,New Product Introduction Manager,R&D Team :OBS,,Exchange E-mail Address: /o=BetterPlace/ou=Exchange Administrative Group (FYDIBOHF23SPDLT)/cn=Recipients/cn=yarono,https://lh3.googleusercontent.com/contacts/AG6tpzFUTDt9R-Flr5K1y-F0eOp4gybv-bF6atcUzAiSs3MD6lK1Yg3i,* myContacts,* Other,Yaron.Ozer@betterplace.com,,,,,,,,,Mobile,972 54 971 6070,,,,,,,,,,,Work,"13 Ha'amal St.
Afek industrial park
Rosh-Ha'ayin
Israel",13 Ha'amal St. Afek industrial park,Rosh-Ha'ayin,,,,Israel,,,,,,,,,,,,,,,,,,,,Manager,Ilana dankovich,,,,,,,,,,,,
Yaron,,Straschnov,,,,,,,,TopCo,Batteries and Communication Product Manager,PDef,,Exchange E-mail Address: /o=BetterPlace/ou=Exchange Administrative Group (FYDIBOHF23SPDLT)/cn=Recipients/cn=yarons,,* myContacts,* Other,Yaron.Straschnov@betterplace.com,,,,,,,,,Mobile,972 54 8300666,Work,972 73 790 2249,,,,,,,,,,,,,,,,,,,,,,,,,,,,,,,,,,,,Manager,Emek Sadot,,,,,,,,,,,,
Yaron,,Zakai,,,,,,,,,,,,,https://lh3.googleusercontent.com/contacts/AG6tpzHGSn5TDka0Nc0qAPEUrpkTWq8VnQ0y3bbQ1gZhfQb48oPXFIOp,Imported 8/1/13 ::: Imported on 4/29 ::: * myContacts,* Other,yaronz@gmail.com,,,,,,,,,,,,,,,,,,,,,,,,,,,,,,,,,,,,,,,,,,,,,,,,,,,,,,,,,,,,,
Yeela,,Bash,,,,,,,,,,,,,https://lh3.googleusercontent.com/contacts/AG6tpzEQtHd83Iv4P-DLXRbHft84ZBVLrMiQXG_RMJInfZiG1eIUNHKn,Imported 8/1/13 ::: Imported on 4/29 ::: * myContacts,* Other,Yeela_Bash@iamba.com,,,,,,,,,Mobile,+972 (54) 4845833,,,,,,,,,,,,,,,,,,,,,,,,,,,,,,,,,,,,,,,,,,,,,,,,,,,
Yehoodit,,Eshed,,,,,,,,,,,,,https://lh3.googleusercontent.com/contacts/AG6tpzEh22jqcWsROOafpkNbXcIRddor4FzvdmF9nXVao5Du69X8v-Iu,Imported 8/1/13 ::: Imported on 4/29 ::: * myContacts,,,,,,,,,,,Mobile,+972 (54) 4639000,Work,+972 (3) 5406539,,,,,,,,,Work,"Binyamini Tzvi 2
Ramat
Hasharon
United States of America",2 Binyamini Tzvi,Ramat Hasharon,,,,United States of America,,,,,,,,,,,,,,,,,,,,,,,,Profile,http://www.google.com/profiles/106493689708209288193,,,,,,,,
Yehoshua,,,,,,,,,,Drums,,,,,,Imported 8/1/13 ::: Imported on 4/29 ::: * myContacts,,,,,,,,,,,Mobile,+972 (52) 392 3278,,,,,,,,,,,,,,,,,,,,,,,,,,,,,,,,,,,,,,,,,,Sync.ME profile,http://sync.me/profile/vmcgGNDxwBqVUO94X9DdrH3K7O7xp31LJogCK5iw,,,,,Photo,https://www.google.com/s2/photos/private/AIbEiAIAAAAhCKP_6_LYlPDnERCujf3Pw8qpq0kYnan1ibnjw8yZATABoW8bBTSd0YfRrsJqGX1U2s_Ff9o,,
Yehudit,& Udi,Lizerboum,,,,,,,,,,,,,,Imported 8/1/13 ::: Imported on 4/29 ::: * myContacts,* Other,udil@amdocs.com,Other,Udi.Lizerboum@BellSouth.com,,,,,,,Mobile,+1 (678) 406-2277,Home,+1 (770) 495-3857,Other,+1 (678) 773-7301,,,,,,,,,,,,,,,,,,,,,,,,,,,,,,,,,,,,,,,,,,,,,,,
Yelena,,German,,,,,,,,,,,,,,Imported 8/1/13 ::: Imported on 4/29 ::: * myContacts,* Other,yelena@press-sense.com,,,,,,,,,Mobile,+972 54-4923024,,,,,,,,,,,,,,,,,,,,,,,,,,,,,,,,,,,,,,,,,,,,,,,,,,,
Yes,,Sales,,,,,,,,,,,,,,Imported on 4/29 ::: * myContacts,,,,,,,,,,,Mobile,073-705-5562,,,,,,,,,,,,,,,,,,,,,,,,,,,,,,,,,,,,,,,,,,,,,,,,,,,
Yevgeni,,Krupetsky,,,,,,,,Better Place Israel LTD.,System Administrator,IT,,Exchange E-mail Address: /o=BetterPlace/ou=Exchange Administrative Group (FYDIBOHF23SPDLT)/cn=Recipients/cn=yevk,https://lh3.googleusercontent.com/contacts/AG6tpzFxF7AFrhmsyImCh_ajtcKjI7f7mKNFWpR991VCyCeBFCOhBwkz,* myContacts,* Other,Yevgeni.Krupetsky@betterplace.com,,,,,,,,,Mobile,972 54 267 7146,Work,972 73 790 2208,,,,,,,,,Work,"Ha'amal 13
Rosh Ha'ain
Israel",13 Ha'amal,Rosh Ha'ain,,,,Israel,,,,,,,,,,,,,,,,,,,,Manager,Eyal Azran,,,,,,,,,,,,
Yifat,,Meidav,,,,,,Yifat,,,,,,"<sn>id:1070993504/friendof:809988573</sn>

טןכשא",https://lh3.googleusercontent.com/contacts/AG6tpzHSNgvxvwdRfs4xt4RmTO9n6kWW7nwaIcxf-hBRHnmUSmOi-u2s,Imported 8/1/13 ::: Imported on 4/29 ::: ICE ::: * myContacts ::: * starred,* Other,yifat.meidav@gmail.com,Other,yifat.tax@gmail.com ::: Yifat.Meidav@clicksoftware.com ::: yifat_meidav@yahoo.com ::: yifat.meidav@outlook.com,,,,,,,Mobile,054-242-7960,,,,,,,,,,,,,,,,,,,,,,,,,,,,,,,,,,,,,,,,,,Other,fb://profile/1070993504,Profile,http://www.google.com/profiles/103712095212599000885,Sync.ME profile,http://sync.me/profile/Cb6o9fgECvabgdb3g3at34g85q8_s_lGGyxcia6ETzUKYj_fBpoPwCsMAVGifi8EQGpiwsvFFxdGKH2E2iNT,,,,
Yifat,,Sarne,,,,,,,,,,,,,,Imported 8/1/13 ::: Imported on 4/29 ::: * myContacts,* Other,yifat.sarne@gmail.com,,,,,,,,,,,,,,,,,,,,,,,,,,,,,,,,,,,,,,,,,,,,,,,,,,,,,,,,,,,,,
Yifat,,Segev,,,,,,,,Better Place,Finance,,,,https://lh3.googleusercontent.com/contacts/AG6tpzHvWrLw-RdEn-0Aeoci6XmceQFITjZiRp_JJc2l5z960uclhtNW,* myContacts,* Other,Yifat.Segev@betterplace.com,,,,,,,,,Mobile,+972.54.323.3090,Work,+972.3.644.8655 x 211,,,,,,,,,,,,,,,,,,,,,,,,,,,,,,,,,,,,,,,,,,,,,,,,,
Yiftach,,Nagar,,,,,,,,Mobixell Networks,Product Line Manager,,,,,Imported 8/1/13 ::: Imported on 4/29 ::: * myContacts,* Other,ynagar@nana.co.il,Other,yang@bezeqint.net ::: yiftach.nagar@gmail.com,,,,,,,Mobile,+972 (0) 54-5790062,Work,+972 (9) 7760111,Home,+1 (518) 641-1111,,,,,,,Home,"97 Pinehurst Ave.
Albany
NY 12203-2525
USA",97 Pinehurst Ave 2525,Albany,,NY,12203,USA,,Work,United States of America,,,,,,United States of America,,,,,,,,,,,,,,,Other,http://www.mobixell.com,,,,,,,,
Yigal,,Kafka,,,,,,,,TEOCO,Senior R&D Manager,"development, sdev",,<sn>id:647104189/friendof:809988573</sn>,https://lh3.googleusercontent.com/contacts/AG6tpzHmC4FeT9dmxboFzsQhpVnEn0ndoyjGcaGCtNsz902gV_TekKOG,Imported 8/1/13 ::: Imported on 4/29 ::: * myContacts,* Other,yigal@TTI-TELECOM.COM,Other,yigal.mail@gmail.com,,,,,,,Home,+972 (3) 9241907,Mobile,+972 (54) 7779057,Work,+972 (3) 9269753,Radio,yigalkafka,,,,,Work,"8/31 Tabachnik
Petach-Tikva
United States of America",8/31 Tabachnik,Petach-Tikva,,,,United States of America,,,,,,,,,,,,,,,,,,,,,,,,Other,fb://profile/647104189,,,,,,,,
Yigal,,Livne,,,,,,,,Neurone VC Fund,Managing Partner,,,,https://lh3.googleusercontent.com/contacts/AG6tpzEPFXukCE_ymicoBXZQ0a7P1OmIeT_UptiDcJxbee9CvhgYMi88,Imported 8/1/13 ::: Imported on 4/29 ::: * myContacts,* Other,yigall@neurone.co.il,Other,yigall@pn-vc.com,,,,,,,Home,+972 (9) 7714669,Mobile,+972 (54) 4509709,Work,+972 (3) 7657260,,,,,,,Work,"2a Habarzel st
Ramat Hachail
Tel Aviv, 61580
Israel",2a Habarzel st,Tel Aviv,,,61580,Israel,Ramat Hachail,,,,,,,,,,,,,,,,,,,,,,,,,,,,,,,,
Yigal,,Petreanu,,,,,,Yigal,,waze,Senior Software Engineer,,,"+1 (617) 467.4325
17816521881
17812132859
+1 (781) 213-2859

Group: R&D - US
US Mobile: 1.617.7635035",https://lh3.googleusercontent.com/contacts/AG6tpzFuDgqm6uCBT0gVXKOJvOCeS98VJsL-3I9UUxSDlt0kPRvx1wHO,* myContacts,* Other,yigalp33@hotmail.com,Home,yigal@google.com,Other,yigalp33@gmail.com ::: yigal@waze.com,,,,,Mobile,+1 617-863-6268 ::: 050-293-6222,,,,,,,,,,,,,,,,,,,,,,,,,,,,,,,,,,,,,,,,,,Other,fb://profile/100000641863476,Profile,http://www.google.com/profiles/101742736800321592914 ::: http://www.google.com/profiles/102782360010105858377,,,,,,
Yigal,,Petreanu,,,,,,Yigal,,waze,Senior Software Engineer,,,"+1 (617) 467.4325
17816521881
17812132859
+1 (781) 213-2859

Group: R&D - US
US Mobile: 1.617.7635035",,Imported 8/1/13 ::: Imported 3/19/12 ::: Imported on 4/29 ::: * myContacts,* Other,yigalp33@hotmail.com,Other,yigalp33@gmail.com ::: yigal@waze.com,Home,erez.bashan@gmail.com,,,,,Mobile,+1 617-863-6268 ::: 050-293-6222 ::: +1 (617) 763-5035,,,,,,,,,,,,"412 PARKER ST
APT M, NEWTON, MA 02459-2600
US",412 PARKER ST,NEWTON,,MA,02459-2600,US,APT M,,,,,,,,,,,,,,,,,,,,,,,Profile,http://www.google.com/profiles/101742736800321592914 ::: http://www.google.com/profiles/102782360010105858377,Other,fb://profile/100000641863476,,,Photo,https://lh5.googleusercontent.com/-aiBxlqDvZes/WxacHQXxBHI/AAAAAAAAAAA/7fq6ojplM0ozAPVHU4t4gJpZvgizit_tQCOQCEAE/photo.jpg,,
Yigal,,Petreanu,,,,,,Yigal,,,,,,"+1 (617) 467.4325
17816521881
17812132859
+1 (781) 213-2859

Group: R&D - US
US Mobile: 1.617.7635035",https://lh3.googleusercontent.com/contacts/AG6tpzEeG5BNIPzOEFSYEyrWE7g7hpnVi0Qd4GiA9nOlU4zxFDn5-N7c,* myContacts,* Other,yigalp33@hotmail.com,Other,yigalp33@gmail.com ::: yigal@wazearchive.goog,Obsolete,yigal@waze.com,,,,,Home,+1.617.7635035,Mobile,+1 617.602.3222,,,,,,,,,,,,,,,,,,,,,,,,,,,,,,,,,,,,,,,,Other,fb://profile/100000641863476,,,,,,,,
Yinon,,Sahar,,,,,,,,Jacada,"Executive Director, Professional Services",,2006-06-30,,,Imported 8/1/13 ::: Imported on 4/29 ::: * myContacts,* Other,yinon@tti-telecom.com,Other,ysahar@imcingular.com,,,,,,,Mobile,+1 (678) 4272462,Pager,ysahar@imcingular.com,Work,+1 (770) 206-4607,,,,,,,Home,"8-06 Park Ave.
Fair Lawn
NJ
07410
United States of America",8-06 Park Ave,Fair Lawn,,NJ,07410,United States of America,,Other,"4654 Devonshire RD.
Atlanta
GA
30338
United States of America",4654 Devonshire RD,Atlanta,,GA,30338,United States of America,,Work,"1000 Abernathy Rd.
Suite#1850
400 North Park
Atlanta
GA
30328
United States of America",1000 Abernathy Rd. Suite#1850 400,Atlanta,,GA,30328,United States of America,North Park,Manager,Kobi Alaluf,,,Other,http://www.tti-telecom.com,,,,,,,,
Yishai,,Amir,,,,,,,,Hewlett-Packard Company,"Indigo DP Strategic Marketing  Manager, Enterprise Imaging and Printing",,,,https://lh3.googleusercontent.com/contacts/AG6tpzHoOWkhVEx0yRrkRMw87E6m0I6aQfEAysNiclXKJ_P-Fau3U1gK,Imported 8/1/13 ::: Imported on 4/29 ::: * myContacts,* Other,Yishai.Amir@hp.com,,,,,,,,,Work,+972 (8) 938 1345,Radio,yishai.amir,Work Fax,+972 (8) 938 1339,,,,,,,Work,Israel,,,,,,Israel,,,,,,,,,,,,,,,,,,,,,,,,Other,http://www.hp.com,,,,,,,,
Yishai,,Horn,,,,,,,,OpCo,Marketing strategy manager,Marketing,,Exchange E-mail Address: /o=BetterPlace/ou=Exchange Administrative Group (FYDIBOHF23SPDLT)/cn=Recipients/cn=Yishaih,https://lh3.googleusercontent.com/contacts/AG6tpzHo3EesG_ytycif9A8xTk7d5O7cWaW4Kd-xJYeZvVnSTqwPLvyM,* myContacts,* Other,Yishai.Horn@betterplace.com,,,,,,,,,Pager,Skype: yishai.horn,Mobile,972 54 323 3074,Work,972 73 790 2132,,,,,,,,,,,,,,,,,,,,,,,,,,,,,,,,,,Manager,Dafna Agassi,,,,,,,,,,,,
Yishai,,Steinhart,,,,,,,,,,,,,,Imported 8/1/13 ::: Imported on 4/29 ::: * myContacts,* Other,yishai@digi-labs.net,,,,,,,,,,,,,,,,,,,,,,,,,,,,,,,,,,,,,,,,,,,,,,,,,,,,,,,,,,,,,
,,Yishaya,,,,Dr.,,,,,,,,,,Imported 8/1/13 ::: Imported on 4/29 ::: * myContacts,,,,,,,,,,,Work,+972 (9) 7481070,,,,,,,,,,,,,,,,,,,,,,,,,,,,,,,,,,,,,,,,,,,,,,,,,,,
Yoav,,Avrahami,,,,,,,,,,,,,https://lh3.googleusercontent.com/contacts/AG6tpzGf2s0j4KA0LOhglEj2V1Wtx8P45Y7lZlAqolifsG_rjUa03058,Imported 8/1/13 ::: Imported on 4/29 ::: * myContacts,* Other,yoavaa@gmail.com,,,,,,,,,Mobile,+972 542 344 146,,,,,,,,,,,,,,,,,,,,,,,,,,,,,,,,,,,,,,,,,,,,,,,,,,,
Yoav,,Bashan,,,,,,Yoav,,,,,,,https://lh3.googleusercontent.com/contacts/AG6tpzHBCXE1Q8w-K69w8Ddq4TH3kmBZNwpEip1VdQcfpsKNcQqW_LcM,Imported 8/1/13 ::: Imported on 4/29 ::: * myContacts ::: * starred,* Home,yoav@ludan.co.il,Other,yoav.ramul@gmail.com,,,,,,,Mobile,+972 54-819-7112,,,,,,,,,,,,,,,,,,,,,,,,,,,,,,,,,,,,,,,,,,,,,,,,,,,
Yoav,,Broday,,,,,,,,,,,,,,Imported 8/1/13 ::: Imported on 4/29 ::: * myContacts,* Other,adv.yoav.broday@gmail.com,,,,,,,,,,,,,,,,,,,,,,,,,,,,,,,,,,,,,,,,,,,,,,,,,,,,,fb://profile/525644720,,,,,,,,
Yoav,,Heichal,,,,,,,,TopCo,Battery Exchange Project Manager,Ops,,Exchange E-mail Address: /o=BetterPlace/ou=Exchange Administrative Group (FYDIBOHF23SPDLT)/cn=Recipients/cn=yoavh,https://lh3.googleusercontent.com/contacts/AG6tpzHVVujuV8sVw8Ls2KCxeuOGa7YWYSdWMJPEcNiZsJ84pkDEWOqC,* myContacts,* Other,Yoav.Heichal@betterplace.com,,,,,,,,,Pager,Skype: Yoav.Heichal,Mobile,972 54 323 3052,Work,972 73 790 2143,,,,,,,,,,,,,,,,,,,,,,,,,,,,,,,,,,Manager,Tal Agassi,,,,,,,,,,,,
Yoav,,Tomer,,,,,,,,Mul-T-Lock,VP of R&D,,,,,Imported 8/1/13 ::: Imported on 4/29 ::: * myContacts,* Other,yoavto@gmail.com,,,,,,,,,Mobile,+972 52-386-7691,,,,,,,,,,,,,,,,,,,,,,,,,,,,,,,,,,,,,,,,,,,,,,,,,,,
Yoav,,Zelinger,,,,,,,,,,,,,,Imported on 4/29 ::: * myContacts,,,,,,,,,,,Mobile,+972546312265,,,,,,,,,,,,,,,,,,,,,,,,,,,,,,,,,,,,,,,,,,,,,,,,,,,
Yoav,,Zibin,,,,,,,,,,,,,,Imported on 4/29 ::: * myContacts,* ,yzibin@waze.com,Work,yzibin@google.com,,,,,,,Mobile,+972 (50) 7116732,Work,+1 212-565-7803 ::: +1 424-341-4733,,,,,,,,,,,,,,,,,,,,,,,,,,,,,,,,,,,,,,,,,,,,,,,,,
Yoel,,Einy,,,,,,,,,,,,Noa's Sister,,Imported 8/1/13 ::: Imported on 4/29 ::: * myContacts,* Work,yoel.einy@gmail.com,,,,,,,,,,,,,,,,,,,,,,,,,,,,,,,,,,,,,,,,,,,,,,,,,,,,,,,,,,,,,
Yohai,,Allouche,,,,,,,,Cellact,,,,,,Imported 8/1/13 ::: Imported on 4/29 ::: * myContacts,* Other,Yohai@cellact.com,,,,,,,,,Mobile,+972 523941199,,,,,,,,,,,,,,,,,,,,,,,,,,,,,,,,,,,,,,,,,,,,,,,,,,,
Yonatan🐲,,,,,,,,,,פינג פונג,,,,,,* myContacts,,,,,,,,,,,Mobile,+972544907364,,,,,,,,,,,,,,,,,,,,,,,,,,,,,,,,,,,,,,,,,,,,,,,,,,,
Yoni,,Danieli,,,,,,,,TopCo,QA Manager,R&D,,Exchange E-mail Address: /o=BetterPlace/ou=Exchange Administrative Group (FYDIBOHF23SPDLT)/cn=Recipients/cn=yonid,https://lh3.googleusercontent.com/contacts/AG6tpzFaxvsKeSKlMcqh2bFOat24gYoNvI-dpBEGdqCHWxEo-ffruIit,* myContacts,* Other,Yoni.Danieli@betterplace.com,,,,,,,,,Mobile,972 54 830 0602,Work,972 73 790 2214,,,,,,,,,,,,,,,,,,,,,,,,,,,,,,,,,,,,Manager,Lior Storfer,,,,,,,,,,,,
Yoni,,Goldberg,,,,,,,,Independent Software Developer,,,,,,Imported 8/1/13 ::: Imported on 4/29 ::: * myContacts,* Other,i@goldbergyoni.com,Other,goldberg.yoni@gmail.com,,,,,,,,,,,,,,,,,,,,,,,,,,,,,,,,,,,,,,,,,,,,,,,,,,Other,fb://profile/756719316 ::: www.goldbergYoni.com,,,,,Photo,https://lh4.googleusercontent.com/-lXzZvmdhDXA/WceUEGBA6EI/AAAAAAAAAAA/6xKmT9yZg90UwJpHES9IDTJIq-yxH21GgCOQCEAE/photo.jpg,,
Yoni,,Hemi,,,,,,,,Press-Sense,,,,<sn>id:567566917/friendof:809988573</sn>,https://lh3.googleusercontent.com/contacts/AG6tpzFlAtmKQioZm8b6StH6Og2omjAJhrkwL2i_UBElCckJmn-rAfwt,Imported 8/1/13 ::: Imported on 4/29 ::: * myContacts,* Other,yoni@press-sense.com,,,,,,,,,Mobile,+972 (52) 5702689,Work,+972 (4) 6260318 x 150,,,,,,,,,,,,,,,,,,,,,,,,,,,,,,,,,,,,,,,,Other,fb://profile/567566917,Sync.ME profile,http://sync.me/profile/uAuaKJ0TseE7XdZiAvfkSPHsqN_nJZ6UCeQe06kcTi_LaKZjTxU,,,,,,
Yoni,,Nesher,,,,,,,,TopCo,,QA   Team,,Exchange E-mail Address: /o=BetterPlace/ou=Exchange Administrative Group (FYDIBOHF23SPDLT)/cn=Recipients/cn=yonin,,* myContacts,* Other,Yoni.Nesher@betterplace.com,,,,,,,,,Mobile,972 54 434 1235,Work,972 73 7902713,,,,,,,,,,,,,,,,,,,,,,,,,,,,,,,,,,,,Manager,Yoni Danieli,,,,,,,,,,,,
Yoni,,Shweka,,,,,,,,,,,,Exchange E-mail Address: /o=BetterPlace/ou=Exchange Administrative Group (FYDIBOHF23SPDLT)/cn=Recipients/cn=Yonis,,* myContacts,* Other,Yoni.Shweka@betterplace.com,,,,,,,,,,,,,,,,,,,,,,,,,,,,,,,,,,,,,,,,,,,,,,,,,,,,,,,,,,,,,
Yoram,,Arnon,,,,,,,,Exanet,Director SW Development,,,,https://lh3.googleusercontent.com/contacts/AG6tpzGUOsmuXMBOBAM863PtT-w3dFZtyAcf81kCOI495NAoWxZc4YME,Imported 8/1/13 ::: Imported on 4/29 ::: * myContacts,* Other,yarnon@yahoo.com,Other,yarnon@gmail.com ::: yorama@Narus.com,,,,,,,Mobile,+972 (54) 7825234,Work,+972 (9) 7603365,Radio,yoram.arnon,,,,,,,,,,,,,,,,,,,,,,,,,,,,,,,,,,,,,,Other,fb://profile/842720359,,,,,,,,
Yoram,,Friedman,,,,,,,,OpCo,System Architect,R&D,,Exchange E-mail Address: /o=BetterPlace/ou=Exchange Administrative Group (FYDIBOHF23SPDLT)/cn=Recipients/cn=yoramf,,* myContacts,* Other,Yoram.Friedman@betterplace.com,,,,,,,,,Pager,Skype: Yoram.friedman2,Mobile,972 54 454 7191,Work,972 73 790 2162,,,,,,,,,,,,,,,,,,,,,,,,,,,,,,,,,,Manager,Barak Hershkovitz,,,,,,,,,,,,
Yoram,,Peretz,,,,,,,,TopCo,Infrastructure maintenance manager,Ops,,Exchange E-mail Address: /o=BetterPlace/ou=Exchange Administrative Group (FYDIBOHF23SPDLT)/cn=Recipients/cn=Yoramp,https://lh3.googleusercontent.com/contacts/AG6tpzEoU5-fgiHGiLHhHnIQAuj8gEDixnGdjUibCVuwO8a5zxU4SYQm,* myContacts,* Other,Yoram.Peretz@betterplace.com,,,,,,,,,Pager,skype: Yoram.Perez,Mobile,972 54 541 2675,Work,972 73 790 2172,,,,,,,,,,,,,,,,,,,,,,,,,,,,,,,,,,Manager,Pini Liberman,,,,,,,,,,,,
Yoram,,Provizor,,,,,,,,TopCo,Planner for CS,Infrastructure   Team: CS,,Exchange E-mail Address: /o=BetterPlace/ou=Exchange Administrative Group (FYDIBOHF23SPDLT)/cn=Recipients/cn=yorampr,,* myContacts,* Other,Yoram.Provizor@betterplace.com,,,,,,,,,Mobile,972 54 764 9172,Work,972 73 790 2714,,,,,,,,,,,,,,,,,,,,,,,,,,,,,,,,,,,,Manager,Shaul Zuk,,,,,,,,,,,,
Yoram,,Regev,,,,,,,,,,,,,,Imported 8/1/13 ::: Imported on 4/29 ::: * myContacts,* Other,yoram.regev@integration.sungard.com,Other,yregev.mba93@london.edu,,yoram.regev@gmail.com,,,,,,,,,,,,,,,,,,,,,,,,,,,,,,,,,,,,,,,,,,,,,,,,,fb://profile/583790697,,,,,,,,
Yoram,,Yuria,,,,,,,,TopCo,Rescue Vehicle Project Manager,R&D,,Exchange E-mail Address: /o=BetterPlace/ou=Exchange Administrative Group (FYDIBOHF23SPDLT)/cn=Recipients/cn=yoramy,,* myContacts,* Other,Yoram.Yuria@betterplace.com,,,,,,,,,Pager,skype: yoramy1,Mobile,972 54 323 3085,Work,972 73 790 2121,,,,,,,,,,,,,,,,,,,,,,,,,,,,,,,,,,Manager,Lior Storfer,,,,,,,,,,,,
Yossi,,Hermush,,,,,,,,Veon,,,,<sn>id:544993319/friendof:809988573</sn>,https://lh3.googleusercontent.com/contacts/AG6tpzH6a_pAEeSzKk0Xtckz_b55OHOtKMtoW-LNrduhr_R8m6XkCkEB,Imported 8/1/13 ::: Imported on 4/29 ::: * myContacts,* Home,yossi.hermush@gmail.com,,,,,,,,,Work,+972 (9) 9563055,Home,0545229955,,,,,,,,,,,,,,,,,,,,,,,,,,,,,,,,,,,,,,,,Other,fb://profile/544993319,Sync.ME profile,http://sync.me/profile/wd-oAtzWagQ-tNtMFDn7CaAxOfGF7Yn0u-HNIPZmrLf6HA,,,,,,
Yossi,,Hernes,,,,,,,,Amdocs,"Strategy, Offering, Marketing and Business Development Manager",,,,,Imported 8/1/13 ::: Imported on 4/29 ::: * myContacts,* Other,YOSSIHE@amdocs.com,,,,,,,,,Mobile,+972 (52) 6173162,Assistant,<UnKnown>,Other,64099,Work,+972 (977) 61877,,,,,,,,,,,,,,,,,,,,,,,,,,,,,,,,,,,,Sync.ME profile,http://sync.me/profile/N90VO76yCdWmeUG9Llx7vvd9qMlKDH__jXWJQT6-20_xcGKdvwZBP040cew,,,,,,,,
Yossi,,Manor,,,,,,,,,Insurance,,,,,Imported on 4/29 ::: * myContacts,,,,,,,,,,,Work,+972 9-746-3888,Other,+972 9-740-8937,,,,,,,,,,,,,,,,,,,,,,,,,,,,,,,,,,,,,,,,,,,,,,,,,
Yossi,,Nygate,,,,,,,,Amdocs,VP Architecture,,,,,Imported 8/1/13 ::: Imported on 4/29 ::: * myContacts,* Other,YossiNy@amdocs.com,,,,,,,,,Mobile,+972 (52) 6592488,Assistant,86125,Work,+972 (9) 77-64428,Other,972-9-77-64134,,,,,,,,,,,,,,,,,,,,,,,,,,,,,,,,,,,,Sync.ME profile,http://sync.me/profile/ePHmicrvD2h72SFIkXZItbtvO_9ZH_AjNvGx6wCkbgO4yD-US46svQsN8HKvOG0,,,,,,,,
Yossi,,Shay,,,,,,,,,,,,,https://lh3.googleusercontent.com/contacts/AG6tpzFtzOqzzy4IZViM_1fDR345dqT0INleM7-54e8YhSexMmLyeADW,Imported 8/1/13 ::: Imported on 4/29 ::: * myContacts,* Other,YOSSISHA@amdocs.com,,,,,,,,,Mobile,+972 (544) 747766,Assistant,64406,Work,+972 (9) 7786144,Other Fax,67155,,,,,,,,,,,,,,,,,,,,,,,,,,,,,,,,Manager,Dorit Bitter,,,,,,,,,,,,
Yossi,,Shlomo,,,,,,,,,,,,Exchange E-mail Address: /o=BetterPlace/ou=Exchange Administrative Group (FYDIBOHF23SPDLT)/cn=Recipients/cn=yossis,,* myContacts,* Other,Yossi.Shlomo@betterplace.com,,,,,,,,,,,,,,,,,,,,,,,,,,,,,,,,,,,,,,,,,,,,,,,,,,,,,,,,,,,,,
Yossi,,יוצאים ללמוד,,,,,,,,,,,,,,* myContacts,,,,,,,,,,,Mobile,+972543593778,,,,,,,,,,,,,,,,,,,,,,,,,,,,,,,,,,,,,,,,,,,,,,,,,,,
Yudit,,Libman,,,,,,,,Bookkeeping And Tax,,,,,,* myContacts,,,,,,,,,,,Mobile,+972522333687,Work,+97297407955,,,,,,,,,,,,,,,,,,,,,,,,,,,,,,,,,,,,,,,,,,,,,,,,,
Yudit,,Lizerbom,,,,,,,,,,,,Old +1 (770) 495-3857,,Imported 8/1/13 ::: Imported on 4/29 ::: * myContacts,* Other,ehud@bellsouth.net,,,,,,,,,Home,+1 (678) 566-0392,Mobile,+1 (678) 773-7301,,,,,,,,,Work,"11035 Kimball Crest Dr
Alpharetta
Ga
30022
United States of America ::: 11035 Kimball Crest Dr
Alpharetta, Ga 30022
United States ofAmerica",11035 Kimball Crest Dr ::: 11035 Kimball Crest Dr,Alpharetta ::: Alpharetta, ::: ,GA ::: GA,30022 ::: 30022,United States of America ::: United States ofAmerica, ::: ,,,,,,,,,,,,,,,,,,,,,,,,,,,,,,,,
Yuval,,Bashan,,,,,,Yuval,,,,,,,https://lh3.googleusercontent.com/contacts/AG6tpzGLZBo9Q2Km8mOfVODkxMFXav1_cScp54EdtRS1qDj-uXuWFtPr,Imported 8/1/13 ::: Imported on 4/29 ::: * myContacts,* Other,huck31@walla.co.il,,,,,,,,,Mobile,+972547616949,,,,,,,,,,,,,,,,,,,,,,,,,,,,,,,,,,,,,,,,,,Other,fb://profile/100000383149023,Profile,http://www.google.com/profiles/116955762089007213581,,,,,,
Yuval,,Cohen,,,,,,,,,,,,,https://lh3.googleusercontent.com/contacts/AG6tpzFF38JS50VH3_m5CocFeR1rRfPadaC7DzbAq9W-lNQfYvDEBExl,Imported 8/1/13 ::: Imported on 4/29 ::: * myContacts,* Other,yuvalcohenmusic@gmail.com,,,,,,,,,Mobile,0523565277,,,,,,,,,,,,,,,,,,,,,,,,,,,,,,,,,,,,,,,,,,Sync.ME profile,http://sync.me/profile/y4aHYmLbNN27xXoiDYG-bgkmTW17B6YKxIvPicB3Rns,,,,,,,,
Yuval,,Gilboa,,,,,,,,TopCo,SW Architect Team Leader,R&D,,Exchange E-mail Address: /o=BetterPlace/ou=Exchange Administrative Group (FYDIBOHF23SPDLT)/cn=Recipients/cn=yuvalg,,* myContacts,* Other,Yuval.Gilboa@betterplace.com,,,,,,,,,Pager,Skype: Yuval.Gilboa2,Mobile,972 54 323 3058,Work,972 73 790 2177,,,,,,,,,,,,,,,,,,,,,,,,,,,,,,,,,,Manager,Barak Hershkovitz,,,,,,,,,,,,
Yuval,,Goldberg,,,,,,,,,,,,,,Imported on 4/29 ::: * myContacts,* Work,yuvalgol@google.com,,,,,,,,,Mobile,+972508582203,Work,+972747569747,,,,,,,,,,,,,,,,,,,,,,,,,,,,,,,,,,,,,,,,,,,,,,,,,
Yuval,,Hen,,,,,,,,,,,,,,* myContacts,* ,hen@yuval-ra.com,,,,,,,,,Other,049929990,,,,,,,,,,,,,,,,,,,,,,,,,,,,,,,,,,,,,,,,,,,,,,,,,,,
Yuval,,Kersz,,,,,,,,,,,,Insurance,,Imported 8/1/13 ::: Imported on 4/29 ::: * myContacts,* Other,yuvaltelem@012.net.il,,,,,,,,,Mobile,+972 (52) 3310832,,,,,,,,,,,,,,,,,,,,,,,,,,,,,,,,,,,,,,,,,,,,,,,,,,,
Yuval,,Lib,,,,,,,,,,,,,https://lh3.googleusercontent.com/contacts/AG6tpzEDgzjXty03WJCS_Lw1W3URCTimja64uwc3OQnsLz0_FOP0usg9,Imported 8/1/13 ::: Imported on 4/29 ::: * myContacts,* Other,yuval.lib@gmail.com,,,,,,,,,,,,,,,,,,,,,,,,,,,,,,,,,,,,,,,,,,,,,,,,,,,,,,,,,,,,,
Yuval,,Or,,,,,,,,TopCo,QA Engineer,R&D,,Exchange E-mail Address: /o=BetterPlace/ou=Exchange Administrative Group (FYDIBOHF23SPDLT)/cn=Recipients/cn=yuvalo,https://lh3.googleusercontent.com/contacts/AG6tpzHFbw3OZixPKW53EBLrVovfLmRwD-1pDX_hs6Wmzb_6oLZOSJAW,* myContacts,* Other,Yuval.Or@betterplace.com,,,,,,,,,Pager,Skype: Yuval.or77,Mobile,972 52 453 3936,Work,972 73 790 2141,,,,,,,,,,,,,,,,,,,,,,,,,,,,,,,,,,Manager,Benji Selano,,,,,,,,,,,,
Yuval,,Perlov,,,,,,,,TTI - NA,Senior Director R&D,"communication, development",2006-11-05,<sn>id:715314589/friendof:809988573</sn>,,Imported 8/1/13 ::: Imported on 4/29 ::: * myContacts,* Other,yuvalperlov@gmail.com,Other,yuvalp@tti-telecom.com ::: yuvalperlov@hotmail.com,,,,,,,Home,+1 (404) 386-4123,Mobile,+1 (770) 363-2438,Work,+1 (770) 206-4754,Work Fax,+1 (770) 206-4701,,,,,Home,"1138 Potomac Rd.
Atlanta
GA
30338
United States of America",1138 Potomac Rd,Atlanta,,GA,30338,United States of America,,Work,"1000 Abernathy Rd.
Suite#1850
400 North Park
Atlanta
GA
30328
United States of America ::: 1000 Abernathy Rd.
Suite#1850
400 North Park
Atlanta, GA 30328
United States of America","1000 Abernathy Rd. Suite#1850 400 ::: Suite#1850
400 North Park
1000 Abernathy Rd",Atlanta ::: Atlanta, ::: ,GA ::: GA,30328 ::: 30328,United States of America ::: United States of America,North Park ::: ,,,,,,,,,,Manager,Hagit Ashkenazi,,,,fb://profile/715314589 ::: http://www.tti-telecom.com,Sync.ME profile,http://sync.me/profile/y2AtHiMJ9fPGlGo-33DwP37a6Se0kI8OLkEoniYnm8XvzKus29xUVik6gcjZMVNMyj2wY41FUaenGBAS,Profile,http://www.google.com/profiles/116819383897706550050,,,,
Yuval,,Rosen,,,,,,,,TopCo,Billing Project Manager,R&D,,Exchange E-mail Address: /o=BetterPlace/ou=Exchange Administrative Group (FYDIBOHF23SPDLT)/cn=Recipients/cn=YuvalR,https://lh3.googleusercontent.com/contacts/AG6tpzESzEnQ0Y9PvJBTerbHjDx8-KZvl48m-UrEux-3oueeY-769Dwx,* myContacts,* Other,Yuval.Rosen@betterplace.com,,,,,,,,,Pager,Skype: yuval.rosen1,Mobile,972 54 323 3080,Work,972 73 790 2167,,,,,,,,,,,,,,,,,,,,,,,,,,,,,,,,,,,,,,,,,,,,,,,
Yuval,,Somekh,,,,,,,,OpCo,Controller,Finance,,Exchange E-mail Address: /o=BetterPlace/ou=Exchange Administrative Group (FYDIBOHF23SPDLT)/cn=Recipients/cn=Yuvals,https://lh3.googleusercontent.com/contacts/AG6tpzGXVok0NJJkfWIeRpQA3z62-zCRN-49grmNXxi64NNKSRLlEi8Y,* myContacts,* Other,Yuval.Somekh@betterplace.com,,,,,,,,,Mobile,972 54 660 8143,Work,972 73 790 2124,,,,,,,,,,,,,,,,,,,,,,,,,,,,,,,,,,,,Manager,Ran Matoki,,,,,,,,,,,,
Yuval,,Tal,,,,,,,,Zofim,,,,,https://lh3.googleusercontent.com/contacts/AG6tpzECw3B14-BWopwpvwZ6wo9-LRp05RGh9AQ3RmHglhzMiE05kyeW,Imported 8/1/13 ::: Imported on 4/29 ::: * myContacts,* Work,yuvi.tal@gmail.com,,,,,,,,,Mobile,054-3302957,,,,,,,,,,,,,,,,,,,,,,,,,,,,,,,,,,,,,,,,,,,,,,,,,,,
Zach,,Avishai,,,,,,,,,,,,Exchange E-mail Address: /o=BetterPlace/ou=Exchange Administrative Group (FYDIBOHF23SPDLT)/cn=Recipients/cn=zacha,https://lh3.googleusercontent.com/contacts/AG6tpzHdlT6yA4Uq9gQdEHcPsKuVNbVhPKY2Bz7QY7M_ucjGZvAkTR7x,* myContacts,* Other,Zach.Avishai@betterplace.com,,,,,,,,,Mobile,972 54 830 0639,Work,972 73 790 2535,,,,,,,,,,,,,,,,,,,,,,,,,,,,,,,,,,,,Manager,Sharon Shachar,,,,,,,,,,,,
Zafrir,,Eitan עבראניאת,,,,,,,,,,,,,,* myContacts,,,,,,,,,,,Mobile,+972528905983,,,,,,,,,,,,,,,,,,,,,,,,,,,,,,,,,,,,,,,,,,,,,,,,,,,
Zeev,,Greenblatt,,,,,,,,,,,,,,Imported 8/1/13 ::: Imported on 4/29 ::: * myContacts,* Other,Zeev_Greenblatt@iamba.com,,,,,,,,,Radio,zeevgr2,Mobile,+972 (54) 5951824,Home,+972 (9) 7928285,,,,,,,,,,,,,,,,,,,,,,,,,,,,,,,,,,,,,,,,,,,,,,,
Zeev,,Yoffe,,,,,,,,OpCo,NPI Engineer,GSC,,Exchange E-mail Address: /o=BetterPlace/ou=Exchange Administrative Group (FYDIBOHF23SPDLT)/cn=Recipients/cn=Zeevy,https://lh3.googleusercontent.com/contacts/AG6tpzEP-MbuXGM4BL3G2PXOoqZDHpj7bzHZPAmewfgNNMMY7088kO8Y,* myContacts,* Other,Zeev.Yoffe@betterplace.com,,,,,,,,,Mobile,972 54 497 0068,Work,972 73 790 2234,,,,,,,,,,,,,,,,,,,,,,,,,,,,,,,,,,,,,,,,,,,,,,,,,
Zeev,,רשיון אקדח שוהם,,,,,,,,,,,,,,* myContacts,,,,,,,,,,,Mobile,+972506913706,,,,,,,,,,,,,,,,,,,,,,,,,,,,,,,,,,,,,,,,,,,,,,,,,,,
zExch,,Tester,,,,,,,,,,,,Exchange E-mail Address: /o=BetterPlace/ou=Exchange Administrative Group (FYDIBOHF23SPDLT)/cn=Recipients/cn=zexchtest,,* myContacts,* Other,zExch.Tester@betterplace.com,,,,,,,,,,,,,,,,,,,,,,,,,,,,,,,,,,,,,,,,,,,,,,,,,,,,,,,,,,,,,
Ziki,,Shoochman,,,,,,,,,accountant,,,,,Imported 8/1/13 ::: Imported on 4/29 ::: * myContacts,* Work,zikis@017.net.il,Work,tel-aviv.office@angels4u.co.il ::: zikis@netvision.net.il ::: 0505614487@netvision.net.il,,,,,,,Mobile,+972 505-614487,Home,+972 9-742-0538,Other,+972 50-5608055,,,,,,,Home,"יסמין 16ב
כפר סבא",16ב יסמין,כפר סבא,,,,,,,,,,,,,,,,,,,,,,,,,,,,,,,,,,,,,
Zippora,,Zadok,,,,,,,,Wellana,,,,,,* myContacts,* ,zippora@wellana.health,,,,,,,,,Mobile,+972525553326,,,,,,,,,,,,,,,,,,,,,,,,,,,,,,,,,,,,,,,,,,,,,,,,,,,
Ziv,,Gad,,,,,,,,TopCo,SW Developer,R&D Team: GIS,,Exchange E-mail Address: /o=BetterPlace/ou=Exchange Administrative Group (FYDIBOHF23SPDLT)/cn=Recipients/cn=zivg,,* myContacts,* Other,Ziv.Gad@betterplace.com,,,,,,,,,Mobile,972 54 227 8429,Work,972 73 790 2288,,,,,,,,,,,,,,,,,,,,,,,,,,,,,,,,,,,,Manager,Eyal Perez,,,,,,,,,,,,
Ziv,,Meidav,,,,,,Ziv,,,,,,<sn>id:688445289/friendof:809988573</sn>,https://lh3.googleusercontent.com/contacts/AG6tpzFuk13tDXqfq2BY7oAuN52LFUXPO5EjVcIp1QuJucugLguHcOEY,Imported 8/1/13 ::: Imported on 4/29 ::: * myContacts ::: * starred,* Home,ziv.meidav@gmail.com,Home,snakilator@hotmail.com,,,,,,,Mobile,+972 (52) 2598739,,,,,,,,,,,,,,,,,,,,,,,,,,,,,,,,,,,,,,,,,,Profile,http://www.google.com/profiles/104577898980926783545,Other,fb://profile/688445289,,,,,,
Ziv,,Yankelovich,,,,,,,,TopCo,Project Manager,R&D,,Exchange E-mail Address: /o=BetterPlace/ou=Exchange Administrative Group (FYDIBOHF23SPDLT)/cn=Recipients/cn=zivy,https://lh3.googleusercontent.com/contacts/AG6tpzGM6nk6hSSf6WfHxhE7t2w1FGzsJiye7Lbndpx7gt03qDH2IctS,* myContacts,* Other,Ziv.Yankelovich@betterplace.com,,,,,,,,,Mobile,972 54 662 6649,Work,972 73 790 2247,,,,,,,,,,,,,,,,,,,,,,,,,,,,,,,,,,,,Manager,Shahaf Kieselstein,,,,,,,,,,,,
Ziva,,Patir,,,,,,,,OpCo,Global Standardization & Regulation,G&A,,Exchange E-mail Address: /o=BetterPlace/ou=Exchange Administrative Group (FYDIBOHF23SPDLT)/cn=Recipients/cn=zivap,https://lh3.googleusercontent.com/contacts/AG6tpzE84qkVMnXWrxHlKHerROB8fTXGI40MFA8Jn2DpoCZ2Imbdjbqy,* myContacts,* Other,Ziva.Patir@betterplace.com,,,,,,,,,Pager,Skype: Ziva.Patir,Mobile,972 52 336 5999,Work,972 73 790 2109,,,,,,,Work,"Building #2
Kiriat Atidim
Tel Aviv 61581
Israel",Building #2,Tel Aviv,,,61581,Israel,Kiriat Atidim,,,,,,,,,,,,,,,,,,,Manager,Moshe Kaplinsky,,,,,,,,,,,,
Zofnat,,Gurfinkel,,,,,,,,,,,,Exchange E-mail Address: /o=BetterPlace/ou=Exchange Administrative Group (FYDIBOHF23SPDLT)/cn=Recipients/cn=ZofnatG,,* myContacts,* Other,Zofnat.Gurfinkel@betterplace.com,,,,,,,,,Mobile,972 54 839 5570,Work,972 3 916 5570,,,,,,,,,,,,,,,,,,,,,,,,,,,,,,,,,,,,,,,,,,,,,,,,,
Zohar,,Bet-Or,,,,,,,,OpCo,Car Services Manager,Customer Service,,Exchange E-mail Address: /o=BetterPlace/ou=Exchange Administrative Group (FYDIBOHF23SPDLT)/cn=Recipients/cn=zoharbo,https://lh3.googleusercontent.com/contacts/AG6tpzGEHrhzrqpxgDFljnv57wu34F20fCMIN1PHpg1A4xWvU0MwsIAY,* myContacts,* Other,Zohar.Bet-Or@betterplace.com,,,,,,,,,Mobile,972 54 451 6969,Work,972 73 790 2204,,,,,,,,,,,,,,,,,,,,,,,,,,,,,,,,,,,,Manager,Einat Rom,,,,,,,,,,,,
Zohar,,Birkman,,,,,,,,,Babylon integrator,,,Exchange E-mail Address: /o=BetterPlace/ou=Exchange Administrative Group (FYDIBOHF23SPDLT)/cn=Recipients/cn=zoharb,,* myContacts,* Other,Zohar.Birkman@betterplace.com,,,,,,,,,Mobile,972 54 543 3116,,,,,,,,,,,,,,,,,,,,,,,,,,,,,,,,,,,,,,,,,,,,,,,,,,,
Zohar,,Meidav,,,,,,,,Masa Acher Group,CEO,,2006-06-11,,https://lh3.googleusercontent.com/contacts/AG6tpzH8jDOHtQWaFG2usbIQ_HnAQOQ86oJ7vIgvervC-0Mw1WjE5ENg,* myContacts,* Other,zohar.meidav@gmail.com,Other,zohar_13@netvision.net.il ::: zohar@modus.co.il ::: zohar@masa.co.il,,,,,,,Home,+972 (9) 7467419,Mobile,+972 (52) 364-5103,Work,+972 (3) 6366223,Work Fax,153-775423371,,,,,Work,"46 LAVANDA STREET TEL
AVIV
United States of America",46 LAVANDA STREET,TEL AVIV,,,,United States of America,,,,,,,,,,,,,,,,,,,,,,,,Other,fb://profile/100000149710362,,,,,,,,
Zohar,,Meidav,,,,,,,,Masa Acher Group,CEO,,2006-06-11,,,Imported 8/1/13 ::: Imported on 4/29 ::: * myContacts,* Other,zohar.meidav@gmail.com,Other,zohar_13@netvision.net.il ::: zohar@modus.co.il,,,,,,,Mobile,+972 52-364-5103,Home,+972 77-542-3371,Home Fax,+97297467419,Mobile 2,+972 54-334-9336,,,,,,,,,,,,,,,,,,,,,,,,,,,,,,,,,,,,Other,fb://profile/100000149710362,,,,,,,,
Zukerman,,Michal and Yossi,,,,,,,,,,,,"899-2159

friends of Sharon & gili who moved from boston to beyt yehoshua",,Imported 8/1/13 ::: Imported on 4/29 ::: * myContacts,,,,,,,,,,,Home,+972 (9) 8995129,,,,,,,,,,,,,,,,,,,,,,,,,,,,,,,,,,,,,,,,,,,,,,,,,,,
Zvia,,Rudich,,,,,,Zvia,,,,,,,,Imported 8/1/13 ::: Imported on 4/29 ::: * myContacts,,,,,,,,,,,נייד,+972 54 810 1885,,,,,,,,,,,,,,,,,,,,,,,,,,,,,,,,,,,,,,,,,,Profile,http://www.google.com/profiles/107274478511273008335,,,,,,,,
,,Zvika,,,,,,,,,,,,,,Imported on 4/29 ::: * myContacts,,,,,,,,,,,Home,+972528543345,,,,,,,,,,,,,,,,,,,,,,,,,,,,,,,,,,,,,,,,,,,,,,,,,,,
Zvika,,,,,,,,,,,Waze Taxi,,,", our taxi driver -",,Imported 8/1/13 ::: Imported on 4/29 ::: * myContacts,* Home,zvika55@gmail.com,,,,,,,,,Mobile,+972544-793-938,,,,,,,,,,,,,,,,,,,,,,,,,,,,,,,,,,,,,,,,,,,,,,,,Photo,https://lh6.googleusercontent.com/-BqMBLsu4q3w/V4ynGYlgiwI/AAAAAAAAAAA/nJY4HICEyI060ZT_5nCQVCvJvJJHVMiuwCOQCEAE/photo.jpg,,
Zvika,,Kahana,,,,,,,,Opco,Warehouse manager,Warehouse,,Exchange E-mail Address: /o=BetterPlace/ou=Exchange Administrative Group (FYDIBOHF23SPDLT)/cn=Recipients/cn=zvikak,https://lh3.googleusercontent.com/contacts/AG6tpzH9X15m9dsylIdQ11qGtVg6sqViHIASSGGq7ZeuycNg6vPQ363w,* myContacts,* Other,Zvika.Kahana@betterplace.com,,,,,,,,,Mobile,972 54 622 3010,Work,972 73 790 2550,,,,,,,,,,,,,,,,,,,,,,,,,,,,,,,,,,,,Manager,Hemi Kabir,,,,,,,,,,,,
Zvika,,Moshkoviz,,,,,,,,,,,,,,Imported 8/1/13 ::: Imported on 4/29 ::: * myContacts,* Other,zvika.m@outsmarttelecom.com,Other,zviefrat@hotmail.com,,,,,,,,,,,,,,,,,,,,,,,,,,,,,,,,,,,,,,,,,,,,,,,,,,,,,,,,,,,
Zvika,,Rafe,,,,Dr.,,,,,Dentist,,,,,Imported 8/1/13 ::: Imported on 4/29 ::: * myContacts,,,,,,,,,,,Work,+972 (9) 7442042,,,,,,,,,,,,,,,,,,,,,,,,,,,,,,,,,,,,,,,,,,,,,,,,,,,
Zvika,,Rotshtein,,,,,,,,Followap Telecommunications,,,,,https://lh3.googleusercontent.com/contacts/AG6tpzGG2dvA6V4Gt7gyrGlUg9K3efKwGDWUNiBBBk3YnYT79k-xN8V5,Imported 8/1/13 ::: Imported on 4/29 ::: * myContacts,* Other,michalfan@hotmail.com,Other,ZviR@followap.com,,,,,,,Mobile,+972 (54) 5421 417,Work,+972 (4) 8142219,,,,,,,,,,,,,,,,,,,,,,,,,,,,,,,,,,,,,,,,Other,fb://profile/671001464,,,,,,,,
אבא של איילת,,,,,,,,,,,,,,,,Imported on 4/29 ::: * myContacts,,,,,,,,,,,נייד,+972544339166,,,,,,,,,,,,,,,,,,,,,,,,,,,,,,,,,,,,,,,,,,,,,,,,,,,
אבא של אלירן האינסטלטור,,,,,,,,,,,,,,,,* myContacts,,,,,,,,,,,Other,0544822787,,,,,,,,,,,,,,,,,,,,,,,,,,,,,,,,,,,,,,,,,,,,,,,,,,,
אבי אייכלר,,,,,,,,,,MPC,יועץ פנסיוני,,,,,* myContacts,* ,avi@mpc.co.il,,,,,,,,,Other,+972 54-202-8028,,,,,,,,,,,,,,,,,,,,,,,,,,,,,,,,,,,,,,,,,,,,,,,,,,,
אבי,,ברוך,,,,,,,,Merchav,,ה,,"Mobile Mom: 054-6302619
Mobile Dad: אנתוני      052-2248604",,Imported 8/1/13 ::: Imported on 4/29 ::: * myContacts,* Other,kerenor30@yahoo.com,,,,,,,,,Home,097727490,,,,,,,,,,,Home,רחוב הבנים 3/10 רעננה,3/10 רחוב הבנים,רעננה,,,,,,,,,,,,,,,,,,,,,,,,Manager,קרי,,,,,,,,,,,,
אבי,גבס,עיצובים,,,,,,,,,,,,,,Imported on 4/29 ::: * myContacts,* Home,Avicri1@gmail.com,,,,,,,,,נייד,+972 52-817-4448,,,,,,,,,,,,,,,,,,,,,,,,,,,,,,,,,,,,,,,,,,,,,,,,Photo,https://lh6.googleusercontent.com/-ok6_O8z1Vps/WItGEEmGUmI/AAAAAAAAAAA/vvFMCpCgF-AVa-tpqe3fUrsI2BTJfUShgCOQCEAE/photo.jpg,,
אבי פינג פונג,,,,,,,,,,,,,,,,* myContacts,,,,,,,,,,,Other,0546105940,,,,,,,,,,,,,,,,,,,,,,,,,,,,,,,,,,,,,,,,,,,,,,,,,,,
אביב,,חכים,,,,,,,,Gan Chiquititos,,,,"Dad's Name: גיל
Mobile Dad: 052-5263351",,Imported 8/1/13 ::: Imported on 4/29 ::: * myContacts,* Other,gil@medispec.com,,,,,,,,,Mobile,052-3564329,Home,7722443,,,,,,,,,Home,"הלימון 17
רעננה",17 הלימון,רעננה,,,,,,,,,,,,,,,,,,,,,,,,Manager,אילנית,,,,,,,,,,,,
אביב,,פריד,,,,,,,,מרחב,ד,יסודית,,"Email Address: meir34@netvision.net.il
ManagersName: לימור ומאיר",,Imported 8/1/13 ::: מרחב ::: Imported on 4/29 ::: * myContacts,* Other,meir34@netvision.net.il,,,,,,,,,Home,09-7722017,Other,054-4946828,,,,,,,,,Home,"דרור 12 ג' דירה 4, רעננה","דירה 4
דרור 12 ג",רעננה,,,,,,,,,,,,,,,,,,,,,,,,,,,,,,,,,,,,,
אביגייל,,,,,,,,,,טרומבון דפוק,,,,,,Imported on 4/29 ::: * myContacts,,,,,,,,,,,Other,0526101321,,,,,,,,,,,,,,,,,,,,,,,,,,,,,,,,,,,,,,,,,,,,,,,,,,,
אביגיל,,כהנה,,,,,,,,Gan Chiquititos,,,,"Dad's Name: שי 
Mobile Dad: 525605292",,Imported 8/1/13 ::: Imported on 4/29 ::: * myContacts,,,,,,,,,,,Mobile,504588851,,,,,,,,,,,Home,"התבור 5/12
רעננה",5/12 התבור,רעננה,,,,,,,,,,,,,,,,,,,,,,,,Manager,אורה,,,,,,,,,,,,
אביגיל,,קופמן,,,,,,,,,,,,,,Imported 8/1/13 ::: Imported on 4/29 ::: * myContacts,* Other,ronen_k@012.net.il,Other,rivkashpen@gmail.com,,,,,,,Work,054-8198150 ::: 052-3681857,Home,03-6998330,,,,,,,,,,,,,,,,,,,,,,,,,,,,,,,,,,,,,,,,,,,,,,,,,
אביעד,,,,,,,,,,,,,,,,* myContacts,,,,,,,,,,,Mobile,+972523257450,,,,,,,,,,,,,,,,,,,,,,,,,,,,,,,,,,,,,,,,,,,,,,,,,,,
אביעד מתעניין בטויוטה,,,,,,,,,,,,,,,,* myContacts,,,,,,,,,,,Other,+972544664243,,,,,,,,,,,,,,,,,,,,,,,,,,,,,,,,,,,,,,,,,,,,,,,,,,,
אבישג,,אבינועם,,,,,,,,Merchav,,בת שירות לאומי,,,,Imported 8/1/13 ::: Imported on 4/29 ::: * myContacts,* Other,shagi_z@walla.co.il,,,,,,,,,Home,052-5703529,,,,,,,,,,,,,,,,,,,,,,,,,,,,,,,,,,,,,,,,,,,,,,,,,,,
אבישי,,,,,,,,,,עירייה עצים,,,,,,* myContacts,,,,,,,,,,,Mobile,+972546623370,,,,,,,,,,,,,,,,,,,,,,,,,,,,,,,,,,,,,,,,,,,,,,,,,,,
אביתר,,סגל,,,,,,,,Merchav,,א,,"Mobile Mom: 054-4474799
Mobile Dad: 054-4895241",,Imported 8/1/13 ::: Imported on 4/29 ::: * myContacts,* Other,eladhila@012.net.il,,,,,,,,,Home,7656147,,,,,,,,,,,Home,רח' טרומפלדור 10ב' כפר-סבא,10ב רח' טרומפלדור,כפר-סבא,,,,,,,,,,,,,,,,,,,,,,,,Manager,הילה ואלעד,,,,,,,,,,,,
אבשלום,פרג'ון,ערבית,,,,,,,,,,,,,,* myContacts,* ,nada07@inter.net.il,,,,,,,,,נייד,+972 54-482-6696,,,,,,,,,,,,,,,,,,,,,,,,,,,,,,,,,,,,,,,,,,,,,,,,,,,
אדית,סבאן,פנדלר,,,,,,,,Merchav,,התעמלות,,תאריך לידה: 30/3/69,,Imported 8/1/13 ::: Imported on 4/29 ::: * myContacts,* Other,edizisi@yahoo.com,,,,,,,,,Home,054-4887144,,,,,,,,,,,,,,,,,,,,,,,,,,,,,,,,,,,,,,,,,,,,,,,,Photo,https://www.google.com/s2/photos/private/AIbEiAIAAAAiCKP_6_LYlPDnERDJn839huC_1fABGM_w5dLFioXzhwEwAWhTxB5p5-Sbl9ZgQpaFQQqdGi43,,
אדם טבע ודין,,,,,,,,,,,,,,,,* myContacts,,,,,,,,,,,Other,+97233763736,,,,,,,,,,,,,,,,,,,,,,,,,,,,,,,,,,,,,,,,,,,,,,,,,,,
אהד,,אלקיים,,,,,,,,Merchav,,ב,,"Mobile Mom: 052-3582707
Mobile Dad: 052-6666112


ManagersName: ענת ואמיתי",,Imported 8/1/13 ::: מרחב ::: Imported on 4/29 ::: * myContacts,* Other,anati_e@netvision.net.il,Other,doc.anati@gmail.com,,,,,,,Mobile,052-3582707,Home,7713786 ::: 09-7713786,Other,052-6666112,,,,,,,Home,"התחייה 3 רעננה ::: התחיה 3, רעננה ::: התחיה 3 רעננה",3 התחייה ::: 3 התחיה ::: 3 התחיה,רעננה ::: רעננה ::: רעננה, :::  ::: , :::  ::: , :::  ::: , :::  ::: , :::  ::: ,,,,,,,,,,,,,,,,,,,Manager,ענת ואמיתי,,,,,,,,,,,,
אהרוני,,כרמל,,,,,,,,,,,,,,Imported 8/1/13 ::: Imported on 4/29 ::: * myContacts,* ,acarmel@meitarimraanana.org,,,,,,,,,,,,,,,,,,,,,,,,,,,,,,,,,,,,,,,,,,,,,,,,,,,,,,,,,,,,,
אוברשטיין,,,,,,,,,,מרחב,ג,צעירה,,"ManagersName: מיכל ובוריס

Mobile Mom: 050-8155466
Mobile Dad: 050-5233918Ll",,Imported 8/1/13 ::: מרחב ::: Imported on 4/29 ::: * myContacts,* Other,boricc@isdn.net.il,Other,micky33@bezeqint.net,,,,,,,Mobile,050-8155466,Home,09-7715573,Other,050-5233918,,,,,,,Home,"הצבעוני 4, רעננה ::: הצבעוני 4 רעננה 43510",4 הצבעוני ::: 4 הצבעוני,רעננה ::: רעננה, ::: , ::: , ::: 43510, ::: , ::: ,,,,,,,,,,,,,,,,,,,Manager,מיקי ובוריס,,,,,,,,,,,,
אודיו,אקוסטיקס Audio,Acoustics,,,,,,,,אודיו אקוסטיקס Audio Acoustics,,,,"מקרן
Barco",,Imported on 4/29 ::: * myContacts,,,,,,,,,,,Mobile,0526444410,,,,,,,,,,,Home,"שחל 20
הרצליה
Israel",20 שחל,הרצליה,,,,Israel,,,,,,,,,,,,,,,,,,,,,,,,,,,,,,,,,
אוהד,,סייף,,,,,,,,,,,,,,* myContacts,,,,,,,,,,,Mobile,052-5398048,,,,,,,,,,,,,,,,,,,,,,,,,,,,,,,,,,,,,,,,,,,,,,,,,,,
אופיר,,,,,,,,,,מתווך,,,,,,* myContacts,,,,,,,,,,,Other,+972544819509,,,,,,,,,,,,,,,,,,,,,,,,,,,,,,,,,,,,,,,,,,,,,,,,,,,
אופיר,,אשל,,,,,,,,מרחב,חובה,גן,,"ManagersName: לימור ונדב


Mobile Mom: 052-8832899
Mobile Dad: 050-8503457",,Imported 8/1/13 ::: מרחב ::: Imported on 4/29 ::: * myContacts,* Other,esheln@012.net.il,,,,,,,,,Mobile,052-8832899,Home,09-7745706 ::: 7745706,,,,,,,,,Home,"רימלט 23, רעננה ::: רימלט 23 רעננה",23 רימלט ::: 23 רימלט,רעננה ::: רעננה, ::: , ::: , ::: , ::: , ::: ,,,,,,,,,,,,,,,,,,,Manager,לימור ונדב,,,Other,fb://profile/1012823145,,,,,,,,
אופיר,,גהלי,,,,,,,,Merchav,,ז,,Mobile Mom: 054-4695678,,Imported 8/1/13 ::: Imported on 4/29 ::: * myContacts,* Other,ofir95@012.net.il,,,,,,,,,,,,,,,,,,,,,Home,ישורון 34/6 הוד השרון,34/6 ישורון,הוד השרון,,,,,,,,,,,,,,,,,,,,,,,,Manager,בת חן ויונתן,,,,,,,,,,,,
אופיר,,גלבוע,,,,,,,,אופניים,,,,,,Imported on 4/29 ::: * myContacts,,,,,,,,,,,Mobile,+972 50-333-3223,,,,,,,,,,,,,,,,,,,,,,,,,,,,,,,,,,,,,,,,,,,,,,,,,,,
אופיר,,ירון,,,,,,,,,,,,,,* myContacts,* Home,ofirya@gmail.com,,,,,,,,,Mobile,+972503336500,,,,,,,,,,,,,,,,,,,,,,,,,,,,,,,,,,,,,,,,,,,,,,,,,,,
אופיר,,שבתאי-לוין,,,,,,,,HP Software,,ב,,"Mobile Mom: 052-3683699
Mobile Dad: 057-8124389


ManagersName: אלמוג ועמרי",,Imported 8/1/13 ::: מרחב ::: Imported on 4/29 ::: * myContacts,* Other,almoglevin@gmail.com,,,,,,,,,Mobile,052-3683699,Home,7481898 ::: 09-7481898,Other,057-8124389,,,,,,,Home,"ברנר 18/4 רעננה 43606 ::: רחוב החי""ל 29/8, רעננה","18/4 ברנר ::: 29/8 רחוב החי""ל",רעננה ::: רעננה, ::: , ::: ,43606 ::: , ::: , ::: ,,,,,,,,,,,,,,,,,,,Manager,אלמוג ועמרי,,,,,,,,,,,,
אופק,,שילטון,,,,,,,,Merchav,,ח,,"Mobile Mom: 054-6916069
Mobile Dad: 054-5927962",,Imported 8/1/13 ::: Imported on 4/29 ::: * myContacts,* Other,iris@shiltons.com,,,,,,,,,Home,09-7745622,,,,,,,,,,,Home,"ההגנה 126, רעננה",126 ההגנה,רעננה,,,,,,,,,,,,,,,,,,,,,,,,Manager,איריס ורוברט,,,,,,,,,,,,
אור,,ברק,,,,,,,,מרחב,ד,יסודית,,ManagersName: אסנת ויוגב,,Imported 8/1/13 ::: מרחב ::: Imported on 4/29 ::: * myContacts,* Other,yogev_barak@hotmail.com,Other,Osnatbarak1@gmail.com,,,,,,,Mobile,054-2012089,Home,09-7454663,,,,,,,,,,,,,,,,,,,,,,,,,,,,,,,,,,,,,,,,,,,,,,,,,
אור,,גל,,,,,,,,Merchav,,ז,,"Mobile Mom: 052-3865293
Mobile Dad: 052-3865253",,Imported 8/1/13 ::: Imported on 4/29 ::: * myContacts,* Other,"ornag@d.co.il, avigal5@bezeqint.net",,,,,,,,,Home,7745119,,,,,,,,,,,Home,התחייה 3 רעננה 43519,3 התחייה,רעננה,,,43519,,,,,,,,,,,,,,,,,,,,,Manager,ארנה ואבי,,,,,,,,,,,,
אור,,נבו,,,,,,,,Merchav,,ב,,"Mobile Mom: 054-4547957
Mobile Dad: 054-4448314",,Imported 8/1/13 ::: Imported on 4/29 ::: * myContacts,* Other,meyravf@bezeqint.net,,,,,,,,,,,,,,,,,,,,,Home,התחייה 3 רעננה,3 התחייה,רעננה,,,,,,,,,,,,,,,,,,,,,,,,Manager,מירב וגיא,,,,,,,,,,,,
אור,,שמש,,,,,,,,מרחב,ו,יסודית,,ManagersName: הדר ואיציק,,Imported 8/1/13 ::: מרחב ::: Imported on 4/29 ::: * myContacts,* Other,orflor@walla.com,,,,,,,,,Mobile,052-8975421,Home,09-7711345 ::: 050-7733938,,,,,,,,,Home,"התחיה 46, רעננה",46 התחיה,רעננה,,,,,,,,,,,,,,,,,,,,,,,,,,,,,,,,,,,,,
אורה,,מירסקי,,,,,,,,מרחב,מורה לתנועה,צוות,,,,Imported 8/1/13 ::: מרחב ::: Imported on 4/29 ::: * myContacts,* Other,oramirsky@gmail.com,,,,,,,,,Home,054-6371042,,,,,,,,,,,,,,,,,,,,,,,,,,,,,,,,,,,,,,,,,,Sync.ME profile,http://sync.me/profile/m2wAD-pmCL6Cx3fqzoWHmnOz1miYecM_1ewRK5_n07absi-d-YdcRG9mW0hqcEbmM6fTzsZhwQr1aMkjz8Qe ::: http://sync.me/profile/Ah2e8a4S8obgdFq8PsAqbQJaW08_N2yArdbpAgoP3pIXg9fCwMwDGIgF8Vz2Nsj4u0mVOBQiTXobfbW0,,,,,Photo,https://www.google.com/s2/photos/private/AIbEiAIAAAAhCKP_6_LYlPDnERDLhLmGrI-krB0Ys5K5j6eNmeW6ATABcuqrmmBiduo8AddH20_1g0OJ5WM,,
אורי,,בר,,,,,,,,Merchav,,ב,,"Mobile Mom: 054-6201066
Mobile Dad: 052-4207343",,Imported 8/1/13 ::: Imported on 4/29 ::: * myContacts,* Other,"sefi@kinneret-zmora.co.il, barhs@bezeqint.net",,,,,,,,,Home,7714299,,,,,,,,,,,Home,רח' משה דיין 8 דירה 18 רעננה,דירה 18 8 רח' משה דיין,רעננה,,,,,,,,,,,,,,,,,,,,,,,,Manager,הילית וספי,,,,,,,,,,,,
אורי,,פרצק,,,,,,,,Gan Chiquititos,,,,"Dad's Name: יוחאי
Mobile Dad: 054-7703137",,Imported 8/1/13 ::: Imported on 4/29 ::: * myContacts,,,,,,,,,,,Mobile,054-4632524,Home,7747386,,,,,,,,,Home,"לאה גולדברג 3
רעננה",3 לאה גולדברג,רעננה,,,,,,,,,,,,,,,,,,,,,,,,Manager,מירב,,,,,,,,,,,,
אורי,,קבלן,,,,,,,,,,,,,,* myContacts,,,,,,,,,,,Mobile,+972545355564,,,,,,,,,,,,,,,,,,,,,,,,,,,,,,,,,,,,,,,,,,,,,,,,,,,
אורי,,קליימן,,,,,,,,,,,,,,Imported 8/1/13 ::: Imported on 4/29 ::: * myContacts,* Other,kardan62@hotmail.com;,Other,dankar62@yahoo.com;,,,,,,,Work,054-2144662 ::: 050-5778303,Home,09-7728296,,,,,,,,,,,,,,,,,,,,,,,,,,,,,,,,,,,,,,,,,,,,,,,,,
אורי,,קרסנובסקי,,,,,,,,Merchav,,חובה,,"Mobile Mom: 054-6688161 03-6987170-ע
Mobile Dad: 054-6688160",,Imported 8/1/13 ::: Imported on 4/29 ::: * myContacts,* Other,iriskras@gmail.com,,,,,,,,,Home,7744321,,,,,,,,,,,Home,רחוב הגליל 59/4 רעננה,59/4 רחוב הגליל,רעננה,,,,,,,,,,,,,,,,,,,,,,,,Manager,איריס וליאור,,,,,,,,,,,,
אורי,,רון,,,,,,,,Merchav,,ג,,"Mobile Mom: 054-4334488
Mobile Dad:  054-4777228",,Imported 8/1/13 ::: Imported on 4/29 ::: * myContacts,* Other,theronfamily@gmail.com,,,,,,,,,Home,7717137,,,,,,,,,,,Home,התור 12 רעננה,12 התור,רעננה,,,,,,,,,,,,,,,,,,,,,,,,Manager,שרון ואיתן,,,,,,,,,,,,
אורי,,שטאובר,,,,,,,,Merchav,,חובה,,"Mobile Mom: 054-4720736
Mobile Dad: 054-7784019",,Imported 8/1/13 ::: Imported on 4/29 ::: * myContacts,* Other,s_itzik@netvision.net.il,,,,,,,,,Home,7463556,,,,,,,,,,,Home,עקיבא 88 רעננה,88 עקיבא,רעננה,,,,,,,,,,,,,,,,,,,,,,,,Manager,צפרה ואיציק,,,,,,,,,,,,
אוריאל,,נוטריון,,,,,,,,,,,,,,* myContacts,,,,,,,,,,,נייד,+972523424555,,,,,,,,,,,,,,,,,,,,,,,,,,,,,,,,,,,,,,,,,,,,,,,,,,,
אורלי,,,,,,,,,,אולם כדורסל חשמונאים 98,,,,,,Imported on 4/29 ::: * myContacts,,,,,,,,,,,Mobile,+972505542227,,,,,,,,,,,,,,,,,,,,,,,,,,,,,,,,,,,,,,,,,,,,,,,,,,,
אורן,,איזינגר,,,,,,,,פוקוס סוכנות לביטוח פנסיוני,יועץ פנסיוני - אבא,,,,,* myContacts,* ,oren@focus-inv.co.il,,,,,,,,,,073-796-6805 ::: 052-870-4762,,,,,,,,,,,,,,,,,,,,,,,,,,,,,,,,,,,,,,,,,,,,,,,,,,,
אורן,דרעי,שיפוצים,,,,,,,,,,,,,,* myContacts,,,,,,,,,,,Mobile,+972528673666,,,,,,,,,,,,,,,,,,,,,,,,,,,,,,,,,,,,,,,,,,,,,,,,,,,
אורן,,נקר,,,,,,,,,,,,,,Imported on 4/29 ::: * myContacts,,,,,,,,,,,נייד,054-344-4559,,,,,,,,,,,,,,,,,,,,,,,,,,,,,,,,,,,,,,,,,,,,,,,,,,,
אורנה,,מרטון,,,,,,,,,,,,,,* myContacts,,,,,,,,,,,Mobile,+972 50-766-2486,,,,,,,,,,,,,,,,,,,,,,,,,,,,,,,,,,,,,,,,,,,,,,,,,,,
אורתופדיה אונקולוגית,,בלינסון,,,,,,,,,,,,,,* myContacts,,,,,,,,,,,Other,+97239378146,,,,,,,,,,,,,,,,,,,,,,,,,,,,,,,,,,,,,,,,,,,,,,,,,,,
אושרי,,אהרוני,,,,,,,,שמאי משכנתא,,,,,,* myContacts,,,,,,,,,,,Mobile,+972523632260,Home,+972775170470,,,,,,,,,,,,,,,,,,,,,,,,,,,,,,,,,,,,,,,,,,,,,,,,,
איגור,נגר,מדרגות,,,,,,,,,,,,,,Imported on 4/29 ::: * myContacts,,,,,,,,,,,בית,+972 50-228-4905,,,,,,,,,,,,,,,,,,,,,,,,,,,,,,,,,,,,,,,,,,,,,,,,Photo,https://lh5.googleusercontent.com/--lraLjTbPhg/WKVzYAkjRAI/AAAAAAAAAAA/liSey_TF1GQ88t1i7wN5w9gWmoZyTTS2QCOQCEAE/photo.jpg,,
אידי,,הרצג,,,,,,,,בזק פייבר,,,,,,* myContacts,,,,,,,,,,,Mobile,+972 50-842-4622,,,,,,,,,,,,,,,,,,,,,,,,,,,,,,,,,,,,,,,,,,,,,,,,,,,
איייייזנברג,,,,,,,,Noga's Friend,,,,,,,,Imported on 4/29 ::: * myContacts,,,,,,,,,,,Mobile,+972544234688,,,,,,,,,,,,,,,,,,,,,,,,,,,,,,,,,,,,,,,,,,,,,,,,,,,
אייל,,ארז,,,,,,,,מרחב,שרות לאומי,צוות,,,,Imported 8/1/13 ::: מרחב ::: Imported on 4/29 ::: * myContacts,* Other,eyaal_erez@hotmail.com,,,,,,,,,Home,052-5940200,,,,,,,,,,,,,,,,,,,,,,,,,,,,,,,,,,,,,,,,,,,,,,,,,,,
אייל שירותי נקיון,,,,,,,,,,לא ידוע,,,,,,* myContacts,,,,,,,,,,,Mobile,+972528944889 ::: +972528100111,,,,,,,,,,,,,,,,,,,,,,,,,,,,,,,,,,,,,,,,,,,,,,,,,,,
איילה,,כהנא,,,,,,,,Merchav,,ה,,"Mobile Mom: 054-6371042
Mobile Dad: 052-5605292",,Imported 8/1/13 ::: Imported on 4/29 ::: * myContacts,* Other,oramirsky@gmail.com,,,,,,,,,Home,7710428 7727943,,,,,,,,,,,Home,התבור 5 רעננה,5 התבור,רעננה,,,,,,,,,,,,,,,,,,,,,,,,Manager,אורה ושי,,,,fb://profile/1705729873,,,,,,,,
איילת,,,,,,,,,,,,,,,,* myContacts,,,,,,,,,,,Other,0558811564,,,,,,,,,,,,,,,,,,,,,,,,,,,,,,,,,,,,,,,,,,,,,,,,,,,
איל,,בנימין,,,,,,,,,,,,,,* myContacts,,,,,,,,,,,Mobile,054-8081318,,,,,,,,,,,,,,,,,,,,,,,,,,,,,,,,,,,,,,,,,,,,,,,,,,,
אילון,,טל,,,,,,,,Merchav,,ה,,"Mobile Mom: 052-3891478
Mobile Dad: 052-2455757",,Imported 8/1/13 ::: Imported on 4/29 ::: * myContacts,* Other,dafnatall@gmail.com,,,,,,,,,Home,7603940,,,,,,,,,,,Home,רח' עין-חי 16 כפר מלל,16 רח' עין-חי,כפר מלל,,,,,,,,,,,,,,,,,,,,,,,,Manager,דפנה ורם,,,,,,,,,,,,
אילון,,מזראי,,,,,,,,מרחב,ה,יסודית,,ManagersName: חלי ויורם,,Imported 8/1/13 ::: מרחב ::: Imported on 4/29 ::: * myContacts,* Other,hym5@smile.net.il,,,,,,,,,Mobile,054-4200078,Home,03-5479518,Other,052-3277410,,,,,,,Home,"ויתקין 11 רמת, השרון",11 ויתקין,"רמת, השרון",,,,,,,,,,,,,,,,,,,,,,,,,,,,,,,,,,,,,
איליה,,אמרניק,,,,,,,,Merchav,,ח,,"Mobile Mom: 054-4747964
Mobile Dad: 054-4747967",,Imported 8/1/13 ::: Imported on 4/29 ::: * myContacts,* Other,amernik@mail.ru,,,,,,,,,Home,7455786,,,,,,,,,,,Home,הגליל 20/5 רעננה,20/5 הגליל,רעננה,,,,,,,,,,,,,,,,,,,,,,,,Manager,אירינה וולדימיר,,,,,,,,,,,,
אילן,,מזגנים - תיקן את הדליפה,,,,,,,,,,,,,,* myContacts,,,,,,,,,,,Mobile,+972 52-249-2585,,,,,,,,,,,,,,,,,,,,,,,,,,,,,,,,,,,,,,,,,,,,,,,,,,,
אילן,קורנגוט,כדורסל,,,,,,,,,,,,,,* myContacts,,,,,,,,,,,Mobile,+972 52-822-3932,,,,,,,,,,,,,,,,,,,,,,,,,,,,,,,,,,,,,,,,,,,,,,,,,,,
אילנה,,,,,,,,,,סוכנת נדלן,,,,,,Imported on 4/29 ::: * myContacts,,,,,,,,,,,Other,+972544761133,,,,,,,,,,,,,,,,,,,,,,,,,,,,,,,,,,,,,,,,,,,,,,,,,,,
אילנה,,אלפרויט,,,,,,,,מרחב,חונכת חצר,צוות,,,,Imported 8/1/13 ::: מרחב ::: Imported on 4/29 ::: * myContacts,* Other,i.apelroit@gmail.com,,,,,,,,,Home,054-7714727,,,,,,,,,,,,,,,,,,,,,,,,,,,,,,,,,,,,,,,,,,,,,,,,,,,
אילת,,חן שכנה הזית,,,,,,,,,,,,,,* myContacts,,,,,,,,,,,Mobile,055-881-1564,,,,,,,,,,,,,,,,,,,,,,,,,,,,,,,,,,,,,,,,,,,,,,,,,,,
אילת,,חסון,,,,,,,,,,,,,,Imported on 4/29 ::: * myContacts,,,,,,,,,,,Home,054-5664451,,,,,,,,,,,,,,,,,,,,,,,,,,,,,,,,,,,,,,,,,,,,,,,,,,,
אילת,,יצחקי,,,,,,,,,,,,,,* myContacts,,,,,,,,,,,Mobile,+972 54-473-6460,,,,,,,,,,,,,,,,,,,,,,,,,,,,,,,,,,,,,,,,,,,,,,,,,,,
אילת,,צרעה,,,,,,,,צרעה,,,,,,* myContacts,,,,,,,,,,,Mobile,+972 54-541-4627,,,,,,,,,,,,,,,,,,,,,,,,,,,,,,,,,,,,,,,,,,,,,,,,,,,
אינאס,, -נקיון,,,,,,,,,,,,,,Imported on 4/29 ::: * myContacts,,,,,,,,,,,Mobile,+972 54-561-4166,,,,,,,,,,,,,,,,,,,,,,,,,,,,,,,,,,,,,,,,,,,,,,,,,,,
אינסטלטור AIG,,,,,,,,,,,,,,,,* myContacts,,,,,,,,,,,Mobile,050-595-8791,,,,,,,,,,,,,,,,,,,,,,,,,,,,,,,,,,,,,,,,,,,,,,,,,,,
איציק,,,,,,,,,,פינג פונג,,,,,,Imported on 4/29 ::: * myContacts,,,,,,,,,,,Mobile,+972 52-254-7913,,,,,,,,,,,,,,,,,,,,,,,,,,,,,,,,,,,,,,,,,,,,,,,,,,,
איריס ,,גרנות,,,,,,,,הלל,,,,,,* myContacts,,,,,,,,,,,,054-800-4912,,,,,,,,,,,,,,,,,,,,,,,,,,,,,,,,,,,,,,,,,,,,,,,,,,,
אירית,,כהן הבת של קטי,,,,,,,,,,,,,,* myContacts,,,,,,,,,,,Mobile,050-761-1833,,,,,,,,,,,,,,,,,,,,,,,,,,,,,,,,,,,,,,,,,,,,,,,,,,,
איתי,,אפל,,,,,,,,כדורסל,,,,,,Imported on 4/29 ::: * myContacts,,,,,,,,,,,Mobile,+972 54-521-6320,,,,,,,,,,,,,,,,,,,,,,,,,,,,,,,,,,,,,,,,,,,,,,,,,,,
איתי,,מאיר,,,,,,,,מרחב,ו,יסודית,,ManagersName: רונית ועמית,,Imported 8/1/13 ::: מרחב ::: Imported on 4/29 ::: * myContacts,* Other,ronit@schneider.co.il,,,,,,,,,Mobile,052-5487222,Home,077-7282447,Other,054-4931323,,,,,,,Home,"שב""ד 5 כפר, סבא","5 שב""ד","כפר, סבא",,,,,,,,,,,,,,,,,,,,,,,,,,,,,,,,,,,,,
איתי,,קמפר,,,,,,,,,,,,"קייטנת פסח

לאמא שלו קוראים ג'רי",,Imported 8/1/13 ::: Imported on 4/29 ::: * myContacts,,,,,,,,,,,Mobile,054 5242929,,,,,,,,,,,,,,,,,,,,,,,,,,,,,,,,,,,,,,,,,,,,,,,,,,,
איתי,,שליט,,,,,,,,Merchav,,חובה,,"Mobile Mom: 052-3940921
Mobile Dad: 052-2585832",,Imported 8/1/13 ::: Imported on 4/29 ::: * myContacts,* Other,dan_kenig_shalit@yahoo.com; michalshal@yahoo.com,,,,,,,,,Home,9566974,,,,,,,,,,,Home,"רח' הבעש""ט 6 הרצליה","6 רח' הבעש""ט",הרצליה,,,,,,,,,,,,,,,,,,,,,,,,Manager,דן ומיכל,,,,,,,,,,,,
איתיוש,,גכט ,,,,,,,,,,,,,,* myContacts,,,,,,,,,,,Mobile,+972 54-618-1175,,,,,,,,,,,,,,,,,,,,,,,,,,,,,,,,,,,,,,,,,,,,,,,,,,,
איתמר,,יפה,,,,,,,,מרחב,ד,יסודית,,ManagersName: לילי וזהר,,Imported 8/1/13 ::: מרחב ::: Imported on 4/29 ::: * myContacts,* Other,yaffez@netvision.net.il,,,,,,,,,Mobile,050-5382861,Home,09-7469325,Other,054-4206095,,,,,,,Home,"סנונית 22 הוד, השרון",22 סנונית,"הוד, השרון",,,,,,,,,,,,,,,,,,,,,,,,,,,,,,,,,,Photo,https://lh3.googleusercontent.com/-aI6T93zKgJU/V4ywwlEwwjI/AAAAAAAAAAA/B_SrSGzehQsJwOtFz--jtwlfM5cExMtzwCOQCEAE/photo.jpg,,
איתן,,זימלר,,,,,,,,Meitarim,,,1997-07-08,"כיתה: ז
Mobile Mom: 054-5444070
Dad's Name: ירון
Mobile Dad: 054-9007111",,Imported 8/1/13 ::: Imported on 4/29 ::: * myContacts,* Other,ysimler3@gmail.com,Other,serena.eisenberg@gmail.com,,,,,,,Mobile,054-5444076,Home,09-7722250,,,,,,,,,Home,"יהודה הלוי 79
רעננה
43555",79 יהודה הלוי,רעננה,,,43555,,,,,,,,,,,,,,,,,,,,,Manager,שרינה,,,Sync.ME profile,http://sync.me/profile/ZaPigfPPB6BP0NOXcYB2hirnEtampG86h65U-fxn12yGQnBIqkF6,,,,,Photo,https://www.google.com/s2/photos/private/AIbEiAIAAAAiCKP_6_LYlPDnERD0ifmtvaLLiuUBGNKPl_usoqPDkAEwAR9X1G5rebVFrvlAMyjfxcnA0z0b,,
איתן,,לוי,,,,,,,,Merchav,,חובה,,Mobile Dad: 054-4871828,,Imported 8/1/13 ::: Imported on 4/29 ::: * myContacts,* Other,"levyclan@gmail.com, judith.levy@gmail.com",,,,,,,,,Home,7465613,,,,,,,,,,,Home,הזית 6/18 רעננה,6/18 הזית,רעננה,,,,,,,,,,,,,,,,,,,,,,,,Manager,יהודית וארנון,,,,,,,,,,,,
איתן,,שניידר,,,,,,,,Gan Chiquititos,,,,"Dad's Name: מתן
Mobile Dad: 052-6189714",,Imported 8/1/13 ::: Imported on 4/29 ::: * myContacts,,,,,,,,,,,Mobile,054-3388103,Home,7404979,,,,,,,,,Home,"התמר 30
רעננה",30 התמר,רעננה,,,,,,,,,,,,,,,,,,,,,,,,Manager,גלי,,,,,,,,,,,,
אלה,,בר,,,,,,,,Gan Chiquititos,,,,"Dad's Name: איתן
Mobile Dad: 054-2405272",,Imported 8/1/13 ::: Imported on 4/29 ::: * myContacts,,,,,,,,,,,Mobile,054-2405273,Home,7465485,,,,,,,,,Home,"המרד 11
רעננה",11 המרד,רעננה,,,,,,,,,,,,,,,,,,,,,,,,Manager,סיון,,,,,,,,,,,,
אלה,,צרקסקי,,,,,,,,Gan Chiquititos,,,,"Dad's Name: נמרוד 
Mobile Dad: 054-5859591",,Imported 8/1/13 ::: Imported on 4/29 ::: * myContacts,,,,,,,,,,,Mobile,054-5702060,,,,,,,,,,,Home,"רבקה גובר 12
רעננה",12 רבקה גובר,רעננה,,,,,,,,,,,,,,,,,,,,,,,,Manager,דפנה,,,,,,,,,,,,
אלון,,דביר,,,,,,,,Merchav,,ו,,Mobile Mom: 052-2931817,,Imported 8/1/13 ::: Imported on 4/29 ::: * myContacts,* Home,alon.dvir258@gmail.com,,,,,,,,,Home,09-9506691,,,,,,,,,,,Home,נצח ישראל 15 הרצליה,15 נצח ישראל,הרצליה,,,,ישראל,,,,,,,,,,,,,,,,,,,,Manager,יעקב ויעל,,,,fb://profile/100000287444641,,,,,Photo,https://www.google.com/s2/photos/private/AIbEiAIAAAAiCKP_6_LYlPDnERDVnIH-_4CUz9kBGICFvfHbmJeRrAEwAbYd9jxb-9oEgKjRzxJwi__SPQLi,,
אלון,זולנץ,טויוטא,,,,,,,,,,,,,,* myContacts,,,,,,,,,,,Mobile,+972542664441,,,,,,,,,,,,,,,,,,,,,,,,,,,,,,,,,,,,,,,,,,,,,,,,,,,
אלון,,כרמי,,,,,,,,Merchav,,חובה,,"Mobile Mom: 054-4744944
Mobile Dad: 054-5658173",,Imported 8/1/13 ::: Imported on 4/29 ::: * myContacts,* Other,drordana@gmail.com,,,,,,,,,Home,7744938,,,,,,,,,,,Home,הפרחים 8/8 רעננה,8/8 הפרחים,רעננה,,,,,,,,,,,,,,,,,,,,,,,,Manager,דנה ודרור,,,,,,,,,Photo,https://www.google.com/s2/photos/private/AIbEiAIAAAAiCKP_6_LYlPDnERCnlMmknNz958oBGPaVhcf58Ky1lgEwAZf2y-apynjJxZ3_o3BDu70bTsDp,,
אלון,,פיין,,,,,,,,Merchav,,חובה,,"Mobile Mom: 054-7768320
Mobile Dad: 057-8128835",,Imported 8/1/13 ::: Imported on 4/29 ::: * myContacts,* Other,shani.rdtf@gmail.com,,,,,,,,,Home,7718679,,,,,,,,,,,Home,מורדי הגיטאות 24 רעננה,24 מורדי הגיטאות,רעננה,,,,,,,,,,,,,,,,,,,,,,,,Manager,שני וזאב,,,,,,,,,,,,
אלון,,שיראי,,,,,,,,תמורה,,,,,,* myContacts,* ,AlonS@tmu.co.il,,,,,,,,,Mobile,052-349-2771,,,,,,,,,,,,,,,,,,,,,,,,,,,,,,,,,,,,,,,,,,,,,,,,,,,
אלי,,,,,,,,,,מתקן טכנאי מכונת כביסה מקרר,,,,,,* myContacts,,,,,,,,,,,Other,0547444103,,,,,,,,,,,,,,,,,,,,,,,,,,,,,,,,,,,,,,,,,,,,,,,,,,,
אליה,,טל,,,,,,,,Merchav,,ח,,"Mobile Mom: 052-3891478
Mobile Dad: 052-2455757",,Imported 8/1/13 ::: Imported on 4/29 ::: * myContacts,* Other,dafnatall@gmail.com,,,,,,,,,Home,7603940,,,,,,,,,,,Home,רח' עין-חי 16 כפר מלל,16 רח' עין-חי,כפר מלל,,,,,,,,,,,,,,,,,,,,,,,,Manager,דפנה ורם,,,,,,,,,,,,
אליענה,,סער,,,,,,,,,,,,,,Imported 8/1/13 ::: Imported on 4/29 ::: * myContacts,* Other,jsaar@mac.com,Other,beth@saar.cc ::: eli@saar.cc,,,,,,,Mobile,054-2270726,Work,054-3003618 ::: 054-6804121,Home,09-7481433,,,,,,,,,,,,,,,,,,,,,,,,,,,,,,,,,,,,,,,,,,,,,,,
אלירן אינסטלטור ממליץ,אביב,מהעוגן,,,,,,,,,,,,,,* myContacts,,,,,,,,,,,נייד,+972547707888,,,,,,,,,,,,,,,,,,,,,,,,,,,,,,,,,,,,,,,,,,,,,,,,,,,
אלישבע,,ורובלסקי,,,,,,,,,,,,,,Imported 8/1/13 ::: Imported on 4/29 ::: * myContacts,* Other,ellie.wroblewski@gmail.com,Other,odiaw@netvision.net.il,,,,,,,Mobile,054-4788654,Work,054-7723170,Home,09-7724475,,,,,,,,,,,,,,,,,,,,,,,,,,,,,,,,,,,,,,,,,,,,,,,
אלישבע,,שטרן,,,,,,,,Zoom Information,CEO,,,,,Imported 8/1/13 ::: Imported on 4/29 ::: * myContacts,* Other,ziva_stern@hotmail.com,Other,stern@zoominfo.com ::: elisheva_stern@yahoo.com,,,,,,,Mobile,052-3326331,Work,052-6200086 ::: 052-6200085,Home,09-7712228,,,,,,,,,,,,,,,,,,,,,,,,,,,,,,,,,,,,,,,,,,,,Photo,https://lh4.googleusercontent.com/-RsyCa83-cKw/V4yryw_8fxI/AAAAAAAAAAA/Z9CfuhfchQYXnFrgeyt_tLpfu8n5VVajQCOQCEAE/photo.jpg,,
אלמה,,קסוביץ-בורקוב,,,,,,,,Merchav,,א,,"Mobile Mom: 052-3308812
Mobile Dad: 054-5502289",,Imported 8/1/13 ::: Imported on 4/29 ::: * myContacts,* Other,"dalia@hidudim.co.il, haggai@channelstorm.com",,,,,,,,,Home,9568143,,,,,,,,,,,Home,קדימה 5 הרצליה,5 קדימה,הרצליה,,,,,,,,,,,,,,,,,,,,,,,,Manager,דליה וחגי,,,,,,,,,,,,
אלמוג,,,,,,,,,,סוכן נדלן,,,,,,* myContacts,,,,,,,,,,,Other,+972542097795,,,,,,,,,,,,,,,,,,,,,,,,,,,,,,,,,,,,,,,,,,,,,,,,,,,
אלקטרוניקס פרו,בלו,"בע""מ",,,,,,,,אלקטרוניקס פרו,,,,,,* myContacts,,,,,,,,,,,Mobile,+972 58-456-6550 ::: 08-956-7500,,,,,,,,,,,,,,,,,,,,,,,,,,,,,,,,,,,,,,,,,,,,,,,,,,,
אמא של מישהי,,,,,,,,,,,,,,,,Imported on 4/29 ::: * myContacts,,,,,,,,,,,Mobile,+972 54-679-4790,,,,,,,,,,,,,,,,,,,,,,,,,,,,,,,,,,,,,,,,,,,,,,,,,,,
אמא של סתיו,,,,,,,,,,,,,,,,Imported on 4/29 ::: * myContacts,,,,,,,,,,,Mobile,+972522272031,,,,,,,,,,,,,,,,,,,,,,,,,,,,,,,,,,,,,,,,,,,,,,,,,,,
אמילי,,,,,,,,,,פורטוגליס,,,,,,* myContacts,,,,,,,,,,,Mobile,+972505256907,,,,,,,,,,,,,,,,,,,,,,,,,,,,,,,,,,,,,,,,,,,,,,,,,,,
אמילי,,ראן,,,,,,,,מרחב,א,צעירה,,ManagersName: אניה וגל,,Imported 8/1/13 ::: מרחב ::: Imported on 4/29 ::: * myContacts,* Other,gal@ranherbs.com,Other,anuta_faktor@012.net.il,,,,,,,Mobile,052-5934694,Home,03-9102225,Other,052-5934696,,,,,,,,,,,,,,,,,,,,,,,,,,,,,,,,,,,,,,,,,,,,,,,
אמיליה,,אבגי,,,,,,,,Merchav,,ב,,"Mobile Mom: 050-4401700
Mobile Dad: 050-4401300",,Imported 8/1/13 ::: Imported on 4/29 ::: * myContacts,* Other,"blaise43@hotmail.com, samuel.avgi@gmail.com",,,,,,,,,Home,7429471,,,,,,,,,,,Home,בית העם 3 רמות השבים,3 בית העם,רמות השבים,,,,,,,,,,,,,,,,,,,,,,,,Manager,ג'סיקה ושמואל,,,,,,,,,,,,
אמיר,,און,,,,,,,,לא יודע איזה מרפאה זאת,,,,,,* myContacts,,,,,,,,,,,Other,+97237645194,,,,,,,,,,,,,,,,,,,,,,,,,,,,,,,,,,,,,,,,,,,,,,,,,,,
אמיר און מרפאה,,,,,,,,,,,,,,,,* myContacts,,,,,,,,,,,Other,+97237644140,,,,,,,,,,,,,,,,,,,,,,,,,,,,,,,,,,,,,,,,,,,,,,,,,,,
אמיר,,כהן,,,,,,,,פורטוגליס,,,,,,* myContacts,* ,amir@portugalis.co.il,,,,,,,,,Other,+972534704482,,,,,,,,,,,,,,,,,,,,,,,,,,,,,,,,,,,,,,,,,,,,,,,,,,,
אמיר מתעניין בטויוטה,,,,,,,,,,,,,,,,* myContacts,,,,,,,,,,,Other,+972547575688,,,,,,,,,,,,,,,,,,,,,,,,,,,,,,,,,,,,,,,,,,,,,,,,,,,
אמיתי,,דרוק,,,,,,,,Gan Chiquititos,,,,"Dad's Name: אבנר
Mobile Dad: 054-4425960",,Imported 8/1/13 ::: Imported on 4/29 ::: * myContacts,,,,,,,,,,,Mobile,054-5225411,Home,+972 9 740 0105,,,,,,,,,Home,"היובל 24/12
רעננה",24/12 היובל,רעננה,,,,,,,,,,,,,,,,,,,,,,,,Manager,דלית,,,,,,,,,,,,
אמנון,,,,,,,,,,מטרו ווסט,,,,,,* myContacts,,,,,,,,,,,Mobile,052-3374871,,,,,,,,,,,,,,,,,,,,,,,,,,,,,,,,,,,,,,,,,,,,,,,,,,,
אנדראה וילה,,,,,,,,,,,,,,,,Imported on 4/29 ::: * myContacts,,,,,,,,,,,Other,+357 99 205318,,,,,,,,,,,,,,,,,,,,,,,,,,,,,,,,,,,,,,,,,,,,,,,,,,,
אסיף,,לוין,,,,,,,,Merchav,,ג,,"Mobile Mom: 052-4623353
Mobile Dad: 050-5926409",,Imported 8/1/13 ::: Imported on 4/29 ::: * myContacts,* Other,MARCELEV@NETVISION.NET.IL <,,,,,,,,,Home,7441127,,,,,,,,,,,Home,"דב הוז 26, רעננה",26 דב הוז,רעננה,,,,,,,,,,,,,,,,,,,,,,,,Manager,מרסלו וג'ודי,,,,,,,,,,,,
אסף,,אגוזי,,,,,כדורסל,,,,,,,,,* myContacts,,,,,,,,,,,Mobile,+972 52-844-9556,,,,,,,,,,,,,,,,,,,,,,,,,,,,,,,,,,,,,,,,,,,,,,,,,,,
אסף,,בז'רנו,,,,,,,,מרצ IT,,,,,,* myContacts,,,,,,,,,,,Mobile,+972 52-523-8303,,,,,,,,,,,,,,,,,,,,,,,,,,,,,,,,,,,,,,,,,,,,,,,,,,,
אסף הרופא,,הדמיה,,,,,,,,,,,,,,* myContacts,,,,,,,,,,,Other,+97289779751,,,,,,,,,,,,,,,,,,,,,,,,,,,,,,,,,,,,,,,,,,,,,,,,,,,
אסף,,וייזל,,,,,,,,ועד בית אריק לביא,,,,,,* myContacts,,,,,,,,,,,Mobile,+972507135717,,,,,,,,,,,,,,,,,,,,,,,,,,,,,,,,,,,,,,,,,,,,,,,,,,,
אסתי יוצאים ללמוד,,,,,,,,,,,,,,,,* myContacts,,,,,,,,,,,Mobile,+972508841523,,,,,,,,,,,,,,,,,,,,,,,,,,,,,,,,,,,,,,,,,,,,,,,,,,,
אסתר,,חכם,,,,,,,,"מט""ח- המרכז לטכנולוגיה חינוכית",מנהלת יחידה להוראה למידה מותאמת,,1930-08-06,,,Imported on 4/29 ::: * myContacts,* Other,esther_h@netvision.net.il,,,,,,,,,,,,,,,,,,,,,,,,,,,,,,,,,,,,,,,,,,,,,,,,,,,,,,,,,,Photo,https://lh6.googleusercontent.com/-bmP48eyqLWY/WceSJZtxsGI/AAAAAAAAAAA/2x1wSJrNcbUUkSlXI2DrQgt1HW8jDgtpgCOQCEAE/photo.jpg,,
אפי,,,,,,,,,,חשמלאי,,,,,,Imported on 4/29 ::: * myContacts,,,,,,,,,,,Other,0522528884,,,,,,,,,,,,,,,,,,,,,,,,,,,,,,,,,,,,,,,,,,,,,,,,,,,
אפרת יוצאים ללמוד,,,,,,,,,,,,,,,,* myContacts,,,,,,,,,,,Mobile,+972502125757,,,,,,,,,,,,,,,,,,,,,,,,,,,,,,,,,,,,,,,,,,,,,,,,,,,
אפרת שליחה שליחות רעננה,,היתה אצלנו נחמדה,,,,,,,,עובדת גם עם גט טקסי אבל אפשר ישיר,,,,,,Imported on 4/29 ::: * myContacts,,,,,,,,,,,Other,+972 53-275-2195,,,,,,,,,,,,,,,,,,,,,,,,,,,,,,,,,,,,,,,,,,,,,,,,,,,
ארז,,בשן,,,,,,,,,,,1967-05-27,,,Imported on 4/29 ::: * myContacts,,,,,,,,,,,,,,,,,,,,,,,Home,"haf
Rabat, Rabat-Salé-Zemmour-Zaer
Morocco",,haf,,,,Morocco,,,,,,,,,,,,,,,,,,,,,,,,Other,www.styyleme.com,,,,,Photo,https://lh5.googleusercontent.com/-dtLeJIPA0TQ/WceS1ahgqJI/AAAAAAAAAAA/dM2V6J_HvGgZsju-_2Dqf8aQZGQhr44_wCOQCEAE/photo.jpg,,
ארי,,Hanan,,,,,,,,,,,,,,Imported on 4/29 ::: * myContacts,* Home,ariari160@gmail.com,,,,,,,,,Mobile,+972 52-353-2747,,,,,,,,,,,,,,,,,,,,,,,,,,,,,,,,,,,,,,,,,,,,,,,,,,,
ארי,,פאר,,,,,,,,קבלן,,,,,,Imported on 4/29 ::: * myContacts,* Home,Aripeer@gmail.com,,,,,,,,,Mobile,+972 52-637-8863,,,,,,,,,,,,,,,,,,,,,,,,,,,,,,,,,,,,,,,,,,,,,,,,,,,
אריאל,,אגמון,,,,,,,,Merchav,,א,,"Mobile Mom: 054-8121217
Mobile Dad: 054-6472731",,Imported 8/1/13 ::: Imported on 4/29 ::: * myContacts,* Other,jon@ip-law.co.il,,,,,,,,,Home,7728686,,,,,,,,,,,Home,רבן גמליאל 10 רעננה,10 רבן גמליאל,רעננה,,,,,,,,,,,,,,,,,,,,,,,,Manager,עדית ויונתן,,,,,,,,,,,,
אריאל,,כהנא,,,,,,,,,,,,,,Imported 8/1/13 ::: Imported on 4/29 ::: * myContacts,* Other,rlkahan@yahoo.com,Other,apkkid@yahoo.com,,,,,,,Mobile,054-2279981,Work,054-2651974 ::: 054-2326174,,,,,,,,,,,,,,,,,,,,,,,,,,,,,,,,,,,,,,,,,,,,,,,,,
ארנון,,לוי,,,,,,,,,,,,ManagersName: יהודית וארנון,,Imported 8/1/13 ::: מרחב ::: Imported on 4/29 ::: * myContacts,* Other,levyclan@gmail.com,Other,judith.levy@gmail.com,,,,,,,Mobile,054-4871822,Home,09-7465613,Other,054-4871828,,,,,,,Home,הזית 6/18,הזית 6/18,,,,,,,,,,,,,,,,,,,,,,,,,,,,,,,,,,,Photo,https://lh4.googleusercontent.com/-hMfgrAyLJ80/WC6d1LZ9r5I/AAAAAAAAAAA/LQz1NhRFy-Epeki2krn_yumt_hrlL8xDgCOQCEAE/photo.jpg,,
בואונדבר דמוקרטיה,,,,,,,,,,בואונדבר דמוקרטיה,,,,,,* myContacts,,,,,,,,,,,Mobile,+972538230154,,,,,,,,,,,,,,,,,,,,,,,,,,,,,,,,,,,,,,,,,,,,,,,,,,,
בועז,,קציר,,,,,,,,שירביט,,,,,,* myContacts,,,,,,,,,,,Mobile,+972 52-230-1759,,,,,,,,,,,,,,,,,,,,,,,,,,,,,,,,,,,,,,,,,,,,,,,,,,,
בוריס,,,,,,,,,,א. נ. הובלות,,,,,,Imported on 4/29 ::: * myContacts,,,,,,,,,,,Mobile,0538252556,,,,,,,,,,,,,,,,,,,,,,,,,,,,,,,,,,,,,,,,,,,,,,,,,,,
,,בזק,,,,,,,,,,,,,,* myContacts,,,,,,,,,,,Mobile,1-800-335-166,,,,,,,,,,,,,,,,,,,,,,,,,,,,,,,,,,,,,,,,,,,,,,,,,,,
בית,,Shapira,,,,,,,,,,,,,,Imported on 4/29 ::: * myContacts,,,,,,,,,,,Mobile,+972 50-653-2235,נייד,+972 54-217-6264 ::: +972 77-784-9848,,,,,,,,,,,,,,,,,,,,,,,,,,,,,,,,,,,,,,,,,,,,,,Photo,https://lh5.googleusercontent.com/-sdfLm0BRXm8/VsxXHLaEICI/AAAAAAAAAAA/Qd0EfAlX00sRXvg6wXKg4ma1Zw6_C9LrQCOQCEAE/photo.jpg,,
בית,,הספר,,,,,,,,מרחב,,,,,,Imported 8/1/13 ::: מרחב ::: Imported on 4/29 ::: * myContacts,* Other,merchav@merchav-school.co.il,,,,,,,,,Home,09-7412465,,,,,,,,,,,Home,"הפלמ""ח 4, רעננה","4 הפלמ""ח",רעננה,,,,,,,,,,,,,,,,,,,,,,,,,,,,,,,,,,,,,
בלושטיין אורתודונט,,,,,,,,,,אור תודונט,,,,,,Imported on 4/29 ::: * myContacts,,,,,,,,,,,Mobile,+972 9-746-3179,,,,,,,,,,,,,,,,,,,,,,,,,,,,,,,,,,,,,,,,,,,,,,,,,,,
בן,,בראונשטיין,,,,,,,,מרחב,ה,יסודית,,ManagersName: גיל ולילך,,Imported 8/1/13 ::: מרחב ::: Imported on 4/29 ::: * myContacts,* Other,lilachb184@walla.com,,,,,,,,,Mobile,057-3561570,,,,,,,,,,,Home,"החי""ל 42, רעננה","42 החי""ל",רעננה,,,,,,,,,,,,,,,,,,,,,,,,,,,,,,,,,,,,,
בני,,באר יוצאים ללמוד,,,,,,,,,,,,,,* myContacts,* Other,Benybeer09@gmail.com,,,,,,,,,Other,+972545733405,Mobile,+972545733405,,,,,,,,,,,,,,,,,,,,,,,,,,,,,,,,,,,,,,,,,,,,,,,,,
בני מזגנים מעולה מומלץ על,,שמוליק,,,,,,,,,,,,,,* myContacts,,,,,,,,,,,נייד,+972502840015,,,,,,,,,,,,,,,,,,,,,,,,,,,,,,,,,,,,,,,,,,,,,,,,,,,
בר,,פרידמן,,,,,,,,מרחב,ד,יסודית,,ManagersName: יאנה,,Imported 8/1/13 ::: מרחב ::: Imported on 4/29 ::: * myContacts,* Other,yana.fridman68@gmail.com,Other,yana@varonis.com,,,,,,,Mobile,052-2588480,Other,054-7685906,,,,,,,,,,,,,,,,,,,,,,,,,,,,,,,,,,,,,,,,,,,,,,,,,
ברוך,,וייסר,,,,,,,,כדורסל,,,,,,Imported on 4/29 ::: * myContacts,,,,,,,,,,,Mobile,+972 54-446-7883,,,,,,,,,,,,,,,,,,,,,,,,,,,,,,,,,,,,,,,,,,,,,,,,,,,
ברית,,וינטראוב-גפן,,,,,,,,Merchav,,א,,"Mobile Mom: 050-7344272
Mobile Dad: 054-4224010",,Imported 8/1/13 ::: Imported on 4/29 ::: * myContacts,* Other,iriswain@netvision.net.il,,,,,,,,,Home,077-4005577,,,,,,,,,,,Home,פורצי הדרך 39 הרצליה,39 פורצי הדרך,הרצליה,,,,,,,,,,,,,,,,,,,,,,,,Manager,איריס וג'ף,,,,,,,,,,,,
ברק,,,,,,,,,,,,,,,,* myContacts,,,,,,,,,,,Mobile,+972 50-274-7677,,,,,,,,,,,,,,,,,,,,,,,,,,,,,,,,,,,,,,,,,,,,,,,,,,,
ברק,,לנדסמן,,,,,,,,Merchav,,חובה,,"Mobile Mom: 054-7652243
Mobile Dad: 052-5250738",,Imported 8/1/13 ::: Imported on 4/29 ::: * myContacts,* Other,"barak231@zahav.net.il, ylandsman@iai.co.il",,,,,,,,,Home,7457399,,,,,,,,,,,Home,הצנחנים 18 הוד השרון,18 הצנחנים,הוד השרון,,,,,,,,,,,,,,,,,,,,,,,,Manager,קרן ויואב,,,,,,,,,,,,
בתיה,ומעיין,כהן,,,,,,,,,,,,אוכל לצהרון,,Imported 8/1/13 ::: Imported on 4/29 ::: * myContacts,* Other,batyac121@gmail.com,,,,,,,,,Mobile,+972 52 251 2545,,,,,,,,,,,,,,,,,,,,,,,,,,,,,,,,,,,,,,,,,,,,,,,,,,,
ג'ולייט,,מילר,,,,,,,,,,,,,,Imported 8/1/13 ::: Imported on 4/29 ::: * myContacts,* Other,annaclaremiller@hotmail.com,Other,paul.miller@blplaw.com ::: julietmiriammiller@gmail.com,,,,,,,Mobile,052-6589817,Work,052-6379013 ::: 052-6379172,Home,09-7741334,,,,,,,,,,,,,,,,,,,,,,,,,,,,,,,,,,,,,,,,,,,,Photo,https://lh4.googleusercontent.com/-GbfaGT6AqTM/V4yxsvVxnmI/AAAAAAAAAAA/NNCit_kMR_kHrOBpwdM7MI4xWN8bmW1_QCOQCEAE/photo.jpg,,
ג'פרי,,הוארד,,,,,,,,,,,,,,Imported on 4/29 ::: * myContacts,* Work,jeffhowardjeffhoward@yahoo.com,,,,,,,,,Mobile,054-72685,,,,,,,,,,,,,,,,,,,,,,,,,,,,,,,,,,,,,,,,,,,,,,,,,,,
ג׳ק,,,,,,,,,,אח של רונן,,,,,,Imported on 4/29 ::: * myContacts,,,,,,,,,,,Mobile,054-4959983,,,,,,,,,,,,,,,,,,,,,,,,,,,,,,,,,,,,,,,,,,,,,,,,,,,
גאיה,,ענבר,,,,,,,,Merchav,,ב,,"Mobile Mom: 052-2534008
Mobile Dad: 052-2730939",,Imported 8/1/13 ::: Imported on 4/29 ::: * myContacts,* Other,in_dov@netvision.net.il,,,,,,,,,Home,7413223,,,,,,,,,,,Home,המעגל 1ג' הוד השרון,1ג המעגל,הוד השרון,,,,,,,,,,,,,,,,,,,,,,,,Manager,צפנת ודב,,,,,,,,,,,,
גבינת תמיז,,תשלום ביט,,,,,,,,,,,,,,* myContacts,,,,,,,,,,,Mobile,+972545225743,,,,,,,,,,,,,,,,,,,,,,,,,,,,,,,,,,,,,,,,,,,,,,,,,,,
גבריאל,,גוטמן,,,,,,,,אורטופד,,,,,,* myContacts,,,,,,,,,,,Mobile,053-243-6090,,,,,,,,,,,,,,,,,,,,,,,,,,,,,,,,,,,,,,,,,,,,,,,,,,,
גדי,,ביאליק,,,,,,,,,,,,,,* myContacts,,,,,,,,,,,נייד,+972 54-424-7166,,,,,,,,,,,,,,,,,,,,,,,,,,,,,,,,,,,,,,,,,,,,,,,,,,,
גדעון,,סמרוי,,,,,,,,Meitarim,,,1997-04-11,"כיתה: ז
Mobile Mom: 054-4655252
Dad's Name: ג'ון
Mobile Dad: 054-24228424",,Imported 8/1/13 ::: Imported on 4/29 ::: * myContacts,* Other,rhoanna@sumroy.com,Other,gidon@sumroy.com,,,,,,,Mobile,054-3285322,Work,054-4655252 ::: 054-2428424,Home,09-7714047,,,,,,,Home,"הלבונה 10
רעננה 43555",10 הלבונה,רעננה,,,43555,,,,,,,,,,,,,,,,,,,,,Manager,רואנה,,,,,,,,,,,,
גולן,מתקין,שער,,,,,,,,,,,,,,* myContacts,,,,,,,,,,,Mobile,+972 52-532-8146,,,,,,,,,,,,,,,,,,,,,,,,,,,,,,,,,,,,,,,,,,,,,,,,,,,
גולן,סל,פעמונים,,,,,,,,,,,,,https://lh3.googleusercontent.com/contacts/AG6tpzFpCyhuMcz387TLQtUrnL7s94d4INrHy_aCDMbEzICKEvZnd6Tk,* myContacts,,,,,,,,,,,Mobile,+972 54-907-4945,,,,,,,,,,,,,,,,,,,,,,,,,,,,,,,,,,,,,,,,,,,,,,,,,,,
גולן,,שושני,,,,,,,,כדורסל,,,,,,Imported on 4/29 ::: * myContacts,,,,,,,,,,,Home,+972 52-613-2103,,,,,,,,,,,,,,,,,,,,,,,,,,,,,,,,,,,,,,,,,,,,,,,,,,,
גון,,מילר-בוזגלו,,,,,,,,Merchav,,ד,,"Mobile Mom: 050-7123393
Mobile Dad: 057-8191064",,Imported 8/1/13 ::: Imported on 4/29 ::: * myContacts,* Other,"ebuzaglo@walla.co.il,  mmdesign@netvision.net.il",,,,,,,,,,,,,,,,,,,,,Home,כט בנובמבר 4 הרצליה,4 כט בנובמבר,הרצליה,,,,,,,,,,,,,,,,,,,,,,,,Manager,מיכל ואיל,,,,,,,,,,,,
גיא (ורינת),,גרינברג,,,,,,,,שכן,,,,,,Imported on 4/29 ::: * myContacts,,,,,,,,,,,Other,0504213555,,,,,,,,,,,,,,,,,,,,,,,,,,,,,,,,,,,,,,,,,,,,,,,,,,,
גיא,,בן דרור,,,,,,,,נדל״ן,,,,,,Imported on 4/29 ::: * myContacts,* Home,Guy@buligo.co.il,,,,,,,,,Other,0526890237,,,,,,,,,,,,,,,,,,,,,,,,,,,,,,,,,,,,,,,,,,,,,,,,,,,
גיא,,ג'קס,,,,,,,,Merchav,,ג,,Mobile Mom: 052-4244194,,Imported 8/1/13 ::: Imported on 4/29 ::: * myContacts,* Other,nicola.jacks@nice.com,,,,,,,,,Home,077-7878836,,,,,,,,,,,Home,הגליל 46/5 רעננה,46/5 הגליל,רעננה,,,,,,,,,,,,,,,,,,,,,,,,Manager,ניקולה,,,Sync.ME profile,http://sync.me/profile/tYuKctTqc2Ac-2ZWI397rWQ_H_J-fPAI2-A3I523,,,,,,,,
גיא,,גילאור,,,,,,,,,,,,,,* myContacts,,,,,,,,,,,Mobile,+61 448 605 203,,,,,,,,,,,,,,,,,,,,,,,,,,,,,,,,,,,,,,,,,,,,,,,,,,,
גיא,,טל,,,,,,,,Merchav,,ב,,"Mobile Mom: 052-3368722
Mobile Dad: 052-3665885",,Imported 8/1/13 ::: Imported on 4/29 ::: * myContacts,* Other,"rutit@meshi.org.il, baraktal@12.net.il",,,,,,,,,Home,09-7711021,,,,,,,,,,,Home,עציון 38 רעננה,38 עציון,רעננה,,,,,,,,,,,,,,,,,,,,,,,,Manager,רותי וברק,,,,,,,,,,,,
גיא,,לוי,,,,,,,,Merchav,,ו,,"Mobile Mom: 052-5323277
Mobile Dad: 052-2389301",,Imported 8/1/13 ::: Imported on 4/29 ::: * myContacts,* Other,"levy.varda@gmail.com, danilev@netvision.net.il",,,,,,,,,Home,097404111,,,,,,,,,,,Home,ארלוזורוב 12 רעננה,12 ארלוזורוב,רעננה,,,,,,,,,,,,,,,,,,,,,,,,Manager,ורדה ודני,,,,,,,,,,,,
גיא מתעניין בטויוטה,,,,,,,,,,,,,,,,* myContacts,,,,,,,,,,,Other,+972549635697,,,,,,,,,,,,,,,,,,,,,,,,,,,,,,,,,,,,,,,,,,,,,,,,,,,
גיא,,פולטורה,,,,,,,,,,,,,,* myContacts,,,,,,,,,,,Other,+972544439686,,,,,,,,,,,,,,,,,,,,,,,,,,,,,,,,,,,,,,,,,,,,,,,,,,,
גידי,,בורשטיין,,,,,,,,מרחב,ספורט,צוות,,,,Imported 8/1/13 ::: מרחב ::: Imported on 4/29 ::: * myContacts,* Other,bgidi00@hotmail.com,,,,,,,,,Home,054-4588475,,,,,,,,,,,,,,,,,,,,,,,,,,,,,,,,,,,,,,,,,,,,,,,,,,,
גידי מתעניין בטוטיוטה קשור למרים,,,,,,,,,,,,,,,,* myContacts,,,,,,,,,,,Other,+972544667995,,,,,,,,,,,,,,,,,,,,,,,,,,,,,,,,,,,,,,,,,,,,,,,,,,,
גיל,,צוק-רן,,,,,,,,Merchav,,ז,,"Mobile Mom: 054-4887215
Mobile Dad: 057-7266888",,Imported 8/1/13 ::: Imported on 4/29 ::: * myContacts,* Other,efrat-ts@zahav.net.il,,,,,,,,,Home,7711162,,,,,,,,,,,Home,רח' בילו 57 ב' רעננה,57 ב רח' בילו,רעננה,,,,,,,,,,,,,,,,,,,,,,,,Manager,אפרת ומיכאל,,,,,,,,,,,,
גילה,מחנכת,מיתרים,,,,,,,,,,,,,,Imported on 4/29 ::: * myContacts,,,,,,,,,,,נייד,+972 54-804-4398,,,,,,,,,,,,,,,,,,,,,,,,,,,,,,,,,,,,,,,,,,,,,,,,,,,
גילעד,,פייס,,,,,,,,Merchav,,ו,,"Mobile Mom: 054-7669903
Mobile Dad: 054-2493539",,Imported 8/1/13 ::: Imported on 4/29 ::: * myContacts,* Other,"paiss@nana10.co.il, omry@marvell.com, dspc_paisso@bezeqint.net",,,,,,,,,Home,9518424,,,,,,,,,,,Home,הפיוס 7 הרצליה,7 הפיוס,הרצליה,,,,,,,,,,,,,,,,,,,,,,,,Manager,נועה ועמרי,,,,,,,,,,,,
גל,,קירשבאום,,,,,,,,Gan Chiquititos,,,,"Dad's Name: גיא
Mobile Dad: 054-3388014",,Imported 8/1/13 ::: Imported on 4/29 ::: * myContacts,,,,,,,,,,,Mobile,052-3983983,Home,7746952,,,,,,,,,Home,"התחיה 8
רעננה",8 התחיה,רעננה,,,,,,,,,,,,,,,,,,,,,,,,Manager,שלי,,,,,,,,,,,,
גל,,רינות,,,,,,,,Merchav,,ב,,"Mobile Mom: 054-7277492
Mobile Dad: 054-7277482",,Imported 8/1/13 ::: Imported on 4/29 ::: * myContacts,* Other,lrinot@walla.co.il,,,,,,,,,Home,7727693,,,,,,,,,,,Home,רחל המשוררת 2 רעננה,2 רחל המשוררת,רעננה,,,,,,,,,,,,,,,,,,,,,,,,Manager,יובל וליאורה,,,,,,,,,,,,
גלי,,כהן,,,,,,,,Merchav,,חובה,,"Mobile Mom: 050-4264641
Mobile Dad: 050-8767058",,Imported 8/1/13 ::: Imported on 4/29 ::: * myContacts,* Other,"veredgali@gmail.com, yossi@panayainc.com",,,,,,,,,Home,7729119,,,,,,,,,,,Home,רבקה גובר 6/24 רעננה,6/24 רבקה גובר,רעננה,,,,,,,,,,,,,,,,,,,,,,,,Manager,ורד ויוסי,,,,,,,,,,,,
גלי,,פייס,,,,,,,,Merchav,,ג,,"Mobile Mom: 054-7669903
Mobile Dad: 054-2493539",,Imported 8/1/13 ::: Imported on 4/29 ::: * myContacts,* Other,"paiss@nana10.co.il, omry@marvell.com, dspc_paisso@bezeqint.net",,,,,,,,,Home,9518424,,,,,,,,,,,Home,הפיוס 7 הרצליה,7 הפיוס,הרצליה,,,,,,,,,,,,,,,,,,,,,,,,Manager,נעה ועמרי,,,,,,,,,,,,
גלית,,גלאור,,,,,,,,,,,,,,* myContacts,,,,,,,,,,,Mobile,+972 54-331-1268,,,,,,,,,,,,,,,,,,,,,,,,,,,,,,,,,,,,,,,,,,,,,,,,,,,
גלית ,,תמורה,,,,,,,,,,,,,,* myContacts,,,,,,,,,,,Other,0506480320,,,,,,,,,,,,,,,,,,,,,,,,,,,,,,,,,,,,,,,,,,,,,,,,,,,
גלעד,,יצחקי,,,,,,,,המטולוגיה מאיר,דר,,,,,* myContacts,* ,giladi@clalit.org.il,,,,,,,,,,,,,,,,,,,,,,,,,,,,,,,,,,,,,,,,,,,,,,,,,,,,,,,,,,,,,
גלעד לוין רכ�,�,ספורט,,,,,,,,,,,,,,* myContacts,,,,,,,,,,,Mobile,+1 747-338-7431,,,,,,,,,,,,,,,,,,,,,,,,,,,,,,,,,,,,,,,,,,,,,,,,,,,
גלעד,,פייס,,,,,,,,Merchav,,ה,,"Mobile Mom: 054-7669903
Mobile Dad: 054-7884895",,Imported 8/1/13 ::: Imported on 4/29 ::: * myContacts,* Other,"noap@histadrut.org.il, omry@marvell.com, omry_intel@bezeqint.net",,,,,,,,,Home,9518424,,,,,,,,,,,Home,הפיוס 7 הרצליה,7 הפיוס,הרצליה,,,,,,,,,,,,,,,,,,,,,,,,Manager,נועה ועמרי,,,,,,,,,,,,
גלעד,,פקטור,,,,,,,,וטרינר  הרצליה,,,,,,Imported on 4/29 ::: * myContacts,,,,,,,,,,,Mobile,+972 52-285-1339,,,,,,,,,,,,,,,,,,,,,,,,,,,,,,,,,,,,,,,,,,,,,,,,,,,
,,גן,,,,,,,,מרחב,,,,,,Imported 8/1/13 ::: מרחב ::: Imported on 4/29 ::: * myContacts,,,,,,,,,,,Home,09-7711213,,,,,,,,,,,Home,"אסתר המלכה 12, רעננה",12 אסתר המלכה,רעננה,,,,,,,,,,,,,,,,,,,,,,,,,,,,,,,,,,,,,
גרישין,,סבטלנה - פסיכיאטרית שלו,,,,,,,,עידן הקשב,,,,,,* myContacts,* ,idanhakeshev@gmail.com,,,,,,,,,,077-419-0009 ::: 054-453-0333,בכל מקרה המספר שלה, הוא 077-210-4956,,,,,,,,,,,,,,,,,,,,,,,,,,,,,,,,,,,,,,,,,,,,,,,,,
"ד""ר איל ברבלק: מנתח גב ועמוד שדרה -",מנהל,מחלקה,,,,,,,,,,,,,,* myContacts,,,,,,,,,,,Mobile,058-474-7058,,,,,,,,,,,,,,,,,,,,,,,,,,,,,,,,,,,,,,,,,,,,,,,,,,,
ד״ר אלון פרידלנדר מרפאה,,,,,,,,,,ד״ר אלון פרידלנדר מרפאה,,,,,,* myContacts,,,,,,,,,,,Mobile,+972 3-673-8565,,,,,,,,,,,,,,,,,,,,,,,,,,,,,,,,,,,,,,,,,,,,,,,,,,,
"ד""ר אריאל מרגוליס",,,,,,,,,,"ד""ר מרגוליס",,,,,,* myContacts,,,,,,,,,,,Mobile,+972523076366,,,,,,,,,,,,,,,,,,,,,,,,,,,,,,,,,,,,,,,,,,,,,,,,,,,
ד״ר דניאלה כץ,,,,,,,,,,,,,,,,* myContacts,,,,,,,,,,,Mobile,+9720508573864,,,,,,,,,,,,,,,,,,,,,,,,,,,,,,,,,,,,,,,,,,,,,,,,,,,
"ד""ר",וידנה חי,אורית,,,,,,,,,,,,,,Imported on 4/29 ::: * myContacts,,,,,,,,,,,,+972 9-7601681,,,,,,,,,,,,"רעננה, אשכול לוי 2",2 אשכול לוי,רעננה,,,,,,,,,,,,,,,,,,,,,,,,,,,,,,,,,,,,,
דגנית,,שניידר,,,,,,,,שוכרת אריק לביא,,,,,,* myContacts,* ,dganitsc@gmail.com,,,,,,,,,Mobile,052-3378297,,,,,,,,,,,,,,,,,,,,,,,,,,,,,,,,,,,,,,,,,,,,,,,,,,,
דוד,,,,,,,,,,,שיפוצניק,,,,,Imported 8/1/13 ::: Imported on 4/29 ::: * myContacts,,,,,,,,,,,Mobile,054-455-9509,,,,,,,,,,,,,,,,,,,,,,,,,,,,,,,,,,,,,,,,,,,,,,,,,,,
דוד,,ביטרן,,,,,,,,,,,,,,Imported 8/1/13 ::: Imported on 4/29 ::: * myContacts,* Other,haimb1950@gmail.com;,Other,marj1959@gmail.com ::: davidtheking100@walla.co.il,,,,,,,Mobile,052-8984868,Work,052-2245055 ::: 052-2571916,Home,077-4280160,,,,,,,,,,,,,,,,,,,,,,,,,,,,,,,,,,,,,,,,,,,,,,,
דודי,,קדרון,,,,,,,,Merchav,,שילוב ילדים עם צרכים מיוחדים,,,,Imported 8/1/13 ::: Imported on 4/29 ::: * myContacts,* Other,dudykidron@yahoo.com,,,,,,,,,Home,052-5776167,,,,,,,,,,,,,,,,,,,,,,,,,,,,,,,,,,,,,,,,,,,,,,,,,,,
דורון,,בן יוסף,,,,,,,,כדורסל,,,,,,Imported on 4/29 ::: * myContacts,,,,,,,,,,,נייד,+972 54-498-6440,,,,,,,,,,,,,,,,,,,,,,,,,,,,,,,,,,,,,,,,,,,,,,,,,,,
דורון,,לויט,,,,,,,,קייטנת בייף,,,,,,Imported on 4/29 ::: * myContacts,,,,,,,,,,,Home,054-4767876,,,,,,,,,,,,,,,,,,,,,,,,,,,,,,,,,,,,,,,,,,,,,,,,,,,
דורון,,לונדנר,,,,,,,,Gan Chiquititos,,,,"Dad's Name: יהונתן
Mobile Dad: 054-4486525",,Imported 8/1/13 ::: Imported on 4/29 ::: * myContacts,,,,,,,,,,,Mobile,052-3542833,,,,,,,,,,,Home,"מורדי הגטאות 31 א
רעננה",31 א מורדי הגטאות,רעננה,,,,,,,,,,,,,,,,,,,,,,,,Manager,מירב,,,,,,,,,,,,
דורון פיקוח וליווי פרויקטים,,,,,,,,,,דורון פיקוח וליווי פרויקטים,,,,,,* myContacts,,,,,,,,,,,Mobile,+972 52-808-0500,,,,,,,,,,,,,,,,,,,,,,,,,,,,,,,,,,,,,,,,,,,,,,,,,,,
דינה,,,,,,,,,,CleanD,,,,,,Imported on 4/29 ::: * myContacts,* Home,clean_dy@walla.co.il,,,,,,,,,Mobile,0542151417,,,,,,,,,,,,,,,,,,,,,,,,,,,,,,,,,,,,,,,,,,,,,,,,,,,
דירה בכפר סבא,,,,,,,,,,,,,,,,* myContacts,,,,,,,,,,,Mobile,+972549158717,,,,,,,,,,,,,,,,,,,,,,,,,,,,,,,,,,,,,,,,,,,,,,,,,,,
דלית,,בן דיין,,,,,,,,נוער שוחר מדע מדריכה,,,,,,Imported on 4/29 ::: * myContacts,,,,,,,,,,,Mobile,050-9580055,,,,,,,,,,,,,,,,,,,,,,,,,,,,,,,,,,,,,,,,,,,,,,,,,,,
דן,,אביבי,,,,,,,,Merchav,,ה,,"Mobile Mom: 054-4290380
Mobile Dad: 054-6607089",,Imported 8/1/13 ::: Imported on 4/29 ::: * myContacts,* Other,osnatavivi@hotmail.com,,,,,,,,,Home,7729315,,,,,,,,,,,Home,הגפן 32 רעננה,32 הגפן,רעננה,,,,,,,,,,,,,,,,,,,,,,,,Manager,אסנת ושמואל,,,,,,,,,,,,
דני קינג,,(מאסף),,,,,,,,,,,,,,* myContacts,,,,,,,,,,,Mobile,+972502061696,,,,,,,,,,,,,,,,,,,,,,,,,,,,,,,,,,,,,,,,,,,,,,,,,,,
דני רביד,,,,,,,,,,,,,,,,* myContacts,,,,,,,,,,,Mobile,+972506810678,,,,,,,,,,,,,,,,,,,,,,,,,,,,,,,,,,,,,,,,,,,,,,,,,,,
דניאל,,,,,,,,,,אוריאנטה תיקון ומכירת משקפיים,,משקפיים,,,,* myContacts,,,,,,,,,,,Mobile,+972 50-292-6580,,,,,,,,,,,Home,"העמק 17 דירה 5
כפר סבא",דירה 5 17 העמק,כפר סבא,,,,,,,,,,,,,,,,,,,,,,,,,,,,,,,,,,,,,
דניאל דרום אפריקה,,,,,,,,,,,,,,,,Imported on 4/29 ::: * myContacts,,,,,,,,,,,Mobile,+27 0767832746,,,,,,,,,,,,,,,,,,,,,,,,,,,,,,,,,,,,,,,,,,,,,,,,,,,
דניאל,,הובלות,,,,,,,,,,,,,,Imported on 4/29 ::: * myContacts,,,,,,,,,,,עבודה,+972 52-489-8142,נייד,+972 54-242-6661,,,,,,,,,,,,,,,,,,,,,,,,,,,,,,,,,,,,,,,,,,,,,,,,,
דניאל,,מוניטה,,,,,,,,Merchav,,ג,,"Mobile Mom: 052-3792158
Mobile Dad: 052-8542450",,Imported 8/1/13 ::: Imported on 4/29 ::: * myContacts,* Other,revital@moneta.co.il; yuval@moneta.co.il,,,,,,,,,Home,7408672,,,,,,,,,,,Home,"דרך המלך 27, גן חיים",27 דרך המלך,גן חיים,,,,,,,,,,,,,,,,,,,,,,,,Manager,רויטל ויובל,,,,,,,,,,,,
דניאל,,סלקום,,,,,,,,,,,,,,* myContacts,,,,,,,,,,,Other,0529986277,,,,,,,,,,,,,,,,,,,,,,,,,,,,,,,,,,,,,,,,,,,,,,,,,,,
דניאלה,,ברוך,,,,,,,,Merchav,,ב,,"Mobile Mom: 054-6302619
Mobile Dad: אנתוני      052-2248604",,Imported 8/1/13 ::: Imported on 4/29 ::: * myContacts,* Other,kerenor30@yahoo.com,,,,,,,,,Home,7727490,,,,,,,,,,,Home,רח' הבנים 3/10 רעננה,3/10 רח' הבנים,רעננה,,,,,,,,,,,,,,,,,,,,,,,,Manager,קרי,,,,,,,,,,,,
דניאלה,,לנג,,,,,,,,,,,,,,Imported 8/1/13 ::: Imported on 4/29 ::: * myContacts,* Other,philippe@langonline.com,,,,,,,,,Work,054-2567157 ::: 054-2235759,Home,09-7738397,,,,,,,,,,,,,,,,,,,,,,,,,,,,,,,,,,,,,,,,,,,,,,,,,
דניאלה,,עם כלב,,,,,,,,,,,,,,* myContacts,,,,,,,,,,,Other,0525416545,,,,,,,,,,,,,,,,,,,,,,,,,,,,,,,,,,,,,,,,,,,,,,,,,,,
דפנה,,אבידן,,,,,,,,אמא של שירה,,,,,,* myContacts,,,,,,,,,,,Mobile,054-834-9868,,,,,,,,,,,,,,,,,,,,,,,,,,,,,,,,,,,,,,,,,,,,,,,,,,,
דר איל ברבלק מרפאה,,,,,,,,,,דר איל ברבלק מרפאה,,,,,,* myContacts,,,,,,,,,,,Mobile,+972 58-474-7052,,,,,,,,,,,,,,,,,,,,,,,,,,,,,,,,,,,,,,,,,,,,,,,,,,,
דר,בן-צבי,יעקב,,,,,,,,,אורטופד,,,,,Imported on 4/29 ::: * myContacts,,,,,,,,,,,Other,+972 9-7456323 ::: +972 54-4855704,,,,,,,,,,,Home,אחוזה 98 רעננה,98 אחוזה,רעננה,,,,,,,,,,,,,,,,,,,,,,,,,,,,,,,,,,,,,
,,דר ליכטמן,,,,,,,,גסטרולוג,,,,,,Imported on 4/29 ::: * myContacts,,,,,,,,,,,Other,097450590,,,,,,,,,,,Home,"קזן 29ג
רעננה
Israel",29ג קזן,רעננה,,,,Israel,,,,,,,,,,,,,,,,,,,,,,,,,,,,,,,,,
דר,סווטלנה,זלמנוב,,,,,,,,אסותא רמת הח� �ל רדיותרפיה,באונקולוגיה,,,,,* myContacts,* אחר,svetlanafa@assuta.co.il,,,,,,,,,נייד,+972 54-740-4283,,,,,,,,,,,,,,,,,,,,,,,,,,,,,,,,,,,,,,,,,,,,,,,,,,,
דר קונט,,,,,,,,,,עיניים,,,,,,* myContacts,,,,,,,,,,,Other,098655220,,,,,,,,,,,,,,,,,,,,,,,,,,,,,,,,,,,,,,,,,,,,,,,,,,,
דר,,רובוביץ,,,,,,,,עין טל מרכז לרפואת עיניים בע״מ,,,,,,Imported on 4/29 ::: * myContacts,,,,,,,,,,,,+972 03-5433222,,,,,,,,,,,,ברנדס 17 תל אביב,17 ברנדס,תל אביב,,,,,,,,,,,,,,,,,,,,,,,,,,,,,,,,,,,,,
דר רוית מרום,,,,,,,,,,,,,,,,Imported on 4/29 ::: * myContacts,,,,,,,,,,,Other,0558836663,,,,,,,,,,,,,,,,,,,,,,,,,,,,,,,,,,,,,,,,,,,,,,,,,,,
דרור אריה,טכנאי,מזגנים,,,,,,,,,,,,,,* myContacts,,,,,,,,,,,,+972505510281,,,,,,,,,,,,,,,,,,,,,,,,,,,,,,,,,,,,,,,,,,,,,,,,,,,
דרור,וקסם,קריזה,,,,,,,,Merchav,,,,"Mobile Mom: 054-5306666
Mobile Dad: 054-5206306",,Imported 8/1/13 ::: Imported on 4/29 ::: * myContacts,,,,,,,,,,,Home,+972 9 771 1926,,,,,,,,,,,Home,"רח' שיכון אשר 20
רעננה",רח' שיכון אשר 20,רעננה,,,,,,,,,,,,,,,,,,,,,,,,Manager,צחי ואסנת,,,,,,,,,,,,
דרור,,קריזה,,,,,,,,מרחב,ו,יסודית,,ManagersName: צחי ואסנת,,Imported 8/1/13 ::: מרחב ::: Imported on 4/29 ::: * myContacts,,,,,,,,,,,Mobile,054-5306666,Home,09-7711926,,,,,,,,,Home,"רח' שיכון אשר 20, רעננה",רח' שיכון אשר 20,רעננה,,,,,,,,,,,,,,,,,,,,,,,,,,,,,,,,,,,,,
הגר,,רוחין,,,,,,,,מרחב,צהרון ובית ספר,צוות,,,,Imported 8/1/13 ::: מרחב ::: Imported on 4/29 ::: * myContacts,* Other,hagar_ruchin@walla.com,,,,,,,,,Home,052-6200310 ::: 077-3411177,,,,,,,,,,,,,,,,,,,,,,,,,,,,,,,,,,,,,,,,,,,,,,,,,,,
הדס,,נגר-לוי,,,,,,,,מרחב,גננת,צוות,,,,Imported 8/1/13 ::: מרחב ::: Imported on 4/29 ::: * myContacts,* Other,hadasnagarlevy@gmail.com,,,,,,,,,Home,052-2918998,,,,,,,,,,,,,,,,,,,,,,,,,,,,,,,,,,,,,,,,,,,,,,,,Photo,https://lh4.googleusercontent.com/-iABti6kJIEc/V4yux3scHhI/AAAAAAAAAAA/c6PRDDBF4AoRVVYyQix1jPwV33mvvkPGgCOQCEAE/photo.jpg,,
הדר,,וילסון,,,,,,,,Merchav,,חובה,,"Mobile Mom: 054-4633214
Mobile Dad: 054-7785859",,Imported 8/1/13 ::: Imported on 4/29 ::: * myContacts,* Other,michal.wilson@gmail.com,,,,,,,,,Home,077-4243168,,,,,,,,,,,Home,הפרחים 12 רעננה,12 הפרחים,רעננה,,,,,,,,,,,,,,,,,,,,,,,,Manager,מיכל וגיא,,,,,,,,,,,,
הדר,,רוזנפלד,,,,,,,,Gan Chiquititos,,,,"Dad's Name: אמיר
Mobile Dad: 054-4718523",,Imported 8/1/13 ::: Imported on 4/29 ::: * myContacts,,,,,,,,,,,Mobile,052-3423417,Home,7729012,,,,,,,,,Home,"רבקה גובר 10
רעננה",10 רבקה גובר,רעננה,,,,,,,,,,,,,,,,,,,,,,,,Manager,אורית,,,,,,,,,,,,
החתן של הירושלמי שמתעניין בטויוטה,,,,,,,,,,,,,,,,* myContacts,,,,,,,,,,,Other,0544533656,,,,,,,,,,,,,,,,,,,,,,,,,,,,,,,,,,,,,,,,,,,,,,,,,,,
הילה,,באומגרטן,,,,,,,,Merchav,,ה,,"Mobile Mom: 054-4934361
Mobile Dad: 054-6936911",,Imported 8/1/13 ::: Imported on 4/29 ::: * myContacts,* Other,hadas.ba@gmail.com   tzachiba@gmail.com,,,,,,,,,Home,7480238,,,,,,,,,,,Home,"אחד העם 17, רעננה",17 אחד העם,רעננה,,,,,,,,,,,,,,,,,,,,,,,,Manager,הדס וצחי,,,,,,,,,,,,
הילה,,לזר,,,,,,,,מרחב,ג,צעירה,,ManagersName: גלית ואבי,,Imported 8/1/13 ::: מרחב ::: Imported on 4/29 ::: * myContacts,* Other,galazar@012.net.il,,,,,,,,,Mobile,050-8668268,Home,09-7740611,,,,,,,,,Home,"שכון אשר 64, רעננה",שכון אשר 64,רעננה,,,,,,,,,,,,,,,,,,,,,,,,,,,,,,,,,,Photo,https://lh3.googleusercontent.com/-iO0RZMNbX8E/V4yydOcOo2I/AAAAAAAAAAA/vFKg-MJcSqEz_v3vg3tCPG4a3T9srJCqQCOQCEAE/photo.jpg,,
הלל,,אשל,,,,,,,,מרחב,ו,יסודית,,ManagersName: ליאורה,,Imported 8/1/13 ::: מרחב ::: Imported on 4/29 ::: * myContacts,* Other,ofakim.hadashim@gmail.com,Other,yifa40@walla.com,,,,,,,Mobile,050-7252016,Home,09-9502608,,,,,,,,,Home,"רח' השביט 7, רעננה",7 רח' השביט,רעננה,,,,,,,,,,,,,,,,,,,,,,,,,,,,,,,,,,,,,
המטולוגיה מאיר,,,,,,,,,,,,,,,,* myContacts,,,,,,,,,,,Other,097472786,,,,,,,,,,,,,,,,,,,,,,,,,,,,,,,,,,,,,,,,,,,,,,,,,,,
המקום,,,,,,,,,,המקום הכי חם בגיהנום,,,,,,* myContacts,,,,,,,,,,,Mobile,054-2353574,,,,,,,,,,,,,,,,,,,,,,,,,,,,,,,,,,,,,,,,,,,,,,,,,,,
הנוטרים,,Hanotrim,,,,,,,,Koopat Holim קופת חולים,,,,,,Imported on 4/29 ::: * myContacts,,,,,,,,,,,Work,097707111,,,,,,,,,,,,,,,,,,,,,,,,,,,,,,,,,,,,,,,,,,,,,,,,,,,
הראל?,,מיחשוב רעננה,,,,,,,,,,,,,,* myContacts,,,,,,,,,,,Mobile,052-856-0198,,,,,,,,,,,,,,,,,,,,,,,,,,,,,,,,,,,,,,,,,,,,,,,,,,,
הרן,,שפיר,,,,,,,,מרחב,ו,יסודית,,ManagersName: רחלאה ושי,,Imported 8/1/13 ::: מרחב ::: Imported on 4/29 ::: * myContacts,* Other,rachela66@gmail.com,,,,,,,,,Mobile,054-9002361,Home,09-7494255 ::: 03-6712361,,,,,,,,,Home,"כוכב, יאיר",,"כוכב, יאיר",,,,,,,,,,,,,,,,,,,,,,,,,,,,,,,,,,Photo,https://lh5.googleusercontent.com/-3lhEfQTWZbA/V4ym49pJfTI/AAAAAAAAAAA/NevrXp-DO3UM-ipktFOz6zU2aNrcfSA2gCOQCEAE/photo.jpg,,
הרצל,,,,,,,,,,,אזעקה בית חדש,,,,,Imported on 4/29 ::: * myContacts,,,,,,,,,,,,054-4987220,,,,,,,,,,,,,,,,,,,,,,,,,,,,,,,,,,,,,,,,,,,,,,,,,,,
ווצאפ מרכז תיאום,,בדרך להחלמה,,,,,,,,,,,,,,* myContacts,,,,,,,,,,,Mobile,+972502003689,,,,,,,,,,,,,,,,,,,,,,,,,,,,,,,,,,,,,,,,,,,,,,,,,,,
ורד,,,,,,,,,,,,,,,,* myContacts,,,,,,,,,,,Mobile,+972506208062,,,,,,,,,,,,,,,,,,,,,,,,,,,,,,,,,,,,,,,,,,,,,,,,,,,
ורדה,,קרמר,,,,,,,,מרחב,"יועצת  חונכות, שילוב ולמידה",צוות,,,,Imported 8/1/13 ::: מרחב ::: Imported on 4/29 ::: * myContacts,* Other,zivshiloach@012.net.il,Other,varda@merchav-school.co.il,,,,,,,Home,054-6744051,,,,,,,,,,,,,,,,,,,,,,,,,,,,,,,,,,,,,,,,,,,,,,,,,,,
ז'ניה,,ציקמן,,,,,,,,Merchav,,מורה למוסיקה,,,,Imported 8/1/13 ::: Imported on 4/29 ::: * myContacts,* Other,jtsikman@yahoo.com,,,,,,,,,Home,050-9898916,,,,,,,,,,,,,,,,,,,,,,,,,,,,,,,,,,,,,,,,,,,,,,,,,,,
זאב,,צ'יזיק,,,,,,,,,,,,,,Imported 8/1/13 ::: Imported on 4/29 ::: * myContacts,* Other,sedazo@012.net.il,,,,,,,,,Work,054-7809688 ::: 054-7809488,Home,09-7456427,,,,,,,,,,,,,,,,,,,,,,,,,,,,,,,,,,,,,,,,,,,,,,,,,
זהבית,,,,,,,,,,מור אינסייד,,,,,,* myContacts,,,,,,,,,,,Mobile,09-763-9999,,,,,,,,,,,,,,,,,,,,,,,,,,,,,,,,,,,,,,,,,,,,,,,,,,,
זהר,,פיין,,,,,,,,Merchav,,ג,,"Mobile Mom: 054-7768320
Mobile Dad: 057-8128835",,Imported 8/1/13 ::: Imported on 4/29 ::: * myContacts,* Other,shani.rdtf@gmail.com,,,,,,,,,Home,7718679,,,,,,,,,,,Home,מורדי הגטאות 24 רעננה 43508,24 מורדי הגטאות,רעננה,,,43508,,,,,,,,,,,,,,,,,,,,,Manager,שני וזאב,,,,,,,,,,,,
זואי,,גורני,,,,,,,,Merchav,,חונכת יסודית,,,,Imported 8/1/13 ::: Imported on 4/29 ::: * myContacts,* Other,zoe.gorni@gmail.com,,,,,,,,,Home,"052-5914141, 09-7493678 ::: 052-5914141 09-7493678",,,,,,,,,,,,,,,,,,,,,,,,,,,,,,,,,,,,,,,,,,,,,,,,,,,
זואי,מדריכה,יפן,,,,,,,,,,,,,,* myContacts,,,,,,,,,,,Other,+972508624590,,,,,,,,,,,,,,,,,,,,,,,,,,,,,,,,,,,,,,,,,,,,,,,,,,,
זיו,,דוד,,,,,,,,,,,,,,* myContacts,,,,,,,,,,,Mobile,+972543374288,,,,,,,,,,,,,,,,,,,,,,,,,,,,,,,,,,,,,,,,,,,,,,,,,,,
חביבה,,,,,,,,,,,,,,,,* myContacts,,,,,,,,,,,Mobile,+972544788866,,,,,,,,,,,,,,,,,,,,,,,,,,,,,,,,,,,,,,,,,,,,,,,,,,,
חברה של הדס במעצר,,,,,,,,,,,,,,,,* myContacts,,,,,,,,,,,Other,0504336634,,,,,,,,,,,,,,,,,,,,,,,,,,,,,,,,,,,,,,,,,,,,,,,,,,,
חגי,,אשל,,,,,,,,מרחב,ד,יסודית,,ManagersName: ליאורה,,Imported 8/1/13 ::: מרחב ::: Imported on 4/29 ::: * myContacts,* Other,yifa40@walla.com,Other,ofakim.hadashim@gmail.com,,,,,,,Mobile,050-7252016,Home,09-9502608,,,,,,,,,Home,"רח' השביט 7, רעננה",7 רח' השביט,רעננה,,,,,,,,,,,,,,,,,,,,,,,,,,,,,,,,,,,,,
חגי,,גנתי,,,,,,,,EnerPoint,,,,,,Imported on 4/29 ::: * myContacts,,,,,,,,,,,Home,050-3000481,,,,,,,,,,,,,,,,,,,,,,,,,,,,,,,,,,,,,,,,,,,,,,,,,,,
חגי שדה קבן לשעבר ראש מדור,ברהן,בקרפר,,,,,,,,,,,,,,* myContacts,,,,,,,,,,,WhatsApp,+972 52-945-3631,,,,,,,,,,,,,,,,,,,,,,,,,,,,,,,,,,,,,,,,,,,,,,,,,,,
חגי שנאן,,ערבית,,,,,,,,,,,,,,* myContacts,,,,,,,,,,,Mobile,+972 52-351-1205,,,,,,,,,,,,,,,,,,,,,,,,,,,,,,,,,,,,,,,,,,,,,,,,,,,
חגי,,שריר,,,,,,,,Ministry of Welfare and Ministry of Education,Principal of Miftan Maayanot,צוות,,,,Imported 8/1/13 ::: מרחב ::: Imported on 4/29 ::: * myContacts,* Other,sharirh@gmail.com,,,,,,,,,Home,052-2800111,,,,,,,,,,,,,,,,,,,,,,,,,,,,,,,,,,,,,,,,,,Sync.ME profile,http://sync.me/profile/hz40c_qnk285nIleMM1E1sY4RUKekm7_XxEHG2oAhrPXqg,,,,,Photo,https://lh6.googleusercontent.com/-C_O6kKXe7KQ/V4yx1AhFdzI/AAAAAAAAAAA/O0IA4RR2Me8_0dBg61tu3Ja3j_B5cRWLwCOQCEAE/photo.jpg,,
חגית לנגה,,,,,,,,,,פסיכולוגית חינוכית,,,,,,Imported on 4/29 ::: * myContacts,,,,,,,,,,,Other,0544255626,,,,,,,,,,,,,,,,,,,,,,,,,,,,,,,,,,,,,,,,,,,,,,,,,,,
חי שירותי אינסטלציה,,מדרג,,,,,,,,,,,,,,* myContacts,,,,,,,,,,,Mobile,+972544468154,,,,,,,,,,,,,,,,,,,,,,,,,,,,,,,,,,,,,,,,,,,,,,,,,,,
חיים בא מירושלים מתעניין בטויוטה ,,,,,,,,,,,,,,,,* myContacts,,,,,,,,,,,Other,+972505418666,,,,,,,,,,,,,,,,,,,,,,,,,,,,,,,,,,,,,,,,,,,,,,,,,,,
חיים בן דוד עמותת,חיים,לחיים,,,,,,,,,,,,,,* myContacts,,,,,,,,,,,Mobile,+972522428616,,,,,,,,,,,,,,,,,,,,,,,,,,,,,,,,,,,,,,,,,,,,,,,,,,,
חיים מתעניין בטויוטה מירושלים,,,,,,,,,,,,,,,,* myContacts,,,,,,,,,,,Other,+972508510321,,,,,,,,,,,,,,,,,,,,,,,,,,,,,,,,,,,,,,,,,,,,,,,,,,,
חיים,,שיפוץ,,,,,,,,,,,,,,Imported on 4/29 ::: * myContacts,,,,,,,,,,,נייד,+972 52-244-1603,,,,,,,,,,,,,,,,,,,,,,,,,,,,,,,,,,,,,,,,,,,,,,,,,,,
חיל רוצה כרטיס גרפי,,,,,,,,,,,,,,,,* myContacts,,,,,,,,,,,Other,+972528728353,,,,,,,,,,,,,,,,,,,,,,,,,,,,,,,,,,,,,,,,,,,,,,,,,,,
חלאה (חומוס בקוספא),,,,,,,,,,,,,,,,Imported on 4/29 ::: * myContacts,,,,,,,,,,,Mobile,+972547201070,,,,,,,,,,,,,,,,,,,,,,,,,,,,,,,,,,,,,,,,,,,,,,,,,,,
חנה ג. 🎗️,,ערבית,,,,,,,,,,,,,,* myContacts,,,,,,,,,,,Mobile,+972 54-307-6544,,,,,,,,,,,,,,,,,,,,,,,,,,,,,,,,,,,,,,,,,,,,,,,,,,,
חני כהן,,יוצאים ללמוד,,,,,,,,,,,,,,* myContacts,,,,,,,,,,,Mobile,+972533550042,,,,,,,,,,,,,,,,,,,,,,,,,,,,,,,,,,,,,,,,,,,,,,,,,,,
טיראן,,Wooden Dreams,,,,,,,,טיראן,,,,,,* myContacts,,,,,,,,,,,Mobile,+972525360967,,,,,,,,,,,,,,,,,,,,,,,,,,,,,,,,,,,,,,,,,,,,,,,,,,,
טכנאי,,תנור,,,,,,,,,,,,,,* myContacts,,,,,,,,,,,Mobile,050-204-3029,,,,,,,,,,,,,,,,,,,,,,,,,,,,,,,,,,,,,,,,,,,,,,,,,,,
טל,,ברוסטין,,,,,,,,מרחב,ד,יסודית,,ManagersName: רונית ויעקב,,Imported 8/1/13 ::: מרחב ::: Imported on 4/29 ::: * myContacts,* Other,ronitb@012.net.il,,,,,,,,,Mobile,054-6586805,Home,09-7728912,Other,054-7777144,,,,,,,Home,"הכלנית 17, רעננה",17 הכלנית,רעננה,,,,,,,,,,,,,,,,,,,,,,,,,,,,,,,,,,,,,
טל,,ברץ,,,,,,,,מרחב,טרום חובה,גן,,ManagersName: יפעת ודניאל,,Imported 8/1/13 ::: מרחב ::: Imported on 4/29 ::: * myContacts,,,,,,,,,,,Home,09-7650678,Other,050-3009512,,,,,,,,,,,,,,,,,,,,,,,,,,,,,,,,,,,,,,,,Sync.ME profile,http://sync.me/profile/K04-daTtN3w8B2hJlOe5IejKl-_BDxDWx7Uks28B3n9U65G6zw,,,,,Photo,https://www.google.com/s2/photos/private/AIbEiAIAAAAiCKP_6_LYlPDnERCbnanVnKWHmNABGPOFvfno54T9qQEwAX8IsZvuIJmSR3Bkd8ef1WpVV5st,,
טל,,גילת,,,,,,,,Merchav,,א,,"Mobile Mom: 054-7950666
Mobile Dad: 054-4597044",,Imported 8/1/13 ::: Imported on 4/29 ::: * myContacts,* Other,gilatoa@012.net.il,,,,,,,,,Home,077-8844234,,,,,,,,,,,Home,רח' הנשר 86 רעננה,86 רח' הנשר,רעננה,,,,,,,,,,,,,,,,,,,,,,,,Manager,ענת ועפר,,,Sync.ME profile,http://sync.me/profile/_sBJ2UR7Kpzl6PgcVprdj83ulHwRX1QacFSPFHle,,,,,Photo,https://www.google.com/s2/photos/private/AIbEiAIAAAAiCKP_6_LYlPDnERD4gumRm-CQ7_0BGNT_u6GEwJWbsAEwAdR-yq4g15jhjqP48K_WnoI5wMqy,,
טל,,הופמן,,,,,,,,מרחב,חונכת,צוות,,,,Imported 8/1/13 ::: מרחב ::: Imported on 4/29 ::: * myContacts,* Other,thoffman297@gmail.com,,,,,,,,,Home,054-2620217,,,,,,,,,,,,,,,,,,,,,,,,,,,,,,,,,,,,,,,,,,,,,,,,,,,
טל,,יניב,,,,,,,,Delek,Recruitment manager,,,"Dad's Name: עמרי
Mobile Dad: 054-4955379

Metapelet: Omer
Mobile Metapelet: 052-6018480",,Imported 8/1/13 ::: Imported on 4/29 ::: * myContacts,,,,,,,,,,,Mobile,+972 502023969,Home,+972 97417540,Other,+972 52 539 5242,,,,,,,Home,"הרקפת 4/12
רעננה",4/12 הרקפת,רעננה,,,,,,,,,,,,,,,,,,,,,,,,Manager,קרן,,,,,,,,,,,,
טל,,כידן,,,,,,,,,,,,,,* myContacts,* Home,tkidan@gmail.com,,,,,,,,,Mobile,+972 52-837-8270,,,,,,,,,,,,,,,,,,,,,,,,,,,,,,,,,,,,,,,,,,,,,,,,,,,
טל,,קרסנובסקי,,,,,,,,Merchav,,ב,,"Mobile Mom: 054-6688161 03-6987170-ע
Mobile Dad: 054-6688160",,Imported 8/1/13 ::: Imported on 4/29 ::: * myContacts,* Other,iriskras@gmail.com,,,,,,,,,Home,7744321,,,,,,,,,,,Home,רחוב הגליל 59/4 רעננה,59/4 רחוב הגליל,רעננה,,,,,,,,,,,,,,,,,,,,,,,,Manager,איריס וליאור,,,,,,,,,,,,
טל,,רון,,,,,,,,Merchav,,חובה,,"Mobile Mom: 054-4334488
Mobile Dad:  054-4777228",,Imported 8/1/13 ::: Imported on 4/29 ::: * myContacts,* Other,theronfamily@gmail.com,,,,,,,,,Home,7717137,,,,,,,,,,,Home,התור 12 רעננה,12 התור,רעננה,,,,,,,,,,,,,,,,,,,,,,,,Manager,שרון ואיתן,,,,,,,,,,,,
טל,,רזימטיקה,,,,,,,,,,,,,,Imported on 4/29 ::: * myContacts,,,,,,,,,,,Mobile,+972 52-519-4040,,,,,,,,,,,,,,,,,,,,,,,,,,,,,,,,,,,,,,,,,,,,,,,,,,,
טל,,רמון-כובני,,,,,,,,מרחב,ה,יסודית,,ManagersName: כרמית ויזהר,,Imported 8/1/13 ::: מרחב ::: Imported on 4/29 ::: * myContacts,* Other,rkfambox@netvision.net.il,,,,,,,,,Mobile,050-7229516,Home,03-9306397,Other,054-5589085,,,,,,,Home,"פתח, תקוה",,"פתח, תקוה",,,,,,,,,,,,,,,,,,,,,,,,,,,,,,,,,,,,,
טל,,שטרנאו,,,,,,,,Merchav,,ה,,Mobile Mom: 052-4576160 052-8833033,,Imported 8/1/13 ::: Imported on 4/29 ::: * myContacts,,,,,,,,,,,Home,7740067,,,,,,,,,,,Home,התקומה 16 רעננה 43535,16 התקומה,רעננה,,,43535,,,,,,,,,,,,,,,,,,,,,Manager,תמר ויונתן,,,,,,,,,,,,
טלי,,פיכטנבאום,,,,,,,,מיתרים,מחנכת פז,,,,,Imported on 4/29 ::: * myContacts,* Other,talifichten@gmail.com,,,,,,,,,Mobile,052-5296080,,,,,,,,,,,,,,,,,,,,,,,,,,,,,,,,,,,,,,,,,,,,,,,,,,,
טלמסר,,צופים,,,,,,,,,,,,,,Imported 8/1/13 ::: Imported on 4/29 ::: * myContacts,,,,,,,,,,,Mobile,036066449,,,,,,,,,,,,,,,,,,,,,,,,,,,,,,,,,,,,,,,,,,,,,,,,,,,
טלפון זמני נאוה,,,,,,,,,,,,,,,,* myContacts,,,,,,,,,,,Other,0555197659,,,,,,,,,,,,,,,,,,,,,,,,,,,,,,,,,,,,,,,,,,,,,,,,,,,
טרביס,,קולבר,,,,,,,,Merchav,,ו,,"Mobile Mom: 054-4751497
Mobile Dad: 054-4804109",,Imported 8/1/13 ::: Imported on 4/29 ::: * myContacts,* Other,"kolberlm@netvision.net.il,  v-erank@microsoft.com ;  lynnk@lihgroup.com",,,,,,,,,Home,7439159,,,,,,,,,,,Home,השקמים 32 הוד השרון,32 השקמים,הוד השרון,,,,,,,,,,,,,,,,,,,,,,,,Manager,לין וערן,,,,,,,,,,,,
יבגני,,גלפרין,,,,,,,,G-media,,,,תקשורת רשת,,Imported on 4/29 ::: * myContacts,,,,,,,,,,,Mobile,052-5634010,,,,,,,,,,,,,,,,,,,,,,,,,,,,,,,,,,,,,,,,,,Home Page,www.g-media.org,,,,,,,,
יגאל,,,,,,,,,,SolarEdge,,,,,,* myContacts,,,,,,,,,,,Mobile,054-5372278,,,,,,,,,,,,,,,,,,,,,,,,,,,,,,,,,,,,,,,,,,,,,,,,,,,
יגאל,,כדורסל,,,,,,,,,,,,,,* myContacts,,,,,,,,,,,בית,+972584002040 ::: +972 58-400-2040,,,,,,,,,,,,,,,,,,,,,,,,,,,,,,,,,,,,,,,,,,,,,,,,,,,
יגאל רגר 143,,,,,,,,,,,,,,,,* myContacts,,,,,,,,,,,Mobile,+972528282460,,,,,,,,,,,,,,,,,,,,,,,,,,,,,,,,,,,,,,,,,,,,,,,,,,,
יהודה משה,,ערבית,,,,,,,,,,,,,,* myContacts,,,,,,,,,,,Mobile,+972 52-366-3860,,,,,,,,,,,,,,,,,,,,,,,,,,,,,,,,,,,,,,,,,,,,,,,,,,,
יהונתן,,וינברג,,,,,,,,מרחב,טרום חובה,גן,,ManagersName: קרן ורון,,Imported 8/1/13 ::: מרחב ::: Imported on 4/29 ::: * myContacts,* Other,ron@ecotrend.co.il,Other,kerenwein@gmail.com,,,,,,,Mobile,054-5434547,Other,054-6766595,,,,,,,,,,,,,,,,,,,,,,,,,,,,,,,,,,,,,,,,,,,,,,Photo,https://lh5.googleusercontent.com/-QlfQpvU8Hvw/V4y6kxdhF-I/AAAAAAAAAAA/kaETVqq6e6oR7ARlJgX3yv5YXxcvU9FnwCOQCEAE/photo.jpg,,
יואב,,ברוידו,,,,,,,,Merchav,,ו,,"Mobile Mom: 054-4328666
Mobile Dad: 054-4720756",,Imported 8/1/13 ::: Imported on 4/29 ::: * myContacts,* Other,broido@netvision.net.il,,,,,,,,,Home,7715523,,,,,,,,,,,Home,ברנדס 42 ג' רעננה,42 ג ברנדס,רעננה,,,,,,,,,,,,,,,,,,,,,,,,Manager,מוניקה וחורחה,,,,,,,,,,,,
יואב,,חנוכה,,,,,,,,Merchav,,ה,,"Mobile Mom: 052-5219798
Mobile Dad: 052-3858586",,Imported 8/1/13 ::: Imported on 4/29 ::: * myContacts,* Other,asphalt1@netvision.net.il,,,,,,,,,Home,7748306,,,,,,,,,,,Home,שביל הנרקיס 5 רעננה,5 שביל הנרקיס,רעננה,,,,,,,,,,,,,,,,,,,,,,,,Manager,פני ומשה,,,,,,,,,,,,
יואב,,ספקטור,,,,,,,,Merchav,,ב,,"Mobile Mom: 054-4498480
Mobile Dad: 054-4544323

ManagersName: דנה ובעז",,Imported 8/1/13 ::: מרחב ::: Imported on 4/29 ::: * myContacts,,,,,,,,,,,Mobile,054-4498480,Home,+972 775545770 ::: 09-7433405,Other,054-4544323,,,,,,,Home,"רח' הגדנ""ע 3
רעננה ::: השמש העולה 16 רמות, השבים","3 רח' הגדנ""ע ::: 16 השמש העולה","רעננה ::: רמות, השבים", ::: , ::: , ::: , ::: , ::: ,,,,,,,,,,,,,,,,,,,Manager,דנה ובעז,,,,,,,,,,,,
יואב,,קטן,,,,,,,,Merchav,,ג,,"Mobile Mom: 054-5203718
Mobile Dad: 054-7769473",,Imported 8/1/13 ::: Imported on 4/29 ::: * myContacts,* Other,acattan@yahoo.com,,,,,,,,,Home,7740545,,,,,,,,,,,Home,שפינוזה 49 רעננה,49 שפינוזה,רעננה,,,,,,,,,,,,,,,,,,,,,,,,Manager,דלית ואריאל,,,Other,fb://profile/1245462774,,,,,,,,
יואב,,שביט-ריביר,,,,,,,,Merchav,,חובה,,"Mobile Mom: 052-3252657
Mobile Dad: 054-7737602


ManagersName:טל ונמרוד",,Imported 8/1/13 ::: מרחב ::: Imported on 4/29 ::: * myContacts,* Other,Tal1Shavit@gmail.com,Other,"nimrod.rivier@gmail.com ::: tal@shavit.name, nimrod.rivier@gmail.com",,,,,,,Mobile,052-3252657,Home,9505656 ::: 09-9505656,Other,054-7737602,,,,,,,Home,"הדקל 16 הרצליה ::: הדקל 16, הרצליה",16 הדקל ::: 16 הדקל,הרצליה ::: הרצליה, ::: , ::: , ::: , ::: , ::: ,,,,,,,,,,,,,,,,,,,Manager,טל ונמרוד,,,,,,,,,Photo,https://lh5.googleusercontent.com/-5DH_0DsFnR8/V4ysqgxqViI/AAAAAAAAAAA/deZAtPrOlD0mu4kekm4Lxf29c6TGtFZxQCOQCEAE/photo.jpg,,
יואב,,שפירא,,,,,,,,מרחב,ב,צעירה,,ManagersName: יעל ויובל,,Imported 8/1/13 ::: מרחב ::: Imported on 4/29 ::: * myContacts,* Other,yuval@ganyarok.co.il,Other,yael@studioyael.co.il,,,,,,,Mobile,054-4433645,Home,077-5621317,Other,054-5686817,,,,,,,Home,"קבוץ גלויות 4 נווה עמל, הרצליה",4 קבוץ גלויות,הרצליה,,,,,נווה עמל,,,,,,,,,,,,,,,,,,,,,,,,,,,,,,,,
יובל,,דורון,,,,,,,,Merchav,,ד,,"Mobile Mom: 052-4421616
Mobile Dad: 050-6267936",,Imported 8/1/13 ::: Imported on 4/29 ::: * myContacts,* Other,doronda@netvision.net.il,,,,,,,,,Home,7728506,,,,,,,,,,,Home,התפוז 7 רעננה,7 התפוז,רעננה,,,,,,,,,,,,,,,,,,,,,,,,Manager,דלית ועדי,,,,,,,,,,,,
יובל,,דרעי,,,,,,,,מיטב דש,,,,,,* myContacts,* ,yuval.dry@meitavdash.co.il,,,,,,,,,Mobile,054-260-7264,,,,,,,,,,,,,,,,,,,,,,,,,,,,,,,,,,,,,,,,,,,,,,,,,,,
יובל,,הלפרין,,,,,,,,Merchav,,ו,,"Mobile Mom: 054-4850938
Mobile Dad: 052-3663311",,Imported 8/1/13 ::: Imported on 4/29 ::: * myContacts,* Other,renanana@netvision.net.il,,,,,,,,,Home,077-6633836,,,,,,,,,,,Home,קזן 31 רעננה,31 קזן,רעננה,,,,,,,,,,,,,,,,,,,,,,,,Manager,תמר ודורון,,,,,,,,,,,,
יובל,,חן,,,,,,,,חברת ע״וד,,,,,,* myContacts,,,,,,,,,,,Other,049929990,,,,,,,,,,,,,,,,,,,,,,,,,,,,,,,,,,,,,,,,,,,,,,,,,,,
יובל,,"מתקן מזגנים. סחבק, אבל לא משהו. ",,,,,,,,מזגנים,,,,,,* myContacts,,,,,,,,,,,Mobile,+972547780098,,,,,,,,,,,,,,,,,,,,,,,,,,,,,,,,,,,,,,,,,,,,,,,,,,,
יוכי,,וינר,,,,,,,,יוצאים ללמוד אנגלית,,,,,,* myContacts,* ,yochi.w.bu@gmail.com,,,,,,,,,Mobile,+972526698071,,,,,,,,,,,,,,,,,,,,,,,,,,,,,,,,,,,,,,,,,,,,,,,,,,,
יוליה,,שכנה,,,,,,,,,,,,,,* myContacts,,,,,,,,,,,Mobile,+972546969728,,,,,,,,,,,,,,,,,,,,,,,,,,,,,,,,,,,,,,,,,,,,,,,,,,,
יוני,,לרנר,,,,,,,,Merchav,,ד,,"Mobile Mom: 050-6611775
Mobile Dad: 052-2405858",,Imported 8/1/13 ::: Imported on 4/29 ::: * myContacts,* Other,"itzik.lerner@gmail.com, chamile@gmail.com",,,,,,,,,Home,077-3322049,,,,,,,,,,,Home,"אחוזה 244
רעננה",244 אחוזה,רעננה,,,,,,,,,,,,,,,,,,,,,,,,Manager,חמי ואיציק,,,,,,,,,,,,
יונית,,,,,,,,,,הראל,,,,,,* myContacts,,,,,,,,,,,Mobile,050-225-0230,,,,,,,,,,,,,,,,,,,,,,,,,,,,,,,,,,,,,,,,,,,,,,,,,,,
יונתן,,פרנסיס,,,,,,,,Merchav,,ה,,"Mobile Mom: 054-4946773
Mobile Dad: 054-4809416",,Imported 8/1/13 ::: Imported on 4/29 ::: * myContacts,* Other,jefrat@bezeqint.net,,,,,,,,,Home,7746493,,,,,,,,,,,Home,הנשר 78 רעננה,78 הנשר,רעננה,,,,,,,,,,,,,,,,,,,,,,,,Manager,אפרת וג'ף,,,,,,,,,,,,
יוסי אביטל טכנאי מיזוג אוויר,,,,,,,,,,יוסי אביטל טכנאי מיזוג אוויר,תיקון נזליה ומילוי גז בסלון 7/2024,,,,,* myContacts,,,,,,,,,,,Mobile,+972525912241,,,,,,,,,,,,,,,,,,,,,,,,,,,,,,,,,,,,,,,,,,,,,,,,,,,
יוסי,,אורנשטיין,,,,,,,,יוצאים ללמוד,,,,,,* myContacts,* ,yosef2820@gmail.com,,,,,,,,,,054-359-3778,,,,,,,,,,,,,,,,,,,,,,,,,,,,,,,,,,,,,,,,,,,,,,,,,,,
יוסי דודי שמש,,או טל סחר ?,,,,,,,,,,,,,,* myContacts,,,,,,,,,,,Mobile,+972 50-530-4746,,,,,,,,,,,,,,,,,,,,,,,,,,,,,,,,,,,,,,,,,,,,,,,,,,,
יוסי,,כץ,,,,,,,,Merchav,,פסיכולוג בית הספר,,,,Imported 8/1/13 ::: Imported on 4/29 ::: * myContacts,* Other,yosikatz@bezeqint.net,,,,,,,,,Home,052-3552448,,,,,,,,,,,,,,,,,,,,,,,,,,,,,,,,,,,,,,,,,,,,,,,,,,,
יוסי,מורה,נהיגה🚗,,,,,,,,,,,,,,* myContacts,,,,,,,,,,,בית,+972 50-524-2716,,,,,,,,,,,,,,,,,,,,,,,,,,,,,,,,,,,,,,,,,,,,,,,,,,,
יוסי,,סבאח כדורסל,,,,,,,,,,,,,,* myContacts,,,,,,,,,,,Mobile,+972 58-779-0113,,,,,,,,,,,,,,,,,,,,,,,,,,,,,,,,,,,,,,,,,,,,,,,,,,,
יוסף,,בנישטי,,,,,,,,,שמאי,,,,,* myContacts,,,,,,,,,,,Mobile,+972506361665,,,,,,,,,,,,,,,,,,,,,,,,,,,,,,,,,,,,,,,,,,,,,,,,,,,
יוסף,,יוצאים ללמוד,,,,,,,,,,,,,,* myContacts,* ,yosef322974163@gmail.com,,,,,,,,,Mobile,+972539695792,,,,,,,,,,,,,,,,,,,,,,,,,,,,,,,,,,,,,,,,,,,,,,,,,,,
יותם,,,,,,,,,,מורה לפסנתר,,,,,,Imported on 4/29 ::: * myContacts,,,,,,,,,,,Mobile,+972 52-536-6803,,,,,,,,,,,,,,,,,,,,,,,,,,,,,,,,,,,,,,,,,,,,,,,,,,,
יותם,,ברכה,,,,,,,,מרחב,חובה,גן,,ManagersName: שלומית ושלומי,,Imported 8/1/13 ::: מרחב ::: Imported on 4/29 ::: * myContacts,* Other,shlomi.shlomit@gmail.com,,,,,,,,,Mobile,0548196222,Home,097724037,Other,054-8197222,,,,,,,,,,,,,,,,,,,,,,,,,,,,,,,,,,,,,,,,,,,,,,,
יותם,,גרוס-חדד,,,,,,,,Merchav,,טרום,,"Mobile Mom: 054-4616799
Mobile Dad: 054-3168333",,Imported 8/1/13 ::: Imported on 4/29 ::: * myContacts,* Other,"shellyg@netvision.net.il, yarivh@dblur.com",,,,,,,,,Home,03-7414102,,,,,,,,,,,Home,"הברון הירש 5ג' ת""א",5ג הברון הירש,"ת""א",,,,,,,,,,,,,,,,,,,,,,,,Manager,שלי ויריב,,,,,,,,,,,,
יחיאל,,,,,,,,,,מחשבים - אלינה,,,,,,Imported on 4/29 ::: * myContacts,,,,,,,,,,,Mobile,050-5238088,,,,,,,,,,,,,,,,,,,,,,,,,,,,,,,,,,,,,,,,,,,,,,,,,,,
יניב לוינסון בדיקת קורונה,ביתית,PCR,,,,,,,,בדיקת קורונה בבית רונית קינן אמרה שהוא נחמד ובודק תינוקות. מעביר את הבדיקה כנראה לאסף הרופא או אסותא.,,,,,,* myContacts,,,,,,,,,,,Mobile,+972 54-659-8262,,,,,,,,,,,,,,,,,,,,,,,,,,,,,,,,,,,,,,,,,,Home Page,https://www.fastcorona.co.il/eng/,,,,,,,,
יעל גבע מורה,למתמטיקה,אוסטרובסקי,,,,,,,,,,,,,,Imported on 4/29 ::: * myContacts,* בית,yaelova@hotmail.com,,,,,,,,,נייד,+972 52-667-1785,,,,,,,,,,,,,,,,,,,,,,,,,,,,,,,,,,,,,,,,,,,,,,,,,,,
יעל,,ושאדי,,,,,,,,עוזרת,,,,,,* myContacts,,,,,,,,,,,Mobile,+972523589866,,,,,,,,,,,,,,,,,,,,,,,,,,,,,,,,,,,,,,,,,,,,,,,,,,,
יעל נוי,,בדרך להחלמה,,,,,,,,,,,,,,* myContacts,,,,,,,,,,,Mobile,+972547792875,,,,,,,,,,,,,,,,,,,,,,,,,,,,,,,,,,,,,,,,,,,,,,,,,,,
יעל פוטשניק,,פלד,,,,,,,,,,,,,,* myContacts,,,,,,,,,,,Mobile,+972522962255,,,,,,,,,,,,,,,,,,,,,,,,,,,,,,,,,,,,,,,,,,,,,,,,,,,
יעל,,פיין,,,,,,,,Merchav,,חונכת יסודית,,,,Imported 8/1/13 ::: Imported on 4/29 ::: * myContacts,* Other,fineyael@hotmail.com,,,,,,,,,Home,052-5014250               03-6995070,,,,,,,,,,,,,,,,,,,,,,,,,,,,,,,,,,,,,,,,,,,,,,,,,,,
יעל,,קרופך,,,,,,,,פיזיוטרפיה ורטיגו שועלי,,,,,,* myContacts,* ,shpz2019@clalit.org.il,,,,,,,,,,09-747-7957,,,,,,,,,,,,,,,,,,,,,,,,,,,,,,,,,,,,,,,,,,,,,,,,,,,
,,יעקב,,,,,,,,אינסטלטור,,,,,,* myContacts,,,,,,,,,,,אחר,+972522801063,,,,,,,,,,,,,,,,,,,,,,,,,,,,,,,,,,,,,,,,,,,,,,,,,,,
יעקב אבא,של,אורן,,,,,,,,,,,,,,* myContacts,,,,,,,,,,,נייד,+972 54-777-6606,,,,,,,,,,,,,,,,,,,,,,,,,,,,,,,,,,,,,,,,,,,,,,,,,,,
יעקב,,בן יוסף,,,,,,,,פרקט,,,,,,Imported on 4/29 ::: * myContacts,,,,,,,,,,,Mobile,0522561663,,,,,,,,,,,,,,,,,,,,,,,,,,,,,,,,,,,,,,,,,,,,,,,,,,,
יעקב,,הנגר,,,,,,,,,,,,,,* myContacts,,,,,,,,,,,Other,+972523375056,,,,,,,,,,,,,,,,,,,,,,,,,,,,,,,,,,,,,,,,,,,,,,,,,,,
יעקב,,זגורי,,,,,,,,מתקן דלתות ,,,,,,* myContacts,,,,,,,,,,,Mobile,+972 50-221-3127,,,,,,,,,,,,,,,,,,,,,,,,,,,,,,,,,,,,,,,,,,,,,,,,,,,
יעקב,,יוצאים ללמוד,,,,,,,,,,,,,,* myContacts,* Home,yaakovstrizower@gmail.com,,,,,,,,,Other,+972533958285,,,,,,,,,,,,,,,,,,,,,,,,,,,,,,,,,,,,,,,,,,,,,,,,,,,
יערה,,טאייב,,,,,,,,Merchav,,שילוב ילדים עם צרכים מיוחדים,,,,Imported 8/1/13 ::: Imported on 4/29 ::: * myContacts,* Other,yaaratayeb@yahoo.com,,,,,,,,,Home,050-3804812,,,,,,,,,,,,,,,,,,,,,,,,,,,,,,,,,,,,,,,,,,,,,,,,,,,
יערה,,נבו,,,,,,,,Gan Chiquititos,,,,Dad's Name: אשכול,,Imported 8/1/13 ::: Imported on 4/29 ::: * myContacts,,,,,,,,,,,Mobile,052-3869446,Home,7724485,,,,,,,,,Home,"התחייה 5 א \2
רעננה",התחייה 5 א \2,רעננה,,,,,,,,,,,,,,,,,,,,,,,,Manager,ענת,,,,,,,,,,,,
יערה,,שליט,,,,,,,,,,,,,,* myContacts,,,,,,,,,,,Mobile,+972528279555,,,,,,,,,,,,,,,,,,,,,,,,,,,,,,,,,,,,,,,,,,,,,,,,,,,
יערי,,אדום שני,,,,,,,,קומונת כרמיאל איגי,,,,,,* myContacts,,,,,,,,,,,Mobile,+972 50-634-8844,,,,,,,,,,,,,,,,,,,,,,,,,,,,,,,,,,,,,,,,,,,,,,,,,,,
יערי,,אדום-שני,,,,,,,,Merchav,,חובה,,"Mobile Mom: 054-7793864
Mobile Dad: 054-4902747",,Imported 8/1/13 ::: Imported on 4/29 ::: * myContacts,* Other,adomshni@netvision.net.il,,,,,,,,,Home,+972 9 745 4556,,,,,,,,,,,Home,הנשיאים 2 הוד השרון,2 הנשיאים,הוד השרון,,,,,,,,,,,,,,,,,,,,,,,,Manager,עידית ורועי,,,Sync.ME profile,http://sync.me/profile/pmvAK3dWfzPl4ezy0y7ibqqlH5qsV3VJtQ7UA9EFrTQ,,,,,Photo,https://www.google.com/s2/photos/private/AIbEiAIAAAAiCKP_6_LYlPDnERDlkaXj9qSzr5sBGIv82sCemu7CvQEwAbYg_3Htkkg8XSLiKI9HbHOA6veR,,
יפעה,,אשל,,,,,,,,Merchav,,ח,,Mobile Mom: 050-7252016,,Imported 8/1/13 ::: Imported on 4/29 ::: * myContacts,* Other,"yifa40@walla.com,  eshel_b@bezeqint.net",,,,,,,,,Home,09-9502608,,,,,,,,,,,Home,דרור 7 הרצליה 46301,7 דרור,הרצליה,,,46301,,,,,,,,,,,,,,,,,,,,,Manager,ליאורה,,,,,,,,,,,,
ירדן,,גולדין,,,,,,,,חבר של נגה,,,,,,* myContacts,,,,,,,,,,,Mobile,+972 52-856-0909,,,,,,,,,,,,,,,,,,,,,,,,,,,,,,,,,,,,,,,,,,,,,,,,,,,
ירדן,,דשא,,,,,,,,,,,,,,* myContacts,,,,,,,,,,,Mobile,+972586338976,,,,,,,,,,,,,,,,,,,,,,,,,,,,,,,,,,,,,,,,,,,,,,,,,,,
ירון,,ערבית,,,,,,,,,,,,,,* myContacts,,,,,,,,,,,Mobile,+972 50-574-7207,,,,,,,,,,,,,,,,,,,,,,,,,,,,,,,,,,,,,,,,,,,,,,,,,,,
ישראל,,וייס,,,,,,,,אונקולוגית בלינסון,,,,,,* myContacts,* ,bl2033100@clalit.org.il,,,,,,,,,,052-666-7414,,,,,,,,,,,,,,,,,,,,,,,,,,,,,,,,,,,,,,,,,,,,,,,,,,,
ישראל,,מתקן דוד הזית,,,,,,,,,,,,,,* myContacts,,,,,,,,,,,Mobile,+972502739661,,,,,,,,,,,,,,,,,,,,,,,,,,,,,,,,,,,,,,,,,,,,,,,,,,,
ישראל,,תמ״א דיירים סנהדרין,,,,,,,,,,,,,,* myContacts,,,,,,,,,,,Mobile,+972545547186,,,,,,,,,,,,,,,,,,,,,,,,,,,,,,,,,,,,,,,,,,,,,,,,,,,
כרמלה,,יודן,,,,,,,,,מורה מתקנת,,,,,Imported 8/1/13 ::: Imported on 4/29 ::: * myContacts,* ,carmelayu@walla.co.il,Work,carmelayu@walla.com,,,,,,,Mobile,054-499-5994,,,,,,,,,,,,,,,,,,,,,,,,,,,,,,,,,,,,,,,,,,,,,,,,,,,
לביא רונית,,,,,,,,,,,,,,,,Imported on 4/29 ::: * myContacts,,,,,,,,,,,נייד,052-379-6293,,,,,,,,,,,,,,,,,,,,,,,,,,,,,,,,,,,,,,,,,,,,,,,,,,,
לוטם,,ורדי,,,,,,,,מרחב,טרום חובה,גן,,ManagersName: אפרת ואיתן,,Imported 8/1/13 ::: מרחב ::: Imported on 4/29 ::: * myContacts,* Other,eitvar@gmail.com,Other,efratvar@gmail.com,,,,,,,Mobile,054-4864194,Other,054-2815011,,,,,,,,,Home,"איילת חן 2/8, הרצליה",2/8 איילת חן,הרצליה,,,,,,,,,,,,,,,,,,,,,,,,,,,,,,,,,,,,,
לושה,,קרן,,,,,,,,,,,,,https://lh3.googleusercontent.com/contacts/AG6tpzGbNg703gRy1HpnSgBS5cUTaEhQVarMcwOwH9NynaB1fu4OJbIH,* myContacts,,,,,,,,,,,Custom,+972 52-781-3116,,,,,,,,,,,,,,,,,,,,,,,,,,,,,,,,,,,,,,,,,,,,,,,,,,,
ליאור,,,,,,,,,,קידר אריק לביא,,,,,,* myContacts,,,,,,,,,,,Mobile,+972528381237,,,,,,,,,,,,,,,,,,,,,,,,,,,,,,,,,,,,,,,,,,,,,,,,,,,
ליאור ,,אופק,,,,,,,,,,,,,,* myContacts,,,,,,,,,,,Mobile,+972505293900,,,,,,,,,,,,,,,,,,,,,,,,,,,,,,,,,,,,,,,,,,,,,,,,,,,
ליאור,,חגי,,,,,,,,Gan Chiquititos,,,,"Dad's Name: אבי 
Mobile Dad: 052-8740189",,Imported 8/1/13 ::: Imported on 4/29 ::: * myContacts,* ,keren@bressler.co.il,,,,,,,,,Mobile,0,Home,7747202,,,,,,,,,Home,"המחתרות 22
רעננה",22 המחתרות,רעננה,,,,,,,,,,,,,,,,,,,,,,,,Manager,קרן,,,,,,,,,,,,
ליאור ,,כדורסל,,,,,,,,,,,,,,* myContacts,,,,,,,,,,,Mobile,054-227-8208,,,,,,,,,,,,,,,,,,,,,,,,,,,,,,,,,,,,,,,,,,,,,,,,,,,
ליאור,כורת,עצים,,,,,,,,,,,,,,* myContacts,,,,,,,,,,,Mobile,+972545827228,,,,,,,,,,,,,,,,,,,,,,,,,,,,,,,,,,,,,,,,,,,,,,,,,,,
ליאור,,ליבוביץ,,,,,,,,,,,,,,Imported 8/1/13 ::: Imported on 4/29 ::: * myContacts,* Other,rutil@health.gov.il,Other,ilan.leibo@gmail.com ::: lior.leibo@gmail.com,,,,,,,Mobile,050-7281449,Work,052-4262335 ::: 050-7265553,Home,03-6423183,,,,,,,,,,,,,,,,,,,,,,,,,,,,,,,,,,,,,,,,,,,,,,,
ליאור,,פז זבידה,,,,,,,,מתעניית בדירה באריק לביא,,,,,,* myContacts,,,,,,,,,,,Other,+972524216191,,,,,,,,,,,,,,,,,,,,,,,,,,,,,,,,,,,,,,,,,,,,,,,,,,,
ליאור שוורץ,,ניאו מוטורס מחלקת טרייד אין,,,,,,,,,,,,,,* myContacts,,,,,,,,,,,Mobile,+9720542550621,,,,,,,,,,,,,,,,,,,,,,,,,,,,,,,,,,,,,,,,,,,,,,,,,,,
ליהוא,,הררי,,,,,,,,מרחב,א,צעירה,,ManagersName: נועה ועידן,,Imported 8/1/13 ::: מרחב ::: Imported on 4/29 ::: * myContacts,* Other,edan_capoeira@yahoo.com,,,,,,,,,Mobile,054-6717720,Home,09-7434691,,,,,,,,,Home,"הטייסים 13, רעננה",13 הטייסים,רעננה,,,,,,,,,,,,,,,,,,,,,,,,,,,,,,,,,,,,,
ליהי,,,,,,,,,,,,,,,,* myContacts,,,,,,,,,,,Other,0508324282,,,,,,,,,,,,,,,,,,,,,,,,,,,,,,,,,,,,,,,,,,,,,,,,,,,
לימור,,סמט,,,,,,,,,,,,,,* myContacts,,,,,,,,,,,Mobile,+972546746781,,,,,,,,,,,,,,,,,,,,,,,,,,,,,,,,,,,,,,,,,,,,,,,,,,,
מאור,,דרורי,,,,,,,,Merchav,,אבטחה,,,,Imported 8/1/13 ::: Imported on 4/29 ::: * myContacts,,,,,,,,,,,Home,050-7513026,,,,,,,,,,,,,,,,,,,,,,,,,,,,,,,,,,,,,,,,,,,,,,,,,,,
מאי,,כהן,,,,,,,,Merchav,,ו,,"Mobile Mom: 054-5425833
Mobile Dad: 054-5414313",,Imported 8/1/13 ::: Imported on 4/29 ::: * myContacts,* Other,inbalco@gmail.com,,,,,,,,,Home,7745945,,,,,,,,,,,Home,שמואל הנגיד 31 רעננה 43420,31 שמואל הנגיד,רעננה,,,43420,,,,,,,,,,,,,,,,,,,,,Manager,ענבל ויובל,,,,,,,,,Photo,https://lh3.googleusercontent.com/-OX2NMoVCdBg/V4yrC2z3lCI/AAAAAAAAAAA/RWnkGL6PYwk7WWP8A50TxetRvVKJ-cdKQCOQCEAE/photo.jpg,,
מאיה,,,,,,,,,,,,,,,,* myContacts,,,,,,,,,,,Mobile,+972502269959,,,,,,,,,,,,,,,,,,,,,,,,,,,,,,,,,,,,,,,,,,,,,,,,,,,
מאיה,,כרמי,,,,,,,,Merchav,,ג,,"Mobile Mom: 054-4744944      
Mobile Dad: 054-5658173",,Imported 8/1/13 ::: Imported on 4/29 ::: * myContacts,* Other,drordana@gmail.com,,,,,,,,,Home,7744938,,,,,,,,,,,Home,משה סנה 1 רעננה,1 משה סנה,רעננה,,,,,,,,,,,,,,,,,,,,,,,,Manager,דנה ודרור,,,,,,,,,Photo,https://www.google.com/s2/photos/private/AIbEiAIAAAAhCKP_6_LYlPDnERCek4mZ0Zi-wQwYuNOpnOXV9-igATAB4nlFZ58wbyduBqKDU1LJJJzI18c,,
מאיה,,ענבר-הוד,,,,,,,,Merchav,,"חונכת חט""צ",,תאריך לידה: 10/5/1976,,Imported 8/1/13 ::: מרחב ::: Imported on 4/29 ::: * myContacts,* Other,mayainhod@gmail.com,,,,,,,,,Home,054-4585346,,,,,,,,,,,,,,,,,,,,,,,,,,,,,,,,,,,,,,,,,,Other,fb://profile/100000939589854,,,,,,,,
מאיה,,שחם,,,,,,,,Merchav,,טרום,,"Mobile Mom: 052-8902596
Mobile Dad: 052-2789218",,Imported 8/1/13 ::: Imported on 4/29 ::: * myContacts,* Other,"michalys@gmail.com,  shachams@gmail.com",,,,,,,,,Home,7716597,,,,,,,,,,,Home,הפעמונים 10/9 רעננה,10/9 הפעמונים,רעננה,,,,,,,,,,,,,,,,,,,,,,,,Manager,מיכל ושי,,,,,,,,,,,,
מאיר ריאות,,,,,,,,,,,,,,,,* myContacts,,,,,,,,,,,Other,+97297471556,,,,,,,,,,,,,,,,,,,,,,,,,,,,,,,,,,,,,,,,,,,,,,,,,,,
מדביר,,רונן,,,,,,,,,,,,,,* myContacts,,,,,,,,,,,נייד,+972 52-364-9248,,,,,,,,,,,,,,,,,,,,,,,,,,,,,,,,,,,,,,,,,,,,,,,,,,,
מודי שרות לקוחות,,לקוח 200034874,,,,,,,,,,,,,,* myContacts,,,,,,,,,,,Mobile,+97298360000 ::: 052-8731925,,,,,,,,,,,,,,,,,,,,,,,,,,,,,,,,,,,,,,,,,,,,,,,,,,,
מוסכי אגם שליו א.,ש.,"בע""מ",,,,,,,,,,,,,,* myContacts,,,,,,,,,,,Mobile,09-887-7344,,,,,,,,,,,,,,,,,,,,,,,,,,,,,,,,,,,,,,,,,,,,,,,,,,,
מור,,,,,,,,,,פוקוס ,,,,,,* myContacts,,,,,,,,,,,Other,0737966814,,,,,,,,,,,,,,,,,,,,,,,,,,,,,,,,,,,,,,,,,,,,,,,,,,,
מור,,,,,,,,,,,,,,,,* myContacts,,,,,,,,,,,Mobile,+972543071036,,,,,,,,,,,,,,,,,,,,,,,,,,,,,,,,,,,,,,,,,,,,,,,,,,,
מוריה,,רויז,,,,,,,,,,,,,,* myContacts,,,,,,,,,,,Mobile,+972 53-440-0074,,,,,,,,,,,,,,,,,,,,,,,,,,,,,,,,,,,,,,,,,,,,,,,,,,,
מזגנים,,בנצי,,,,,,,,,,,,,,Imported on 4/29 ::: * myContacts,,,,,,,,,,,בית,+972543160038,,,,,,,,,,,,,,,,,,,,,,,,,,,,,,,,,,,,,,,,,,,,,,,,,,,
מזל,,בנגיאט,,,,,,,,שקד מחשבים,,,,,,Imported 8/1/13 ::: Imported on 4/29 ::: * myContacts,* Work,mazalb@shaked.co.il,,,,,,,,,Work Fax,03-6877123,Work,03-6877444 שלוחה 115 ::: 073-2524499,,,,,,,,,Work,"נירים 3 תל אביב 67060
ת""ד 9398 תל אביב 6109","6109 9398
נירים 3 תל אביב 67060 ת""ד",תל אביב,,,,,,,,,,,,,,,,,,,,,,,,,,,,,,,,,,,,,
מטווח/חנות הרצליה,,,,,,,,,,,,,,,,* myContacts,,,,,,,,,,,,,,,,,,,,,,,,,,,,,,,,,,,,,,,,,,,,,,,,,,,,,,,,,,,,,,,
מידרג בוט,,,,,,,,,,מידרג בוט,,,,,,* myContacts,,,,,,,,,,,Mobile,+972556891818,,,,,,,,,,,,,,,,,,,,,,,,,,,,,,,,,,,,,,,,,,,,,,,,,,,
מיה,,עמרני,,,,,,,,Gan Chiquititos,,,,"Dad's Name: טל 
Mobile Dad: 050-6887979",,Imported 8/1/13 ::: Imported on 4/29 ::: * myContacts,,,,,,,,,,,Mobile,050-6878858,Home,077-3200009,,,,,,,,,Home,"המייסדים 5
רעננה",5 המייסדים,רעננה,,,,,,,,,,,,,,,,,,,,,,,,Manager,פאולה,,,,,,,,,,,,
מיה,,קרן-שגיב,,,,,,,,מרחב,טרום חובה,גן,,ManagersName: תמי ויובל,,Imported 8/1/13 ::: מרחב ::: Imported on 4/29 ::: * myContacts,* Other,tammykeren@gmail.com,,,,,,,,,Mobile,054-5888851,Home,09-7411321,,,,,,,,,Home,"הגליל 19, דירה7) רעננה",דירה7 19 הגליל,רעננה,,,,,,,,,,,,,,,,,,,,,,,,,,,,,,,,,,Photo,https://lh3.googleusercontent.com/-29HB25ybXyQ/V4y0VnlIhUI/AAAAAAAAAAA/w0Ty8FNW3QMDleDfefiv0KxCoulHNDO6QCOQCEAE/photo.jpg,,
מייקי,,פרנסיס,,,,,,,,Merchav,,ג,,"Mobile Mom: 054-4946773
Mobile Dad: 054-4809416",,Imported 8/1/13 ::: Imported on 4/29 ::: * myContacts,* Other,jefrat@bezeqint.net,,,,,,,,,Home,7746493,,,,,,,,,,,Home,הנשר 78 רעננה,78 הנשר,רעננה,,,,,,,,,,,,,,,,,,,,,,,,Manager,אפרת וג'ף,,,,,,,,,,,,
מיכאל,,,,,,,,,,הלל,,,,,,* myContacts,,,,,,,,,,,Mobile,+972544499117,,,,,,,,,,,,,,,,,,,,,,,,,,,,,,,,,,,,,,,,,,,,,,,,,,,
מיכאל,,,,,,,,,,אביר תמיכה טכנית אופניים,מתקן אופני כושר,,,,,* myContacts,,,,,,,,,,,Other,+972509805262,,,,,,,,,,,,,,,,,,,,,,,,,,,,,,,,,,,,,,,,,,,,,,,,,,,
מיכאל,,בן חמו,,,,,,,,כדורסל,,,,,,Imported on 4/29 ::: * myContacts,,,,,,,,,,,Mobile,+972 54-486-3668,,,,,,,,,,,,,,,,,,,,,,,,,,,,,,,,,,,,,,,,,,,,,,,,,,,
מיכאל,,דישון-קולודני,,,,,,,,מרחב,ג,צעירה,,ManagersName: הילה ואורי,https://lh3.googleusercontent.com/contacts/AG6tpzEMye1BptUkK6A2YQHbz8NgxRYzvR_61gClpmmgo8gYZ0bF9vMm,Imported 8/1/13 ::: מרחב ::: Imported on 4/29 ::: * myContacts,* Home,uri.kolodny@sloan.mit.edu,Other,uri@mondriatech.com ::: hilla.dishon@gmail.com,Home,uri.kolodny@gmail.com,,,,,Other,617-953-1640,Mobile,+972-54-305-1828 ::: 054-5304193,Home,09-7462247,,,,,,,Home,"דרך ההדרים 45, שדה ורבורג",45 דרך ההדרים,שדה ורבורג,,,,,,,,,,,,,,,,,,,,,,,,,,,,Profile,http://www.google.com/profiles/117847567357333743349,,,,,,,,
מיכאל,,צרף,,,,,,,,מכונת כביסה,"(איחר, אבל עשה עבודה טובה)",,,,,* myContacts,,,,,,,,,,,Other,0544772813,,,,,,,,,,,,,,,,,,,,,,,,,,,,,,,,,,,,,,,,,,,,,,,,,,,
מיכאלה,,פרסיאדו,,,,,,,,Meitarim,,,1997-08-23,"כיתה: ז
Mobile Mom: 054-4533745
Dad's Name: עמית
Mobile Dad: 054-4540504",,Imported 8/1/13 ::: Imported on 4/29 ::: * myContacts,* Other,macorin2@walla.com,Other,amit@snapir.com,,,,,,,Mobile,054-4364653,Home,09-9510828,,,,,,,,,Home,"ליברמן 16
הרצליה 46333",16 ליברמן,הרצליה,,,46333,,,,,,,,,,,,,,,,,,,,,Manager,מעינה קורינלדי,,,,,,,,,,,,
מיכל,בנק,לאומי,,,,,,,,,,,,,,* myContacts,,,,,,,,,,,Work,+972 76-866-8837,,,,,,,,,,,,,,,,,,,,,,,,,,,,,,,,,,,,,,,,,,,,,,,,,,,
מיכל,,דייג,,,,,,,,מטרו ווסט - ביו טכנולוגיה,,,,,,* myContacts,,,,,,,,,,,Mobile,+972546220913,,,,,,,,,,,,,,,,,,,,,,,,,,,,,,,,,,,,,,,,,,,,,,,,,,,
מיכל,,כהן,,,,,,,,Merchav,,מזכירה,,,,Imported 8/1/13 ::: Imported on 4/29 ::: * myContacts,,,,,,,,,,,Mobile,+972 54-463-0870,Home,054-7700827,,,,,,,,,,,,,,,,,,,,,,,,,,,,,,,,,,,,,,,,,,,,,,Photo,https://lh3.googleusercontent.com/-qwlhtV7zeDM/WBMGrZem3RI/AAAAAAAAAAA/Nf8-YLcGDqg_xMFMDOBt_fHh23b7X5jLgCOQCEAE/photo.jpg,,
מיכל,,פומרנץ,,,,,,,,Merchav,,חובה,,"Mobile Mom: 054-4944886
Mobile Dad: 054-4333486",,Imported 8/1/13 ::: Imported on 4/29 ::: * myContacts,* Other,ayalapom@gmail.com,,,,,,,,,Home,9513011,,,,,,,,,,,Home,ההגנה 70 הרצליה,70 ההגנה,הרצליה,,,,,,,,,,,,,,,,,,,,,,,,Manager,אילה ועומר,,,,,,,,,,,,
מינו,,עמוסי,,,,,,,,אינסטלטור טוב,,,,,,* myContacts,,,,,,,,,,,Other,+972502581404,,,,,,,,,,,,,,,,,,,,,,,,,,,,,,,,,,,,,,,,,,,,,,,,,,,
מיקי,,אוזנה,,,,,,,,Merchav,,,,,,Imported 8/1/13 ::: Imported on 4/29 ::: * myContacts,* Other,miki_mahoo@walla.com,Other,miki_mahoo@walla.co.il,,,,,,,Home,052-6881670,,,,,,,,,,,,,,,,,,,,,,,,,,,,,,,,,,,,,,,,,,,,,,,,,,,
מיקי,,סרנה,,,,,,,,Merchav,,ב,,"Mobile Mom: 054-4711776
Mobile Dad: 050-4711776

ManagersName: יפעת ומיקי",,Imported 8/1/13 ::: מרחב ::: Imported on 4/29 ::: * myContacts,,,,,,,,,,,Mobile,054-4711776,Home,09-7401441,Other,050-4711776,,,,,,,Home,"הברושים 19 רמות השבים ::: המעיין 4 ::: המעיין 4, רעננה",19 הברושים ::: המעיין 4 ::: 4 המעיין,רמות השבים :::  ::: רעננה, :::  ::: , :::  ::: , :::  ::: , :::  ::: , :::  ::: ,,,,,,,,,,,,,,,,,,,Manager,יפעת ומיקי,,,,,,,,,,,,
מירה,,בר-נר ניצן,,,,,,,,שכנים,,,,,,Imported on 4/29 ::: * myContacts,,,,,,,,,,,Other,0547729741,,,,,,,,,,,,,,,,,,,,,,,,,,,,,,,,,,,,,,,,,,,,,,,,,,,
מירון,,סקופ,,,,,,,,Merchav,,ה,,"Mobile Mom: 052-5257466
Mobile Dad: 523636385",,Imported 8/1/13 ::: מרחב ::: Imported on 4/29 ::: * myContacts,* Other,ronitskop@gmail.com,Other,"ronitskop@yahoo.com, ronitskop@gmail.com",,,,,,,Home,7437270 ::: 052-2224481,,,,,,,,,,,Home,קרן היסוד 24 רעננה,24 קרן היסוד,רעננה,,,,,,,,,,,,,,,,,,,,,,,,Manager,רונית ונמרון,,,Other,fb://profile/1079003706,,,,,Photo,https://lh3.googleusercontent.com/-8_YtJHC6Ny4/V4yx-c2lQTI/AAAAAAAAAAA/5Aiuj8P21XoLT2WS0YEf6ee4QHu8ow4fACOQCEAE/photo.jpg,,
מירי גור,,ערבית,,,,,,,,,,,,,,* myContacts,,,,,,,,,,,Mobile,+972 52-501-2878,,,,,,,,,,,,,,,,,,,,,,,,,,,,,,,,,,,,,,,,,,,,,,,,,,,
מירית,בנק,לאומי,,,,,,,,,,,,,,* myContacts,,,,,,,,,,,Work,+972 76-866-8839,,,,,,,,,,,,,,,,,,,,,,,,,,,,,,,,,,,,,,,,,,,,,,,,,,,
מיתרים מתמטיקה,ערן,סקלה,,,,,,,,,,,,,,Imported on 4/29 ::: * myContacts,,,,,,,,,,,נייד,+972544866335,,,,,,,,,,,,,,,,,,,,,,,,,,,,,,,,,,,,,,,,,,,,,,,,,,,
מיתרים,,רעננה,,,,,,,,Meitarim,,,,,,Imported 8/1/13 ::: Imported on 4/29 ::: * myContacts,* Other,office@meitarimraanana.org,Other,meitarimraanana@bezeqint.net,,,,,,,Work,+972 (9) 7724174 ::: +972 (9) 7724175,,,,,,,,,,,,,,,,,,,,,,,,,,,,,,,,,,,,,,,,,,Home Page,www.meitarimraanana.org,Sync.ME profile,http://sync.me/profile/f6qhmb5akcn8gh8nkNSxDHKGgpotS9jD4ThdetuAx-5rqvV4_RCY ::: http://sync.me/profile/dv1qe0MgT8EmNg5ZbmrwuoSOuJyzhPjPBb9zT8CdHLAkyGdfVn9v,,,Photo,https://www.google.com/s2/photos/private/AIbEiAIAAAAiCKP_6_LYlPDnERDUkuGymv6Uh_UBGIiTlJvlwMHohAEwAWxfvBt1XlsApaxwr4WwD5J6djj6,,
מכון,,קרינה,,,,,,,,,,,,,,* myContacts,,,,,,,,,,,Mobile,03-697-2508,,,,,,,,,,,,,,,,,,,,,,,,,,,,,,,,,,,,,,,,,,,,,,,,,,,
מכונת קפה שירות,,,,,,,,,,,,,,,,* myContacts,,,,,,,,,,,Mobile,+972548975400,,,,,,,,,,,,,,,,,,,,,,,,,,,,,,,,,,,,,,,,,,,,,,,,,,,
מנורה ביטוח חול,,,,,,,,,,,,,,,,* myContacts,,,,,,,,,,,Mobile,+972549940911,,,,,,,,,,,,,,,,,,,,,,,,,,,,,,,,,,,,,,,,,,,,,,,,,,,
מני,יקותיאל,כדורסל,,,,,,,,,,,,,,* myContacts,,,,,,,,,,,בית,+972 54-657-4775,,,,,,,,,,,,,,,,,,,,,,,,,,,,,,,,,,,,,,,,,,,,,,,,,,,
מעיין,,איכנגרין,,,,,,,,Gan Chiquititos,,,,"Dad's Name: אלדד
Mobile Dad: 050-3850990",,Imported 8/1/13 ::: Imported on 4/29 ::: * myContacts,,,,,,,,,,,Mobile,052-3966030,Home,7722108,,,,,,,,,Home,"מורדי הגטאות 29/ א
רעננה",29/ א מורדי הגטאות,רעננה,,,,,,,,,,,,,,,,,,,,,,,,Manager,הדס,,,,,,,,,,,,
מקרן,,,,,,,,,,אודיו אקוסטיקס - הקרנות וסאונד,,,,,,* myContacts,,,,,,,,,,,Main,052-644-4410,,,,,,,,,,,Home,"שח""ל 20, הרצליה, ישראל","20 שח""ל",הרצליה,,,,ישראל,,,,,,,,,,,,,,,,,,,,,,,,Other,http://www.phase.co.il/ ::: https://plus.google.com/104503049770111754952/about,,,,,,,,
מרים,,טל,,,,,,,,,,,,,,Imported on 4/29 ::: * myContacts,,,,,,,,,,,Other,+972 9-958-0306 ::: +972524480172,,,,,,,,,,,,,,,,,,,,,,,,,,,,,,,,,,,,,,,,,,,,,,,,,,,
מרים מתעניינת בטויוטה,,,,,,,,,,,,,,,,* myContacts,,,,,,,,,,,Other,+972506895111,,,,,,,,,,,,,,,,,,,,,,,,,,,,,,,,,,,,,,,,,,,,,,,,,,,
מרכז לבריאות הנפש שלוותה מקבוצת כללית,,,,,,,,,,מרכז לבריאות הנפש שלוותה מקבוצת כללית,,,,,,* myContacts,,,,,,,,,,,Mobile,+972 50-619-1023,,,,,,,,,,,,,,,,,,,,,,,,,,,,,,,,,,,,,,,,,,,,,,,,,,,
מרכז תיאום,,בדרך להחלמה,,,,,,,,,,,,,,* myContacts,,,,,,,,,,,Other,+972747582715,,,,,,,,,,,,,,,,,,,,,,,,,,,,,,,,,,,,,,,,,,,,,,,,,,,
מרסל,מטרו,ברגר,,,,,,,,,,,,,,* myContacts,,,,,,,,,,,בית,+972528534776,,,,,,,,,,,,,,,,,,,,,,,,,,,,,,,,,,,,,,,,,,,,,,,,,,,
,,מרפאת גב מאיר,,,,,,,,,,,,,,* myContacts,,,,,,,,,,,Mobile,09-747-2643,,,,,,,,,,,,,,,,,,,,,,,,,,,,,,,,,,,,,,,,,,,,,,,,,,,
מרפאת קצב תל השומר,,,,,,,,,,,,,,,,* myContacts,,,,,,,,,,,Mobile,03-530-5330,,,,,,,,,,,,,,,,,,,,,,,,,,,,,,,,,,,,,,,,,,,,,,,,,,,
מתאמת ניתוחים מרפאת א.א.ג - אסיא מדיקל,,,,,,,,,,מתאמת ניתוחים מרפאת א.א.ג - אסיא מדיקל,,,,,,* myContacts,,,,,,,,,,,Mobile,+972545592220,,,,,,,,,,,,,,,,,,,,,,,,,,,,,,,,,,,,,,,,,,,,,,,,,,,
מתן גולדנברג,,יוצאים ללמוד,,,,,,,,,,,,,,* myContacts,,,,,,,,,,,Mobile,+972509101093,,,,,,,,,,,,,,,,,,,,,,,,,,,,,,,,,,,,,,,,,,,,,,,,,,,
מתן,,סרי,,,,,,,,,,,,,,* myContacts,* Home,matanserry@gmail.com,,,,,,,,,Mobile,+972546230996,,,,,,,,,,,,,,,,,,,,,,,,,,,,,,,,,,,,,,,,,,,,,,,,,,,
מתעניין בטויוטה מהדרום,,,,,,,,,,,,,,,,* myContacts,,,,,,,,,,,Other,+972542515103,,,,,,,,,,,,,,,,,,,,,,,,,,,,,,,,,,,,,,,,,,,,,,,,,,,
מתקין פייבר ,,,,,,,,,,,,,,,,* myContacts,,,,,,,,,,,Mobile,053-822-5931,,,,,,,,,,,,,,,,,,,,,,,,,,,,,,,,,,,,,,,,,,,,,,,,,,,
נאוה זמני,,,,,,,,,,,,,,,,* myContacts,,,,,,,,,,,Mobile,+972555197659,,,,,,,,,,,,,,,,,,,,,,,,,,,,,,,,,,,,,,,,,,,,,,,,,,,
נאור,,,,,,,,,,אנאליסט,,,,,,* myContacts,,,,,,,,,,,Mobile,050-313-3426,,,,,,,,,,,,,,,,,,,,,,,,,,,,,,,,,,,,,,,,,,,,,,,,,,,
נגה,,קב,,,,,,,,מרחב,ב,צעירה,,ManagersName: דורית ואודי,,Imported 8/1/13 ::: מרחב ::: Imported on 4/29 ::: * myContacts,* Other,udi@tmura.co.il,Other,dorit@tmura.co.il,,,,,,,Mobile,052-8591376,Home,09-9517393,Other,052-2457633,,,,,,,Home,"הדקל 17, הרצליה",17 הדקל,הרצליה,,,,,,,,,,,,,,,,,,,,,,,,,,,,,,,,,,,,,
נגה,,קומאי,,,,,,,,Merchav,,ז,,"Mobile Mom: 054-4415476
Mobile Dad: 054-4715474",,Imported 8/1/13 ::: Imported on 4/29 ::: * myContacts,* Other,ofer@charactell.com; ulicomay@yahoo.com,,,,,,,,,Home,09-7601861,,,,,,,,,,,Home,הכלנית 5 גן חיים,5 הכלנית,גן חיים,,,,,,,,,,,,,,,,,,,,,,,,Manager,עופר ועולי,,,,,,,,,,,,
נדב,,אוהלים,,,,,,,,,,,,,,Imported on 4/29 ::: * myContacts,,,,,,,,,,,Mobile,+972 52-335-5448,,,,,,,,,,,,,,,,,,,,,,,,,,,,,,,,,,,,,,,,,,,,,,,,,,,
נוגה,,אוסין,,,,,,,,Merchav,,ה,,"Mobile Mom: 054-4522483
Mobile Dad: 054-3992029",,Imported 8/1/13 ::: Imported on 4/29 ::: * myContacts,* Other,mickeyo@012.net.il,,,,,,,,,Home,7712250,,,,,,,,,,,Home,הנשר 55 רעננה,55 הנשר,רעננה,,,,,,,,,,,,,,,,,,,,,,,,Manager,מיקי וחיים,,,,,,,,,,,,
נוה,,שבתאי-לוין,,,,,,,,HP Software,,חובה,,"Mobile Mom: 052-3683699
Mobile Dad: 057-8124389


ManagersName: אלמוג ועמרי",,Imported 8/1/13 ::: מרחב ::: Imported on 4/29 ::: * myContacts,* Other,almoglevin@gmail.com,,,,,,,,,Mobile,052-3683699,Home,09-7481898,Other,057-8124389,,,,,,,Home,"ברנר 18/4 רעננה ::: רחוב החי""ל 29/8, רעננה","18/4 ברנר ::: 29/8 רחוב החי""ל",רעננה ::: רעננה, ::: , ::: , ::: , ::: , ::: ,,,,,,,,,,,,,,,,,,,Manager,אלמוג ועמרי,,,,,,,,,,,,
נועה,,ברדה,,,,,,,,,,,,,,Imported 8/1/13 ::: Imported on 4/29 ::: * myContacts,* Other,ilana@barda.biz,Other,mark@barda.biz ::: noa@barda.biz,,,,,,,Mobile,052-5826644,Work,052-5758811 ::: 052-5577992,Home,09-7969444,,,,,,,,,,,,,,,,,,,,,,,,,,,,,,,,,,,,,,Sync.ME profile,http://sync.me/profile/bxLnab2lec8V86vcjzq_905xz0S_Q8FCiamn5WnqnAYioSgOk8fcYQP0MTUh3qdatxup,,,,,Photo,https://lh6.googleusercontent.com/-Qv0SDuo7QXw/V4yk8HLtTrI/AAAAAAAAAAA/ifDkgAeDubcnNjhHbmzjTyPj78Z8q6FHwCOQCEAE/photo.jpg,,
נועה,,דך,,,,,,,,Gan Chiquititos,,,,"Dad's Name: אורון
Mobile Dad: 052-6766604",,Imported 8/1/13 ::: Imported on 4/29 ::: * myContacts,* Other,shirlydach@walla.com,,,,,,,,,Mobile,054-5440690,Home,7729152,,,,,,,,,Home,"הגלבוע 8
רעננה",8 הגלבוע,רעננה,,,,,,,,,,,,,,,,,,,,,,,,Manager,שירלי,,,,,,,,,,,,
נועה,,דניאל,,,,,,,,Gan Chiquititos,,,,"Dad's Name: אלון
Mobile Dad: 054-7335565",,Imported 8/1/13 ::: Imported on 4/29 ::: * myContacts,,,,,,,,,,,Mobile,054-4925497,Home,7727021,,,,,,,,,Home,"רימלט 15
רעננה",15 רימלט,רעננה,,,,,,,,,,,,,,,,,,,,,,,,Manager,מאיה,,,,,,,,,,,,
נועה,,מפקדת,,,,,,,,,,,,,,Imported on 4/29 ::: * myContacts,,,,,,,,,,,Mobile,+972522785177,,,,,,,,,,,,,,,,,,,,,,,,,,,,,,,,,,,,,,,,,,,,,,,,,,,
נועה,,נצר אל,,,,,,,,Meitarim,,,1997-05-26,"כיתה: ז
Mobile Mom: 054-8884723
Dad's Name: מנשה
Mobile Dad: 052-677888",,Imported 8/1/13 ::: Imported on 4/29 ::: * myContacts,* Other,irit.nezarel@teva.co.il,Other,nmie@zahav.net.il,,,,,,,Mobile,052-6778980,Home,09-9558032,,,,,,,,,Home,"ליברמן 16
הרצליה 46333",16 ליברמן,הרצליה,,,46333,,,,,,,,,,,,,,,,,,,,,Manager,אירית,,,,,,,,,,,,
נועה,,שטיינברג,,,,,,,,Gan Chiquititos,,,,"Dad's Name: מרקוס
Mobile Dad: 052-2778217",,Imported 8/1/13 ::: Imported on 4/29 ::: * myContacts,* ,marinagr@012.net.il,,,,,,,,,Mobile,050-7200598,Home,7745398,,,,,,,,,Home,"רימלט 7/10
רעננה",7/10 רימלט,רעננה,,,,,,,,,,,,,,,,,,,,,,,,Manager,מרינה,,,,,,,,,Photo,https://www.google.com/s2/photos/private/AIbEiAIAAAAiCKP_6_LYlPDnERD3nrXe5YnI8ZsBGKjE2vyL7qPThgEwAakwf8RlBX3x1KA4E595-dkbehN9,,
נועם,,יוסף,,,,,,,,מרחב,ו,יסודית,,ManagersName: אסתי ואמיר,,Imported 8/1/13 ::: מרחב ::: Imported on 4/29 ::: * myContacts,* Other,esti.yosef@gmail.com,,,,,,,,,Mobile,052-2685625,Home,03-5477904,Other,052-4391144,,,,,,,Home,"בן שלום 32 רמת, השרון",32 בן שלום,"רמת, השרון",,,,,,,,,,,,,,,,,,,,,,,,,,,,,,,,,,,,,
 נורית מלניק,,בואונדבר,,,,,,,,בואונדבר,,,,,,* myContacts,,,,,,,,,,,נייד,+972 54-560-9138,,,,,,,,,,,,,,,,,,,,,,,,,,,,,,,,,,,,,,,,,,,,,,,,,,,
נורית,,קייזר,,,,,,,,ריידלר סוכנות לביטוח,מנהלת תיק לקוחות,,,"שגיא יוגב סוכנויות ביטוח (1988) בע""מ",,Imported 8/1/13 ::: Imported on 4/29 ::: * myContacts,* Home,nuritk@reidler.co.il,,,,,,,,,Mobile,+972-54-3170865 ::: +972-73-2869865,Work,+972-3-9270865,,,,,,,,,,,,,,,,,,,,,,,,,,,,,,,,,,,,,,,,Sync.ME profile,http://sync.me/profile/jm3V_tolxfarsqkHY50QVxOOMvuZ9z5QJhsFDPXGTtbYfeU5_DEiic0mj_L1hQ,,,,,Photo,https://lh3.googleusercontent.com/-w1Gwn3cgAlQ/V4ymjKOKtOI/AAAAAAAAAAA/M3mM9xu5vB8lr9DJ8TTu-123pnqL7FdrwCOQCEAE/photo.jpg,,
נטלי,,,,,,,,,,שרוף העין השביעית,,,,,,* myContacts,,,,,,,,,,,Other,+972515346969,,,,,,,,,,,,,,,,,,,,,,,,,,,,,,,,,,,,,,,,,,,,,,,,,,,
ניב,,מנור,,,,,,,,Merchav,,ח,,"Mobile Mom: 054-8117881
Mobile Dad: 052-2218286",,Imported 8/1/13 ::: Imported on 4/29 ::: * myContacts,* Other,hagit_pm@yahoo.com,,,,,,,,,Home,9573494,,,,,,,,,,,Home,הרב קוק 71 הרצליה,71 הרב קוק,הרצליה,,,,,,,,,,,,,,,,,,,,,,,,Manager,חגית ואמיל,,,,,,,,,,,,
ניצן,,,,,,,,,,קדמה סולארי,,,,,,Imported on 4/29 ::: * myContacts,,,,,,,,,,,Other,0524200510,,,,,,,,,,,,,,,,,,,,,,,,,,,,,,,,,,,,,,,,,,,,,,,,,,,
ניצן,,,,,,,,,,איגי רעננה,,,,,,Imported on 4/29 ::: * myContacts,,,,,,,,,,,Mobile,+972549009383,,,,,,,,,,,,,,,,,,,,,,,,,,,,,,,,,,,,,,,,,,,,,,,,,,,
ניצן,,דביר,,,,,,,,Gan Chiquititos,,,,"Dad's Name: מורן
Mobile Dad: 057-8133460",,Imported 8/1/13 ::: Imported on 4/29 ::: * myContacts,,,,,,,,,,,Mobile,052-3583294,,,,,,,,,,,Home,רעננה,,רעננה,,,,,,,,,,,,,,,,,,,,,,,,Manager,מיכל,,,,,,,,,,,,
ניצן,,שלוי,,,,,,,,Merchav,,ה,,"Mobile Mom: 052-2344748
Mobile Dad: 054-7554470",,Imported 8/1/13 ::: Imported on 4/29 ::: * myContacts,* Other,oshalvi@yahoo.com; otnakali@yahoo.com,,,,,,,,,Home,077-4040995,,,,,,,,,,,Home,חנה סנש 15 רעננה,15 חנה סנש,רעננה,,,,,,,,,,,,,,,,,,,,,,,,Manager,תמר ואופיר,,,,,,,,,,,,
ניר,,גורביץ,,,,,,,,בדק בית,,,,,,* myContacts,,,,,,,,,,,Other,0777298430,,,,,,,,,,,,,,,,,,,,,,,,,,,,,,,,,,,,,,,,,,,,,,,,,,,
ניר,,קריסטל,,,,,,,,,,,,,,* myContacts,,,,,,,,,,,Mobile,+972 54-433-4118 ::: +972 54-433-4118,,,,,,,,,,,,,,,,,,,,,,,,,,,,,,,,,,,,,,,,,,,,,,,,,,,
ניר,,תאונה,,,,,,,,,,,,,,* myContacts,,,,,,,,,,,Mobile,+9720505209707,,,,,,,,,,,,,,,,,,,,,,,,,,,,,,,,,,,,,,,,,,,,,,,,,,,
נירה,,ציפין,,,,,,,,מרחב,פסיכולוגית חינוכית,צוות,,,,Imported 8/1/13 ::: מרחב ::: Imported on 4/29 ::: * myContacts,,,,,,,,,,,Home,050-7321415,,,,,,,,,,,,,,,,,,,,,,,,,,,,,,,,,,,,,,,,,,,,,,,,,,,
נירית,,,,,,,,,,4:30 הזית,,,,,,* myContacts,,,,,,,,,,,Other,0503666530,,,,,,,,,,,,,,,,,,,,,,,,,,,,,,,,,,,,,,,,,,,,,,,,,,,
ניתאי,,הדרים - ורטיגו,,,,,,,,,,,,,,* myContacts,,,,,,,,,,,נייד,+972528449357,,,,,,,,,,,,,,,,,,,,,,,,,,,,,,,,,,,,,,,,,,,,,,,,,,,
נמרוד,,"הייטק, אקזיט, פאב",,,,,,,,,,,,,,* myContacts,,,,,,,,,,,Mobile,+972542300409,,,,,,,,,,,,,,,,,,,,,,,,,,,,,,,,,,,,,,,,,,,,,,,,,,,
נמרוד,,ויזניצר,,,,,,,,שכן האופק 3,,,,,,* myContacts,,,,,,,,,,,Other,+972523396384,,,,,,,,,,,,,,,,,,,,,,,,,,,,,,,,,,,,,,,,,,,,,,,,,,,
נס,,,,,,,,,,ללא גלוטן,,,,,,* myContacts,,,,,,,,,,,,,,,,,,,,,,,,,,,,,,,,,,,,,,,,,,,,,,,,,,,,,,,,,,,,,,,
נעה,,גילת,,,,,,,,Merchav,,ה,,"Mobile Mom: 054-7950666
Mobile Dad: 054-4597044",,Imported 8/1/13 ::: Imported on 4/29 ::: * myContacts,* Other,gilatoa@012.net.il,,,,,,,,,Home,077-8844234,,,,,,,,,,,Home,הנשר 86 רעננה,86 הנשר,רעננה,,,,,,,,,,,,,,,,,,,,,,,,Manager,עפר וענת,,,Sync.ME profile,http://sync.me/profile/t6_O-vdGviq6j1MoYa9YBZQtQKQCjifztaeD2cfy,,,,,Photo,https://lh5.googleusercontent.com/-dZTUV531ta8/V4yrALlcPJI/AAAAAAAAAAA/ZnlAxdOcs5g4rm-tonF-UDQIFpKPAbj6ACOQCEAE/photo.jpg,,
נעה,,חברה של הדס כפר סבא,,,,,,,,,,,,,,* myContacts,,,,,,,,,,,Other,0542268022,,,,,,,,,,,,,,,,,,,,,,,,,,,,,,,,,,,,,,,,,,,,,,,,,,,
נעה,,כהן,,,,,,,,Merchav,,ה,,"Mobile Mom: 054-4641841
Mobile Dad: 052-2786123",,Imported 8/1/13 ::: Imported on 4/29 ::: * myContacts,* Other,yaelcohen40@walla.com,,,,,,,,,Home,7486174,,,,,,,,,,,Home,חנקין 66 רעננה,66 חנקין,רעננה,,,,,,,,,,,,,,,,,,,,,,,,Manager,יעל ואבי,,,,,,,,,,,,
נעה,,מרדן,,,,,,,,Merchav,,שילוב,,,,Imported 8/1/13 ::: Imported on 4/29 ::: * myContacts,* Other,noamardan@gmail.com,,,,,,,,,Home,"09-9500936
 050-6552007",,,,,,,,,,,,,,,,,,,,,,,,,,,,,,,,,,,,,,,,,,,,,,,,Photo,https://lh5.googleusercontent.com/-FDl5oZZAklM/WC6dXb-VMKI/AAAAAAAAAAA/K9XoRurQXP4NCJbZTgcb12-I6AVDLmD2QCOQCEAE/photo.jpg,,
נעה,,שליט,,,,,,,,Merchav,,ב,,"Mobile Mom: 052-3940921
Mobile Dad: 052-2585832",,Imported 8/1/13 ::: Imported on 4/29 ::: * myContacts,* Other,dan_kenig_shalit@yahoo.com; michalshal@yahoo.com,,,,,,,,,Home,9566974,,,,,,,,,,,Home,"רח' הבעש""ט 6 הרצליה","6 רח' הבעש""ט",הרצליה,,,,,,,,,,,,,,,,,,,,,,,,Manager,דן ומיכל,,,,,,,,,,,,
נעם,,בן משה,,,,,,,,Merchav,,ד,,"Mobile Mom: 050-3738351
Mobile Dad: 050-2746511",,Imported 8/1/13 ::: Imported on 4/29 ::: * myContacts,* Other,gaby@netanya.ac.il; amir@veriset.com,,,,,,,,,Home,7742690,,,,,,,,,,,Home,השרון 18 רעננה,18 השרון,רעננה,,,,,,,,,,,,,,,,,,,,,,,,Manager,גבי ועמיר,,,,,,,,,,,,
נעמה,,זיידלר,,,,,,,,Merchav,,שילוב ילדים עם צרכים מיוחדים,,,,Imported 8/1/13 ::: Imported on 4/29 ::: * myContacts,* Other,naama.zd@gmail.com,,,,,,,,,Home,"054-3040103,            077-7085959",,,,,,,,,,,,,,,,,,,,,,,,,,,,,,,,,,,,,,,,,,,,,,,,,,,
נעמי,,ביידר,,,,,,,,Merchav,,ב,,"Mobile Mom: 054-4905280
Mobile Dad: 052-4844458",,Imported 8/1/13 ::: Imported on 4/29 ::: * myContacts,* Other,inbalkb@gmail.com; nitsan.baider@gmail.com,,,,,,,,,Home,7724513 עמנואל       052-8523936,,,,,,,,,,,Home,שרה אהרונסון 4 רעננה,4 שרה אהרונסון,רעננה,,,,,,,,,,,,,,,,,,,,,,,,Manager,ענבל וניצן,,,,,,,,,,,,
נעמי,,קטן,,,,,,,,Merchav,,ו,,"Mobile Mom: 054-5203718
Mobile Dad: 054-7769473",,Imported 8/1/13 ::: Imported on 4/29 ::: * myContacts,* Other,acattan@yahoo.com,,,,,,,,,Home,7740545,,,,,,,,,,,Home,שפינוזה 49 רעננה,49 שפינוזה,רעננה,,,,,,,,,,,,,,,,,,,,,,,,Manager,דלית ואריאל,,,,fb://profile/1245462774,,,,,,,,
נתי,,גדות,,,,,,,,,,,,,,* myContacts,* ,gadoth@tauex.tau.ac.il,,,,,,,,,Mobile,054-622-9346,,,,,,,,,,,,,,,,,,,,,,,,,,,,,,,,,,,,,,,,,,,,,,,,,,,
נתי,,מחסן חלפים טויוטה,,,,,,,,,,,,,,* myContacts,,,,,,,,,,,Mobile,+972543222102,,,,,,,,,,,,,,,,,,,,,,,,,,,,,,,,,,,,,,,,,,,,,,,,,,,
נתן מוסקל -,שמאי,רכב,,,,,,,,,,,,,,* myContacts,,,,,,,,,,,Mobile,053-733-5323,,,,,,,,,,,,,,,,,,,,,,,,,,,,,,,,,,,,,,,,,,,,,,,,,,,
נתנאל פיג'ו,כפר,סבא,,,,,,,,,,,,,,Imported on 4/29 ::: * myContacts,,,,,,,,,,,Mobile,+972515636350,,,,,,,,,,,,,,,,,,,,,,,,,,,,,,,,,,,,,,,,,,,,,,,,,,,
סאוסן חטיבה א טירה,,,,,,,,,,,,,,,,* myContacts,,,,,,,,,,,Mobile,+972502184947,,,,,,,,,,,,,,,,,,,,,,,,,,,,,,,,,,,,,,,,,,,,,,,,,,,
סאלח,,גנן,,,,,,,,,,,,,,Imported on 4/29 ::: * myContacts,,,,,,,,,,,נייד,+972 52-285-4754,,,,,,,,,,,,,,,,,,,,,,,,,,,,,,,,,,,,,,,,,,,,,,,,,,,
סהר,,רם,,,,,,,,מחנכת פז ,,,,,,* myContacts,,,,,,,,,,,‏נייד,+972 52-368-3783,,,,,,,,,,,,,,,,,,,,,,,,,,,,,,,,,,,,,,,,,,,,,,,,,,,
סיגל,בן,חורין,,,,,,,,Merchav,,גננת- חונכת.,,תאריך לידה: 1/2/1963,,Imported 8/1/13 ::: Imported on 4/29 ::: * myContacts,* Other,zamibc@gmail.com,Other,zamibc@netvision.net.il,,,,,,,Home,054-5952133,,,,,,,,,,,,,,,,,,,,,,,,,,,,,,,,,,,,,,,,,,,,,,,,Photo,https://lh3.googleusercontent.com/-xXuslAGi1I4/V4yoF5NvKcI/AAAAAAAAAAA/GexZjLerGtg-pQe3AuE8Slr2EvnCx1logCOQCEAE/photo.jpg,,
סיגל,,גרבר,,,,,,,,(תאונה ליד הסקווש),,,,,,* myContacts,* ,sigal@tssolution.co.il,,,,,,,,,Mobile,052-611-3311,,,,,,,,,,,,,,,,,,,,,,,,,,,,,,,,,,,,,,,,,,,,,,,,,,,
סיגל,,הרשקו-יבור,,,,,,,,,פסיכולוגית חינוכית מומחית,,,,,Imported 8/1/13 ::: Imported on 4/29 ::: * myContacts,* Work,hershko_yavor@bezeqint.net,,,,,,,,,Mobile,0546422662,,,,,,,,,,,,,,,,,,,,,,,,,,,,,,,,,,,,,,,,,,,,,,,,,,,
סיגל ראב Sigal Raab,,בואונדבר,,,,,,,,,,,,,,* myContacts,,,,,,,,,,,Mobile,+972528422577,,,,,,,,,,,,,,,,,,,,,,,,,,,,,,,,,,,,,,,,,,,,,,,,,,,
סיון,,גבינת תמיז הזמנה,,,,,,,,,,,,,,* myContacts,,,,,,,,,,,Mobile,+972546604228,,,,,,,,,,,,,,,,,,,,,,,,,,,,,,,,,,,,,,,,,,,,,,,,,,,
סיון,,חבר של פז מבאר שבע,,,,,,,,,,,,,,* myContacts,,,,,,,,,,,Mobile,058-4448433,,,,,,,,,,,,,,,,,,,,,,,,,,,,,,,,,,,,,,,,,,,,,,,,,,,
סילקה,,,,,,,,,,,,,,,,* myContacts,,,,,,,,,,,Other,0524874209,,,,,,,,,,,,,,,,,,,,,,,,,,,,,,,,,,,,,,,,,,,,,,,,,,,
סימה,,,,,,,,,,"בית""ר - הנהגה עולמית",מנהלת המשרד,,,,,Imported 8/1/13 ::: Imported on 4/29 ::: * myContacts,* Other,sima@betar.org.il,,,,,,,,,Work,+972 2-6792954,,,,,,,,,,,Home,"ניות 64
ירושלים93704",64 ניות,ירושלים93704,,,,,,,,,,,,,,,,,,,,,,,,,,,,Sync.ME profile,http://sync.me/profile/UsrNbS_RPNYGfDW0wro9cV1vWUBzuXdl4gja-7C1,,,,,Photo,https://lh3.googleusercontent.com/-9y00201uo-g/V4y5NjZ4RKI/AAAAAAAAAAA/xapY2hCJ0m4_pfELIe6Ji5PnzAatSVY6ACOQCEAE/photo.jpg,,
סיני,יערן,קקל,,,,,,,,,,,,,,* myContacts,,,,,,,,,,,Mobile,+972507497190,,,,,,,,,,,,,,,,,,,,,,,,,,,,,,,,,,,,,,,,,,,,,,,,,,,
סלאח קבלן הורים,של,נוית,,,,,,,,,,,,,,* myContacts,,,,,,,,,,,Mobile,+972509089942,,,,,,,,,,,,,,,,,,,,,,,,,,,,,,,,,,,,,,,,,,,,,,,,,,,
סמדר,,גורן,,,,,,,,Merchav,,חונכת - חטיבה בוגרת,,,,Imported 8/1/13 ::: Imported on 4/29 ::: * myContacts,* Other,smadargoren@walla.co.il,,,,,,,,,Home,050-4662094,,,,,,,,,,,,,,,,,,,,,,,,,,,,,,,,,,,,,,,,,,,,,,,,,,,
סמדר להב אבנשטיין,,עוטף עצורים,,,,,,,,,,,,,,* myContacts,,,,,,,,,,,Other,+972505265693,Mobile,+972505265693,,,,,,,,,,,,,,,,,,,,,,,,,,,,,,,,,,,,,,,,,,,,,,,,,
סמי,,מרקס,,,,,,,,,,,,,,Imported 8/1/13 ::: Imported on 4/29 ::: * myContacts,* Other,claudiam@netvision.net.il,Other,smarks@netvision.net.il,,,,,,,Work,054-4731516 ::: 052-6118813,Home,09-7749646,,,,,,,,,,,,,,,,,,,,,,,,,,,,,,,,,,,,,,,,,,,,,,,,,
סער,,טכנאי סלקום,,,,,,,,,,,,,,* myContacts,,,,,,,,,,,Other,0503507300,,,,,,,,,,,,,,,,,,,,,,,,,,,,,,,,,,,,,,,,,,,,,,,,,,,
סער,,מור,,,,,,,,Gan Chiquititos,,,,"Dad's Name: דן
Mobile Dad: 052-3432423


ManagersName: נטלי ודן",,Imported 8/1/13 ::: מרחב ::: Imported on 4/29 ::: * myContacts,* Other,nats@netvision.net.il,Other,danmor1@gmail.com,,,,,,,Mobile,7478410 ::: 054-6433672,Home,7740510 ::: 09-7478410,Other,052-3432423,,,,,,,Home,"הר סיני 33/8
רעננה ::: הר-סיני 33 דירה 8, רעננה",33/8 הר סיני ::: דירה 8 33 הר-סיני,רעננה ::: רעננה, ::: , ::: , ::: , ::: , ::: ,,,,,,,,,,,,,,,,,,,Manager,נטלי,,,,,,,,,Photo,https://lh5.googleusercontent.com/-T_mE5JfpHiI/V4yugjeueII/AAAAAAAAAAA/mxyzD-HYlwYCdW5B5B7fAGWjNITEV8QuACOQCEAE/photo.jpg,,
ספגטים-,,Spagetim,,,,,,,,ספגטים- Spagetim,,,,,,Imported 8/1/13 ::: Imported on 4/29 ::: * myContacts,,,,,,,,,,,Mobile,+972 9 771 4494,,,,,,,,,,,,,,,,,,,,,,,,,,,,,,,,,,,,,,,,,,,,,,,,,,,
סקייטבורד,,,,,,,,,,,,,,,,* myContacts,,,,,,,,,,,Other,0542171141,,,,,,,,,,,,,,,,,,,,,,,,,,,,,,,,,,,,,,,,,,,,,,,,,,,
סשה-נטלי,,קולבר,,,,,,,,Merchav,,ב,,"Mobile Mom: 054-4751497
Mobile Dad: 054-4804109",,Imported 8/1/13 ::: Imported on 4/29 ::: * myContacts,* Other,"v-erank@microsoft.com ;  lynnk@lihgroup.com, kolberlm@netvision.net.il",,,,,,,,,Home,7439159,,,,,,,,,,,Home,השקמים 32 הוד השרון 45201,32 השקמים,הוד השרון,,,45201,,,,,,,,,,,,,,,,,,,,,Manager,לין וערן,,,,,,,,,,,,
עגבניה,,,,,,,,,,,,,,,,Imported 8/1/13 ::: Imported on 4/29 ::: * myContacts,,,,,,,,,,,Work,09-743-3489,,,,,,,,,,,,,,,,,,,,,,,,,,,,,,,,,,,,,,,,,,,,,,,,,,,
עדה,בן,גרא,,,,,,,,Merchav,,שפה,,,,Imported 8/1/13 ::: Imported on 4/29 ::: * myContacts,* Other,adabg@bezeqint.net,,,,,,,,,Home,054-5620732             09-7494740,,,,,,,,,,,,,,,,,,,,,,,,,,,,,,,,,,,,,,,,,,,,,,,,,,,
עדו,,דפנא,,,,,,,,Bikaat Tamar ltd,General Manager,צעירה,,ManagersName: יפעת ודורון,,Imported 8/1/13 ::: מרחב ::: Imported on 4/29 ::: * myContacts,* Other,ifat2308@gmail.com,,,,,,,,,Mobile,054-4426015,Other,050-4453888,,,,,,,,,Home,"הצבר 10 תל, מונד",10 הצבר,"תל, מונד",,,,,,,,,,,,,,,,,,,,,,,,,,,,,,,,,,Photo,https://lh4.googleusercontent.com/-J0o1xcnH7TI/V4ypEWgehcI/AAAAAAAAAAA/uio535E9ByUgDMPR6bDDj5Qxd4OWeOcFACOQCEAE/photo.jpg,,
עדי ,,עקיבא,,,,,,,,לאומי למשכנתאות,,,,,,* myContacts,* Home,adi.akiva@bankleumi.co.il,,,,,,,,,Mobile,076-8681682,,,,,,,,,,,,,,,,,,,,,,,,,,,,,,,,,,,,,,,,,,,,,,,,,,,
עדי,ראובני,גרינשפן,,,,,,,,Gan Chiquititos,,,,"Dad's Name: גיא
Mobile Dad: 057-7738321",,Imported 8/1/13 ::: Imported on 4/29 ::: * myContacts,,,,,,,,,,,Mobile,057-6558757,Home,077-5020711,,,,,,,,,Home,"התקומה 7/1
רעננה",7/1 התקומה,רעננה,,,,,,,,,,,,,,,,,,,,,,,,Manager,ריצל,,,,,,,,,,,,
עדי,,שטרן,,,,,,,,משכנתא,,,,,,* myContacts,,,,,,,,,,,Home,054-6530573,,,,,,,,,,,,,,,,,,,,,,,,,,,,,,,,,,,,,,,,,,,,,,,,,,,
עדי שטרן,יועץ,משכנתא,,,,,,,,,,,,,,* myContacts,,,,,,,,,,,Mobile,+972546530573,,,,,,,,,,,,,,,,,,,,,,,,,,,,,,,,,,,,,,,,,,,,,,,,,,,
עדיאל,,סוכן מיטב,,,,,,,,,,,,,,* myContacts,,,,,,,,,,,Other,+972528028278,,,,,,,,,,,,,,,,,,,,,,,,,,,,,,,,,,,,,,,,,,,,,,,,,,,
עדינה,,בורוכוב ,,,,,,,,אורתופדיה אונקולוגית איכילוב,,,,,,* myContacts,* Home,adinab@tlvmc.gov.il,,,,,,,,,Other,+97236974688,,,,,,,,,,,,,,,,,,,,,,,,,,,,,,,,,,,,,,,,,,,,,,,,,,,
עדן,,,,,,,,,,מרצ,,,,,,Imported on 4/29 ::: * myContacts,,,,,,,,,,,Other,0504001479,,,,,,,,,,,,,,,,,,,,,,,,,,,,,,,,,,,,,,,,,,,,,,,,,,,
עדן,,פריד,,,,,,,,מרחב,ב,צעירה,,ManagersName: לימור ומאיר,,Imported 8/1/13 ::: מרחב ::: Imported on 4/29 ::: * myContacts,* Other,meir34@netvision.net.il,,,,,,,,,Home,09-7722017,Other,054-4946828,,,,,,,,,Home,"דרור 12 ג' דירה 4, רעננה","דירה 4
דרור 12 ג",רעננה,,,,,,,,,,,,,,,,,,,,,,,,,,,,,,,,,,,,,
עו״ד,אלמוג,חכמון,,,,,,,,,,,,,,* myContacts,* X-INTERNET,almogch@gmail.com,,,,,,,,,X-CUSTOM(CHARSET,+972547484822,,,,,,,,,,,,,,,,,,,,,,,,,,,,,,,,,,,,,,,,,,,,,,,,,,,
עוזי,,קסלר,,,,,,אבא של עדי,,,,,,,,Imported on 4/29 ::: * myContacts,* Home,k_uzi@orange.net.il,,,,,,,,,Mobile,+972545952422,Home,+972046765582,,,,,,,,,,,,,,,,,,,,,,,,,,,,,,,,,,,,,,,,,,,,,,,,,
עוזרות,,,,,,,,,,"גברו בע""מ - עוזרות",,,,,,* myContacts,,,,,,,,,,,Main,03-688-8860,,,,,,,,,,,Home,هئحيم مسلوطي 11، تل ابيب - يافا، إسرائيل,هئحيم مسلوطي 11، تل ابيب,يافا،,,,,إسرائيل,,,,,,,,,,,,,,,,,,,,,,,,Other,http://www.ozrot.co.il/ ::: https://maps.google.com/?cid=17872809854997197864,,,,,,,,
עומר סאיג,,איסטלטור תיקן את הסתימה בצינור מזגן,,,,,,,,,,,,,,* myContacts,,,,,,,,,,,Mobile,+972547802928,,,,,,,,,,,,,,,,,,,,,,,,,,,,,,,,,,,,,,,,,,,,,,,,,,,
עומרי,,רובינשטיין פסיכולוג,,,,,,,,,,,,,,* myContacts,,,,,,,,,,,Other,+972545312597,,,,,,,,,,,,,,,,,,,,,,,,,,,,,,,,,,,,,,,,,,,,,,,,,,,
עזריה,,כדורסל,,,,,,,,,,,,,,* myContacts,,,,,,,,,,,בית,+972544221022,,,,,,,,,,,,,,,,,,,,,,,,,,,,,,,,,,,,,,,,,,,,,,,,,,,
עידו,,דביר,,,,,,,,Merchav,,ג,,"Mobile Mom: 052-2931817
Mobile Dad: 052-2343203",,Imported 8/1/13 ::: Imported on 4/29 ::: * myContacts,* Other,ya-dvir@013.net.il,,,,,,,,,Home,+972 9 950 6691,,,,,,,,,,,Home,"רח' נצח ישראל
הרצליה",רח' נצח ישראל,הרצליה,,,,ישראל,,,,,,,,,,,,,,,,,,,,Manager,יעקב ויעל,,,,,,,,,,,,
עידו,,יצחייק,,,,,,,,Merchav,,ו,,"Mobile Mom: 054-4242821
Mobile Dad: 054-4242822",,Imported 8/1/13 ::: Imported on 4/29 ::: * myContacts,* Home,multi_v@walla.co.il,Other,sharonizna@gmail.com,,,,,,,Home,077-4001781,,,,,,,,,,,Home,"רח' וייצמן 224, רעננה",224 רח' וייצמן,רעננה,,,,,,,,,,,,,,,,,,,,,,,,Manager,שרון ורוני,,,,,,,,,Photo,https://lh4.googleusercontent.com/-yR28WwslYfg/V4yy1fg-H4I/AAAAAAAAAAA/IvaRxC7OHbIN4jjKgCBVfeaJb7d2WVgHwCOQCEAE/photo.jpg,,
עינב,,לוין,,,,,,,,Merchav,,ה,,Mobile Dad: 050-5926409,,Imported 8/1/13 ::: Imported on 4/29 ::: * myContacts,* Other,MARCELEV@NETVISION.NET.IL,,,,,,,,,Home,7717919,,,,,,,,,,,Home,"דב הוז 26, רעננה",26 דב הוז,רעננה,,,,,,,,,,,,,,,,,,,,,,,,Manager,מרסלו וג'ודי,,,,,,,,,,,,
עינבר,,וינטה,,,,,,,,Gan Chiquititos,,,,"Dad's Name: שרון
Mobile Dad: 052-8212468",,Imported 8/1/13 ::: Imported on 4/29 ::: * myContacts,,,,,,,,,,,Mobile,052-5253312,Home,7748787,,,,,,,,,Home,"בגין 6
רעננה",6 בגין,רעננה,,,,,,,,,,,,,,,,,,,,,,,,Manager,סיגל,,,,,,,,,,,,
עירד,,יעקבי,,,,,,,,Merchav,,ד,,"Mobile Mom: 054-5400212
Mobile Dad: 054-4923332",,Imported 8/1/13 ::: Imported on 4/29 ::: * myContacts,* Other,"yaeli21@012.net.il, avi@medital.co.il",,,,,,,,,Home,7713374,,,,,,,,,,,Home,המרגנית 3 רעננה,3 המרגנית,רעננה,,,,,,,,,,,,,,,,,,,,,,,,Manager,יעל ואבי,,,,,,,,,,,,
עירד,,כץ,,,,,,,,Gan Chiquititos,,,,"Dad's Name: עופר
Mobile Dad: 054-4954589",,Imported 8/1/13 ::: Imported on 4/29 ::: * myContacts,* Other,efratkat@gmail.com,,,,,,,,,Mobile,054-4957095,Home,+972 9 771 8555,,,,,,,,,Home,"שלונסקי 5 ב'
רעננה",5 ב שלונסקי,רעננה,,,,,,,,,,,,,,,,,,,,,,,,Manager,אפרת,,,,,,,,,,,,
עירייה אחראי אכיפה,,שאמא שמותר לחנות ברכבת ולא לקבל דוח,,,,,,,,,,,,,,* myContacts,,,,,,,,,,,Mobile,050-587-2892,,,,,,,,,,,,,,,,,,,,,,,,,,,,,,,,,,,,,,,,,,,,,,,,,,,
עירייה מפנה גופות,,,,,,,,,,,,,,,,* myContacts,,,,,,,,,,,Other,0537246173,,,,,,,,,,,,,,,,,,,,,,,,,,,,,,,,,,,,,,,,,,,,,,,,,,,
עירית,,בארי,,,,,,,,Merchav,,,,,,Imported 8/1/13 ::: Imported on 4/29 ::: * myContacts,* Other,beeri26@zahav.net.il,,,,,,,,,Home,09-7678228,,,,,,,,,,,,,,,,,,,,,,,,,,,,,,,,,,,,,,,,,,,,,,,,,,,
עירית,,סוארי,,,,,,,,Merchav,,"חט""צ",,תאריך לידה: 11/8/1975,,Imported 8/1/13 ::: Imported on 4/29 ::: * myContacts,* Other,iritsuari@hotmail.com,Other,iritsuari@gmail.com,,,,,,,Home,052-6020421,,,,,,,,,,,,,,,,,,,,,,,,,,,,,,,,,,,,,,,,,,,,,,,,,,,
עלא,,עירייה אחראי על הגזם וכו?,,,,,,,,,,,,,,* myContacts,,,,,,,,,,,Mobile,050-795-6888,,,,,,,,,,,,,,,,,,,,,,,,,,,,,,,,,,,,,,,,,,,,,,,,,,,
עמוס,,מגידס,,,,,,,,"עמוס מגידס יועצים בע""מ",יועץ פנסייה,,,,,* myContacts,* ,amos@megides.co.il,,amos@megides.co.il,,,,,,,,052-3900508,,,,,,,,,,,,"פנחס רוזן 72
תל אביב
IL",פנחס רוזן 72,תל אביב,,,,IL,,,,,,,,,,,,,,,,,,,,,,,,,,,,,,,,,
עמוס,,תאונת אופנוע,,,,,,,,,,,,,,* myContacts,,,,,,,,,,,Other,0542699789,,,,,,,,,,,,,,,,,,,,,,,,,,,,,,,,,,,,,,,,,,,,,,,,,,,
עמית,,אלטיט,,,,,,,,Merchav,,חובה,,Mobile Mom: 054-4547663,,Imported 8/1/13 ::: Imported on 4/29 ::: * myContacts,* Other,tamarpaltit@hotmail.com,,,,,,,,,Home,7749766,,,,,,,,,,,Home,משה סנה 15 רעננה,15 משה סנה,רעננה,,,,,,,,,,,,,,,,,,,,,,,,Manager,תמר וירון,,,,,,,,,,,,
עמית,,בעלה של מיתר מעוניינים בדירה בהזית,,,,,,,,,,,,,,* myContacts,,,,,,,,,,,Other,+972502727233,,,,,,,,,,,,,,,,,,,,,,,,,,,,,,,,,,,,,,,,,,,,,,,,,,,
עמית,,ברכה,,,,,,,,אדם טבע ודין,,,,,,* myContacts,,,,,,,,,,,Other,+972526177123,,,,,,,,,,,,,,,,,,,,,,,,,,,,,,,,,,,,,,,,,,,,,,,,,,,
עמית,,כץ,,,,,,,,Merchav,,ד,,"Mobile Mom: 052-5324747
Mobile Dad: 0528-354839",,Imported 8/1/13 ::: Imported on 4/29 ::: * myContacts,* Other,molly@alony-hetz.com ; alonk@cmd.co.il,,,,,,,,,Home,7466814,,,,,,,,,,,Home,הזית 4 כפר מלל,4 הזית,כפר מלל,,,,,,,,,,,,,,,,,,,,,,,,Manager,מולי ואלון,,,,,,,,,,,,
עמית,,לוין,,,,,,,,Merchav,,א,,"Mobile Mom: 054-3007471
Mobile Dad: 054-5357471",,Imported 8/1/13 ::: Imported on 4/29 ::: * myContacts,* Other,"levinearad@gmail.com, ulevine@yahoo.com",,,,,,,,,Home,7650371,,,,,,,,,,,Home,התחייה 5 כפר סבא,5 התחייה,כפר סבא,,,,,,,,,,,,,,,,,,,,,,,,Manager,שרון ואורי,,,,,,,,,,,,
עמית,,רמון-כובני,,,,,,,,מרחב,ו,יסודית,,ManagersName: יזהר וכרמית,,Imported 8/1/13 ::: מרחב ::: Imported on 4/29 ::: * myContacts,* Other,rkfambox@netvision.net.il,,,,,,,,,Mobile,050-7229516,Home,03-9306397,Other,054-5589085,,,,,,,Home,"פתח, תקוה",,"פתח, תקוה",,,,,,,,,,,,,,,,,,,,,,,,,,,,,,,,,,,,,
עמית,,שלוי,,,,,,,,Merchav,,ג,,"Mobile Mom: 052-2344748
Mobile Dad: 054-7554470",,Imported 8/1/13 ::: Imported on 4/29 ::: * myContacts,* Other,oshalvi@yahoo.com; otnakali@yahoo.com,,,,,,,,,Home,077-4040995,,,,,,,,,,,Home,חנה סנש 15 רעננה,15 חנה סנש,רעננה,,,,,,,,,,,,,,,,,,,,,,,,Manager,תמר ואופיר,,,,,,,,,,,,
עמנואל,עוזר,יערן,,,,,,,,קקל,,,,,,* myContacts,,,,,,,,,,,Mobile,+972507497192,,,,,,,,,,,,,,,,,,,,,,,,,,,,,,,,,,,,,,,,,,,,,,,,,,,
,,עמרי,,,,,,,,מרחב,בן שירות לאומי,צוות,,,,Imported 8/1/13 ::: מרחב ::: Imported on 4/29 ::: * myContacts,,,,,,,,,,,Home,054-4970695,,,,,,,,,,,,,,,,,,,,,,,,,,,,,,,,,,,,,,,,,,,,,,,,,,,
עמרי,,מרוז,,,,,,,,אורתופדיה אונקולוגית איכילוב,,,,,,* myContacts,,,,,,,,,,,Mobile,+972527360059,,,,,,,,,,,,,,,,,,,,,,,,,,,,,,,,,,,,,,,,,,,,,,,,,,,
ענבל,,דביר,,,,,,,,Merchav,,חובה,,"Mobile Mom: 052-2931817
Mobile Dad: 052-2343203",,Imported 8/1/13 ::: Imported on 4/29 ::: * myContacts,* Other,ya-dvir@013.net.il,,,,,,,,,Home,9506691,,,,,,,,,,,Home,נצח ישראל 15 הרצליה,15 נצח ישראל,הרצליה,,,,ישראל,,,,,,,,,,,,,,,,,,,,Manager,יעל ויעקב,,,,,,,,,,,,
ענבל,פיקהולץ,שילה,,,,,,,,,,,,,,Imported 8/1/13 ::: Imported on 4/29 ::: * myContacts,* Other,inbal@merchav-school.co.il,Other,inbalpic@gmail.com,,,,,,,Mobile,0523868567,,,,,,,,,,,,,,,,,,,,,,,,,,,,,,,,,,,,,,,,,,,,,,,,,,,
ענבל רווח,, בואונדבר נתניה,,,,,,,,בואונגבר,,,,,,* myContacts,,,,,,,,,,,Mobile,+972544262027,,,,,,,,,,,,,,,,,,,,,,,,,,,,,,,,,,,,,,,,,,,,,,,,,,,
ענבל,,שחם,,,,,,,,Merchav,,ג,,"Mobile Mom: 050-7533403
Mobile Dad: 050-7533405",,Imported 8/1/13 ::: Imported on 4/29 ::: * myContacts,* Other,"alon_s1@netvision.net.il,  tali.shacha@gmail.com",,,,,,,,,Home,7722165,,,,,,,,,,,Home,השחר 98 רעננה,98 השחר,רעננה,,,,,,,,,,,,,,,,,,,,,,,,Manager,טלי ואלון,,,,,,,,,,,,
ענבל,,שפירא,,,,,,,,Merchav,,ה,,"Mobile Mom: 052-8480905
Mobile Dad: 052-2735686",,Imported 8/1/13 ::: Imported on 4/29 ::: * myContacts,* Other,sha_omer@017.net.il,,,,,,,,,Home,7440667,,,,,,,,,,,Home,רבוצקי 13/ד רעננה,ד 13 רבוצקי,רעננה,,,,,,,,,,,,,,,,,,,,,,,,Manager,נאווה ועומר,,,,,,,,,,,,
ענת,,גלנץ,,,,,,,,Merchav,,מורה למדעים,,,,Imported 8/1/13 ::: Imported on 4/29 ::: * myContacts,* Other,anatami@netvision.net.il,,,,,,,,,Home,09-7602416               052-3643721,,,,,,,,,,,,,,,,,,,,,,,,,,,,,,,,,,,,,,,,,,,,,,,,,,,
עפרי,,באומגרטן,,,,,,,,Merchav,,א,,"Mobile Mom: 054-4934361
Mobile Dad: 054-6936911",,Imported 8/1/13 ::: Imported on 4/29 ::: * myContacts,* Other,hadas.ba@gmail.com; tzachiba@gmail.com,,,,,,,,,Home,7480238,,,,,,,,,,,Home,"אחד העם 17, רעננה",17 אחד העם,רעננה,,,,,,,,,,,,,,,,,,,,,,,,Manager,הדס וצחי,,,,,,,,,,,,
עפרי,,לוינסון,,,,,,,,,,,,,,* myContacts,,,,,,,,,,,Mobile,+972548166196,,,,,,,,,,,,,,,,,,,,,,,,,,,,,,,,,,,,,,,,,,,,,,,,,,,
ערבה,,המר,,,,,,,,Merchav,,גננת,,,,Imported 8/1/13 ::: Imported on 4/29 ::: * myContacts,* Other,aravaham@hotmail.com,,,,,,,,,Home,050-5529648,,,,,,,,,,,,,,,,,,,,,,,,,,,,,,,,,,,,,,,,,,,,,,,,,,,
ערן,,טל,,,,,,,,,,,,,,* myContacts,,,,,,,,,,,Mobile,+972 52-243-6834,,,,,,,,,,,,,,,,,,,,,,,,,,,,,,,,,,,,,,,,,,,,,,,,,,,
ערן,,פומרנץ,,,,,,,,Merchav,,ג,,"Mobile Mom: 054-4944886
Mobile Dad: 054-4333486",,Imported 8/1/13 ::: Imported on 4/29 ::: * myContacts,* Other,ayalapom@gmail.com,,,,,,,,,Home,9513011,,,,,,,,,,,Home,ההגנה 70 הרצליה,70 ההגנה,הרצליה,,,,,,,,,,,,,,,,,,,,,,,,Manager,אילה ועמר,,,,,,,,,,,,
ערן קוממי טכנאי תיקון מזגן מזגנים המלצה של,אתר,מידרג,,,,,,,,עלות בדיקה 250 שח,,,,,,Imported on 4/29 ::: * myContacts,,,,,,,,,,,Other,+972507913343,,,,,,,,,,,,,,,,,,,,,,,,,,,,,,,,,,,,,,,,,,,,,,,,,,,
פאראמדיק רן רובינשטיין שני,,,,,,,,,,,,,,,,* myContacts,,,,,,,,,,,Mobile,+972548020226,,,,,,,,,,,,,,,,,,,,,,,,,,,,,,,,,,,,,,,,,,,,,,,,,,,
פואד גיס של קייס,,אלומיניום,,,,,,,,,,,,,,* myContacts,,,,,,,,,,,Mobile,+972505586791,,,,,,,,,,,,,,,,,,,,,,,,,,,,,,,,,,,,,,,,,,,,,,,,,,,
פיקוח חניה רעננה,,,,,,,,,,,,,,,,* myContacts,,,,,,,,,,,Mobile,+972509101981,,,,,,,,,,,,,,,,,,,,,,,,,,,,,,,,,,,,,,,,,,,,,,,,,,,
פלג,,דביר,,,,,,,,Merchav,,ב,,"Mobile Mom: 052-3583294
Mobile Dad: 057-8133460",,Imported 8/1/13 ::: Imported on 4/29 ::: * myContacts,* Other,morandv@bezeqint.net,,,,,,,,,Home,09-7748775,,,,,,,,,,,Home,"וינגייט 39, רעננה",39 וינגייט,רעננה,,,,,,,,,,,,,,,,,,,,,,,,Manager,מיכל ומורן,,,,,,,,,,,,
פניות הציבור שגריר,,,,,,,,,,,,,,,,* myContacts,,,,,,,,,,,Mobile,+972 52-418-9641,,,,,,,,,,,,,,,,,,,,,,,,,,,,,,,,,,,,,,,,,,,,,,,,,,,
פנינה,,,,,,,,,,אורתופדיה אונקולוגית איכילוב,,,,,,* myContacts,* Home,pninam@tlvmc.gov.il,,,,,,,,,Mobile,03-6947565,,,,,,,,,,,,,,,,,,,,,,,,,,,,,,,,,,,,,,,,,,,,,,,,,,,
פרדי,,גרובר,,,,,,,,,,,,,,* myContacts,,,,,,,,,,,Mobile,+972 52-566-7821,,,,,,,,,,,,,,,,,,,,,,,,,,,,,,,,,,,,,,,,,,,,,,,,,,,
פתולוגיה איכילוב,,,,,,,,,,,,,,,,* myContacts,,,,,,,,,,,,03-697-4298,,,,,,,,,,,,,,,,,,,,,,,,,,,,,,,,,,,,,,,,,,,,,,,,,,,
צביה,,גרין,,,,,,,,,,,,,,Imported 8/1/13 ::: Imported on 4/29 ::: * myContacts,* Other,zviaatara@walla.com,Other,cypora@hotmail.com,,,,,,,Work,054-4523440 ::: 054-4332610,Home,03-6412706,,,,,,,,,,,,,,,,,,,,,,,,,,,,,,,,,,,,,,,,,,,,,,,,,
צביקה,,אינסטלטור,,,,,,,,אח של אבי מהעוגן,,,,,,* myContacts,,,,,,,,,,,נייד,+972506731084,,,,,,,,,,,,,,,,,,,,,,,,,,,,,,,,,,,,,,,,,,,,,,,,,,,
צביקה,פרידמן,קבלן האופק 3,,,,,,,,,,,,,,* myContacts,,,,,,,,,,,צביקה,+972522444940,,,,,,,,,,,,,,,,,,,,,,,,,,,,,,,,,,,,,,,,,,,,,,,,,,,
צדוק,,,,,,,,,,,מנקה,,,,,Imported 8/1/13 ::: Imported on 4/29 ::: * myContacts,,,,,,,,,,,Mobile,050-6354095,,,,,,,,,,,,,,,,,,,,,,,,,,,,,,,,,,,,,,,,,,,,,,,,,,,
צוף,,כסלו,,,,,,,,Merchav,,ב,,"Mobile Mom: 054-6667604
Mobile Dad: 054-6667503",,Imported 8/1/13 ::: Imported on 4/29 ::: * myContacts,* Other,galik6@012.net.il,,,,,,,,,Home,7439926,,,,,,,,,,,Home,קזן 3 רעננה,3 קזן,רעננה,,,,,,,,,,,,,,,,,,,,,,,,Manager,קרן וגל,,,,,,,,,,,,
צחי,,,,,,,,,,כדורסל,,,,,,Imported on 4/29 ::: * myContacts,,,,,,,,,,,Mobile,+972 50-721-9933,,,,,,,,,,,,,,,,,,,,,,,,,,,,,,,,,,,,,,,,,,,,,,,,,,,
ציפי,,,,,,,,,,,,,,כדורסל,,Imported on 4/29 ::: * myContacts,,,,,,,,,,,Mobile,054-555-5077,,,,,,,,,,,,,,,,,,,,,,,,,,,,,,,,,,,,,,,,,,,,,,,,,,,
ציפי חברה,של,כתי,,,,,,,,,,,,,,* myContacts,* אחר,tsipst@gmail.com,,,,,,,,,נייד,+972508659659,,,,,,,,,,,,,,,,,,,,,,,,,,,,,,,,,,,,,,,,,,,,,,,,,,,
ציפי,,מנהלת מוסך מאיר,,,,,,,,,,,,,,* myContacts,,,,,,,,,,,Mobile,+972549294410,,,,,,,,,,,,,,,,,,,,,,,,,,,,,,,,,,,,,,,,,,,,,,,,,,,
צפי,,קליסקי,,,,,,,,,,,,,,* myContacts,,,,,,,,,,,,054-450-1520,,,,,,,,,,,,,,,,,,,,,,,,,,,,,,,,,,,,,,,,,,,,,,,,,,,
קאי,,דהן-גל,,,,,,,,Merchav,,ז,,Mobile Mom: 052-4871115,,Imported 8/1/13 ::: Imported on 4/29 ::: * myContacts,* Other,kai_gal111@walla.co.il,,,,,,,,,Home,עבודה          09-7454431,,,,,,,,,,,Home,קיבוץ גלויות 102 הרצליה,102 קיבוץ גלויות,הרצליה,,,,,,,,,,,,,,,,,,,,,,,,Manager,רונית ואבנר,,,,,,,,,,,,
קארן,,ארירה,,,,,,,,מרחב,מורה לאנגלית,צוות,,,,Imported 8/1/13 ::: מרחב ::: Imported on 4/29 ::: * myContacts,* Other,karen_d@smile.net.il,,,,,,,,,Home,052-4800430 ::: 09-8912257,,,,,,,,,,,,,,,,,,,,,,,,,,,,,,,,,,,,,,,,,,,,,,,,,,,
קבלן דירה 8 אריק לביא,,,,,,,,,,,,,,,,* myContacts,,,,,,,,,,,Other,+972502935685,,,,,,,,,,,,,,,,,,,,,,,,,,,,,,,,,,,,,,,,,,,,,,,,,,,
קובי,,בר,,,,,,,,כדורסל,,,,,,Imported on 4/29 ::: * myContacts,,,,,,,,,,,Mobile,+972 54-464-6131,,,,,,,,,,,,,,,,,,,,,,,,,,,,,,,,,,,,,,,,,,,,,,,,,,,
קובי,,סדינוף,,,,,,,,,,,,,,Imported 8/1/13 ::: Imported on 4/29 ::: * myContacts,,,,,,,,,,,Mobile,+972 542126334,Other,+972 54-212-6234,,,,,,,,,,,,,,,,,,,,,,,,,,,,,,,,,,,,,,,,Sync.ME profile,http://sync.me/profile/AMuB0L-8Q6fd2goT4xdodtOwpj4HAFjXAx_ffiHaYUTPppK97Q,,,,,Photo,https://lh6.googleusercontent.com/-ilDatiShauc/V4ywiI3lrPI/AAAAAAAAAAA/cnQsqnS949csGmHRsh_kQ5V5yZcHewouACOQCEAE/photo.jpg,,
קומאר,,מנקה,,,,,,,,,,,,,,* myContacts,,,,,,,,,,,Mobile,+972537285203,,,,,,,,,,,,,,,,,,,,,,,,,,,,,,,,,,,,,,,,,,,,,,,,,,,
קונה קלרינט,,,,,,,,,,,,,,,,* myContacts,,,,,,,,,,,Mobile,054-777-6523,,,,,,,,,,,,,,,,,,,,,,,,,,,,,,,,,,,,,,,,,,,,,,,,,,,
קוסמטיקאית,אורלי,קוסמת,,,,,,,,,,,2012-11-21,,,* myContacts,,,,,,,,,,,עבודה,+972 50-828-4270,,,,,,,,,,,,,,,,,,,,,,,,,,,,,,,,,,,,,,,,,,,,,,,,,,,
קופת חולים אישור תורים,,,,,,,,,,,,,,,,* myContacts,,,,,,,,,,,Other,+97237406200,,,,,,,,,,,,,,,,,,,,,,,,,,,,,,,,,,,,,,,,,,,,,,,,,,,
קורטיקו,,,,,,,,,,,,,,,,* myContacts,,,,,,,,,,,Other,0774304700,,,,,,,,,,,,,,,,,,,,,,,,,,,,,,,,,,,,,,,,,,,,,,,,,,,
קסם,,זומרפלד,,,,,,,,Merchav,,ג,,Mobile Mom: 050-6310243,,Imported 8/1/13 ::: Imported on 4/29 ::: * myContacts,* Other,miriamz@bezeqint.net,,,,,,,,,Home,9510588,,,,,,,,,,,Home,הירדן 8/8 הרצליה,8/8 הירדן,הרצליה,,,,,,,,,,,,,,,,,,,,,,,,Manager,מירי ושלום,,,,,,,,,,,,
קסם,,קריזה,,,,,,,,מרחב,ד,יסודית,,ManagersName: אסנת וצחי,,Imported 8/1/13 ::: מרחב ::: Imported on 4/29 ::: * myContacts,,,,,,,,,,,Mobile,054-5306666,Home,09-7711926,Other,054-5206306,,,,,,,Home,"רח' שיכון אשר 20, רעננה",רח' שיכון אשר 20,רעננה,,,,,,,,,,,,,,,,,,,,,,,,,,,,,,,,,,,,,
קרן,,ברץ,,,,,,,,מרחב,ב,צעירה,,ManagersName: יפעת ודניאל,,Imported 8/1/13 ::: מרחב ::: Imported on 4/29 ::: * myContacts,,,,,,,,,,,,,,,,,,,,,,,Home,"כפר, סבא",,"כפר, סבא",,,,,,,,,,,,,,,,,,,,,,,,,,,,,,,,,,,,,
קרן,,דריי,,,,,,,,Merchav,,מורה לאנגלית,,,,Imported 8/1/13 ::: Imported on 4/29 ::: * myContacts,* Other,karen_d@smile.net.il,,,,,,,,,Home,052-4800430               09-8912257,,,,,,,,,,,,,,,,,,,,,,,,,,,,,,,,,,,,,,,,,,,,,,,,,,,
קרני,,רשף,,,,,,,,,,,,,,* myContacts,* Home,karni1310@gmail.com,,,,,,,,,נייד,+972505339867,,,,,,,,,,,,,,,,,,,,,,,,,,,,,,,,,,,,,,,,,,,,,,,,,,,
קרני,,שחר,,,,,,,,סיגנל טורס,,,,,,* myContacts,* אחר,karnis@signaltours.com,,,,,,,,,עבודה,+972 9-950-8466,נייד,+972 50-872-8728,Home,03-760-1900,,,,,,,,,,,,,,,,,,,,,,,,,,,,,,,,,,,,,,,,,,,,,,,
קרקז,,Bashan,,,,,,,,,,,,,,* myContacts,* ,erez.bashan@gmail.com,,,,,,,,,,,,,,,,,,,,,,,,,,,,,,,,,,,,,,,,,,,,,,,,,,,,,,,,,,,,,
ראשל,אביב,גולדברג,,,,,,,,Meitarim,,,1997-03-23,"כיתה: ז
Mobile Mom: 054-2142309
Dad's Name: ג'וש",,Imported 8/1/13 ::: Imported on 4/29 ::: * myContacts,* Other,sallysammysa323@gmail.com,Other,lorrejosh@gmail.com ::: lorrejosh@msn.com,,,,,,,Work,054-2142309,Home,09-7728282,,,,,,,,,Home,"חטיבת גולני 36
רעננה 43333",36 חטיבת גולני,רעננה,,,43333,,,,,,,,,,,,,,,,,,,,,Manager,לורי,,,,,,,,,,,,
רביב,,,,,,,,,,,,,,,,* myContacts,,,,,,,,,,,Mobile,+972522899509,,,,,,,,,,,,,,,,,,,,,,,,,,,,,,,,,,,,,,,,,,,,,,,,,,,
רבקה,,קרן-צבי,,,,,,,,מרחב,מתנדבת להוראה מתקנת,צוות,,,,Imported 8/1/13 ::: מרחב ::: Imported on 4/29 ::: * myContacts,,,,,,,,,,,Home,03-5494763,,,,,,,,,,,,,,,,,,,,,,,,,,,,,,,,,,,,,,,,,,,,,,,,,,,
רג׳ד,,,,,,,,,,,,,,,,* myContacts,,,,,,,,,,,Mobile,+972584158010,,,,,,,,,,,,,,,,,,,,,,,,,,,,,,,,,,,,,,,,,,,,,,,,,,,
רואי,,טוטקה,,,,,,,,מרחב,ג,צעירה,,"ManagersName: רחל וגיא


Mobile Mom: 054-6550499
Mobile Dad: 054-6550399",,Imported 8/1/13 ::: מרחב ::: Imported on 4/29 ::: * myContacts,* Other,rachezwp@yahoo.co.uk,Other,guyadf@yahoo.cu.uk ::: guyadf@yahoo.co.uk,,,,,,,Mobile,054-6550499,Home,09-7467690,Other,054-6550399,,,,,,,Home,"ארלוזורוב 8ב', רעננה",8ב ארלוזורוב,רעננה,,,,,,,,,,,,,,,,,,,,,,,,Manager,רחל וגיא,,,,,,,,,,,,
רוזה,,,,,,,,,,מנקה גוגל פינג פונג,,,,,,* myContacts,,,,,,,,,,,Mobile,054-5295521,,,,,,,,,,,,,,,,,,,,,,,,,,,,,,,,,,,,,,,,,,,,,,,,,,,
רוי,,גלוון,,,,,,,,מרחב,ב,צעירה,,ManagersName: אורלי ודן,,Imported 8/1/13 ::: מרחב ::: Imported on 4/29 ::: * myContacts,* Other,dang@aurum.co.il,Other,gelvan11@inter.net.il,,,,,,,Mobile,054-4266070,Home,03-5472452,Other,052-5244437,,,,,,,Home,"השופטים 21/3 רמת
השרון",21/3 השופטים,רמת השרון,,,,,,,,,,,,,,,,,,,,,,,,,,,,Other,fb://profile/671382011,,,,,,,,
רום,,אדום-שני,,,,,,,,Merchav,,ב,,"Mobile Mom: 054-7793864
Mobile Dad: 054-4902747",,Imported 8/1/13 ::: Imported on 4/29 ::: * myContacts,* Other,adomshni@netvision.net.il,,,,,,,,,Home,7454556,,,,,,,,,,,Home,הנשיאים 2 הוד השרון,2 הנשיאים,הוד השרון,,,,,,,,,,,,,,,,,,,,,,,,Manager,עידית ורועי,,,,,,,,,,,,
רון,,,,,,,,,,רכז אזורי איגי,,,,,,* myContacts,,,,,,,,,,,Mobile,052-420-2431,,,,,,,,,,,,,,,,,,,,,,,,,,,,,,,,,,,,,,,,,,,,,,,,,,,
רון,,אלרום,,,,,,,,כדורסל,,,,,,Imported on 4/29 ::: * myContacts,,,,,,,,,,,Mobile,+972 52-870-0900,,,,,,,,,,,,,,,,,,,,,,,,,,,,,,,,,,,,,,,,,,,,,,,,,,,
רון,הלד,STW,,,,,,,,,,,,,,* myContacts,,,,,,,,,,,נייד,+972 50-681-6700,,,,,,,,,,,,,,,,,,,,,,,,,,,,,,,,,,,,,,,,,,,,,,,,,,,
רון,,לוי,,,,,,,,מדריך סקווש,,,,,,Imported on 4/29 ::: * myContacts,,,,,,,,,,,Home,+972 50-9739745,,,,,,,,,,,,,,,,,,,,,,,,,,,,,,,,,,,,,,,,,,,,,,,,,,,
רון,,פוסטולסקי,,,,,,,,כדורסל,,,,,,Imported on 4/29 ::: * myContacts,,,,,,,,,,,Mobile,+972 52-423-0923,,,,,,,,,,,,,,,,,,,,,,,,,,,,,,,,,,,,,,,,,,,,,,,,,,,
רוני,,גל,,,,,,,,Freescale,DSP technical leader,יסודית,,"ManagersName: ארנה ואבי


Mobile Mom: 052-3865293
Mobile Dad: 052-6053667",,Imported 8/1/13 ::: מרחב ::: Imported on 4/29 ::: * myContacts,* Other,ornag@d.co.il,Other,"avigal5@bezeqint.net ::: ornag@d.co.il, avigal5@bezeqint.net",,,,,,,Mobile,052-3865293,Home,09-7745119 ::: 7745119,Other,052-6053667,,,,,,,Home,"התחייה  3, רעננה ::: התחייה  3 רעננה 43519",3 התחייה ::: 3 התחייה,רעננה ::: רעננה, ::: , ::: , ::: 43519, ::: , ::: ,,,,,,,,,,,,,,,,,,,Manager,ארנה ואבי,,,,,,,,,,,,
רוני,,דורון,,,,,,,,Merchav,,בת שירות לאומי,,,,Imported 8/1/13 ::: Imported on 4/29 ::: * myContacts,* Other,roni2683@walla.co.il,,,,,,,,,Home,054-2620225                09-8982683,,,,,,,,,,,,,,,,,,,,,,,,,,,,,,,,,,,,,,,,,,,,,,,,,,,
רוני,,חברת משאיות,,,,,,,,,,,,,,* myContacts,,,,,,,,,,,Mobile,053-427-7388,,,,,,,,,,,,,,,,,,,,,,,,,,,,,,,,,,,,,,,,,,,,,,,,,,,
רוני,,מנצור,,,,,,,,Merchav,,ו,,"Mobile Mom: 054-2163006
Mobile Dad: 054-2163004",,Imported 8/1/13 ::: Imported on 4/29 ::: * myContacts,* Other,popek2@walla.co.il,,,,,,,,,Home,077-2163006,,,,,,,,,,,Home,אחוזה 229 רעננה,229 אחוזה,רעננה,,,,,,,,,,,,,,,,,,,,,,,,Manager,טל וחיים,,,Sync.ME profile,http://sync.me/profile/VrZK9oGu7DRJMVFssAvXeXaYH6-Ww33Yssmmek_R,,,,,Photo,https://lh3.googleusercontent.com/-DLobHnmCHR8/WC6c5-5tMSI/AAAAAAAAAAA/c0cP5DtBlG01pf6v2Q2ZJmI_RixEZWriQCOQCEAE/photo.jpg,,
רוני,,שביט-ריביר,,,,,,,,Merchav,,ג,,"Mobile Mom: 052-3252657
Mobile Dad: 052-3692782",,Imported 8/1/13 ::: Imported on 4/29 ::: * myContacts,* Other,nimrod.rivier@gmail.com; tal@shavit.name,,,,,,,,,Home,9505656,,,,,,,,,,,Home,הדקל 16 הרצליה 46313,16 הדקל,הרצליה,,,46313,,,,,,,,,,,,,,,,,,,,,Manager,טל ונמרוד,,,,,,,,,,,,
רונית,לביא, -גורי,,,,,,,,,,,,,,* myContacts,,,,,,,,,,,Mobile,052-379-6293,,,,,,,,,,,,,,,,,,,,,,,,,,,,,,,,,,,,,,,,,,,,,,,,,,,
רונן,,לגיל,,,,,,,,The Service (Financial Consulting),,,,,,* myContacts,* ,ronenl@theservice.co.il,,,,,,,,,,052-421-6633,,,,,,,,,,,,,,,,,,,,,,,,,,,,,,,,,,,,,,,,,,,,,,,,,,,
רועי,,,,,,,,,,פרקט,,,,,,Imported on 4/29 ::: * myContacts,,,,,,,,,,,Other,0542464759,,,,,,,,,,,,,,,,,,,,,,,,,,,,,,,,,,,,,,,,,,,,,,,,,,,
רועי,,חסון,,,,,,,,,,,,,,Imported on 4/29 ::: * myContacts,,,,,,,,,,,Home,054-9007136,,,,,,,,,,,,,,,,,,,,,,,,,,,,,,,,,,,,,,,,,,,,,,,,,,,
רועי,,כריסטוף,,,,,,,,הונדה,,,,,,* myContacts,* ,RoeiCr@mct.co.il,,,,,,,,,Other,097628700,,054-9294408,,,,,,,,,,,,,,,,,,,,,,,,,,,,,,,,,,,,,,,,,,,,,,,,,
רועי,,מושקין,,,,,,,,,,,,,,Imported 8/1/13 ::: Imported on 4/29 ::: * myContacts,* Other,mushkin1@netvision.net.il,Other,ilana@meitarimraanana.org,,,,,,,Work,054-4643843 ::: 054-4710400,Home,09-7464849,,,,,,,,,,,,,,,,,,,,,,,,,,,,,,,,,,,,,,,,,,,,,,Photo,https://lh4.googleusercontent.com/-8Ck4QjOZQ4A/V4y5jayqxkI/AAAAAAAAAAA/FRP76aUcyyUjS4f6hNeMx-Efu5vUxxbPQCOQCEAE/photo.jpg,,
רועי,,סייף,,,,,,,,,,,,,,* myContacts,,,,,,,,,,,Mobile,+972506688422,,,,,,,,,,,,,,,,,,,,,,,,,,,,,,,,,,,,,,,,,,,,,,,,,,,
רוצה אדמה,,,,,,,,,,,,,,,,Imported on 4/29 ::: * myContacts,,,,,,,,,,,Other,+972506261165,,,,,,,,,,,,,,,,,,,,,,,,,,,,,,,,,,,,,,,,,,,,,,,,,,,
רות - טיול,אור,ירח,,,,,,,,,,,,,,Imported on 4/29 ::: * myContacts,,,,,,,,,,,Mobile,050-313-0626,,,,,,,,,,,,,,,,,,,,,,,,,,,,,,,,,,,,,,,,,,,,,,,,,,,
רות,,גבריאל,,,,,,,,,,,,,,* myContacts,,,,,,,,,,,Mobile,+972 54-555-1655,,,,,,,,,,,,,,,,,,,,,,,,,,,,,,,,,,,,,,,,,,,,,,,,,,,
רחל,,אהרון,,,,,,,,Merchav,,אחראית צהרון,,,,Imported 8/1/13 ::: Imported on 4/29 ::: * myContacts,,,,,,,,,,,Home,057-3389470,,,,,,,,,,,,,,,,,,,,,,,,,,,,,,,,,,,,,,,,,,,,,,,,,,,
רחל,,חקלאי,,,,,,,,Merchav,,ג,,"Mobile Mom: 052-3818408
Mobile Dad: 054-5364163",,Imported 8/1/13 ::: Imported on 4/29 ::: * myContacts,* Other,ranhy@zahav.net.il,,,,,,,,,Home,7744391,,,,,,,,,,,Home,"רח' חטיבת גבעת 7\10, רעננה",7\10 רח' חטיבת גבעת,רעננה,,,,,,,,,,,,,,,,,,,,,,,,Manager,רן ונורית,,,,,,,,,,,,
רחל,,טוטקה,,,,,,,,מרחב,צהרון,צוות,,,,Imported 8/1/13 ::: מרחב ::: Imported on 4/29 ::: * myContacts,* Other,rachezwp@yahoo.co.uk,,,,,,,,,Home,054-6550499,,,,,,,,,,,,,,,,,,,,,,,,,,,,,,,,,,,,,,,,,,,,,,,,,,,
ריטה,,ערבית,,,,,,,,,,,,,,* myContacts,,,,,,,,,,,Mobile,+972 50-719-3224,,,,,,,,,,,,,,,,,,,,,,,,,,,,,,,,,,,,,,,,,,,,,,,,,,,
רכז מתנדבים רשות העתיקות,,,,,,,,,,,,,,,,* myContacts,,,,,,,,,,,Other,0529597419,,,,,,,,,,,,,,,,,,,,,,,,,,,,,,,,,,,,,,,,,,,,,,,,,,,
רן בירנבאום,,,,,,,,,,כדורסל,,,,,,Imported on 4/29 ::: * myContacts,,,,,,,,,,,Mobile,+972 50-465-5230,,,,,,,,,,,,,,,,,,,,,,,,,,,,,,,,,,,,,,,,,,,,,,,,,,,
רן,,יוסף,,,,,,,,כדורסל,,,,,,Imported on 4/29 ::: * myContacts,,,,,,,,,,,Mobile,+972523920051,,,,,,,,,,,,,,,,,,,,,,,,,,,,,,,,,,,,,,,,,,,,,,,,,,,
רן,,תגר ,,,,,,,,עורך דין של המחאה של הדס,,,,,,* myContacts,,,,,,,,,,,Other,0507441415,,,,,,,,,,,,,,,,,,,,,,,,,,,,,,,,,,,,,,,,,,,,,,,,,,,
שגיב,,קיאקים מכמורת,,,,,,,,,,,,,,* myContacts,,,,,,,,,,,Mobile,+972522742032,,,,,,,,,,,,,,,,,,,,,,,,,,,,,,,,,,,,,,,,,,,,,,,,,,,
שולמית,,ברונכוסקופיה מאיר,,,,,,,,,,,,,,* myContacts,,,,,,,,,,,Other,+97297471250,,,,,,,,,,,,,,,,,,,,,,,,,,,,,,,,,,,,,,,,,,,,,,,,,,,
שון,,מרכוס,,,,,,,,Merchav,,ז,,"Mobile Mom: 054-6859860
Mobile Dad: 052-8522349",,Imported 8/1/13 ::: Imported on 4/29 ::: * myContacts,* Other,"dmrmtm@netvision.net.il, rutimar@kot-law.com",,,,,,,,,Home,7455989,,,,,,,,,,,Home,המעגל 8 רמות השבים,8 המעגל,רמות השבים,,,,,,,,,,,,,,,,,,,,,,,,Manager,רותי ודורון,,,,,,,,,,,,
שועלי,,Shooaly,,,,,,,,Koopat Holim קופת חולים,,,,OR,,Imported 8/1/13 ::: Imported on 4/29 ::: * myContacts,,,,,,,,,,,Work,+972 (9) 7477979,,,,,,,,,,,,,,,,,,,,,,,,,,,,,,,,,,,,,,,,,,,,,,,,,,,
שופרסל,,,,,,,,,,שופרסל,,,,,,Imported on 4/29 ::: * myContacts,,,,,,,,,,,Mobile,+972527986644,,,,,,,,,,,,,,,,,,,,,,,,,,,,,,,,,,,,,,,,,,,,,,,,,,,
שחף,,,,,,,,,,אח של דיה,,,,,,Imported on 4/29 ::: * myContacts,,,,,,,,,,,Home,050-3515333,,,,,,,,,,,,,,,,,,,,,,,,,,,,,,,,,,,,,,,,,,,,,,,,,,,
שחף,,פרייפלד,,,,,,,,מרחב,ו,יסודית,,ManagersName: אילנה,,Imported 8/1/13 ::: מרחב ::: Imported on 4/29 ::: * myContacts,* Other,ilana159@smile.net.il,,,,,,,,,Mobile,052-4574503,Home,03-5493901,,,,,,,,,Home,"שד' ויצמן 11/3, רמת השרון",11/3 שד' ויצמן,רמת השרון,,,,,,,,,,,,,,,,,,,,,,,,,,,,,,,,,,,,,
שחק,יצחק,שמאע,,,,,,,,,,,,,,Imported 8/1/13 ::: Imported on 4/29 ::: * myContacts,* Other,jacob.shama@kisure.com,Other,Shama.Gilli@gmail.com,,,,,,,Work,052-6148768 ::: 054-2630036,Home,09-7453796,,,,,,,,,,,,,,,,,,,,,,,,,,,,,,,,,,,,,,,,,,,,,,Photo,https://lh5.googleusercontent.com/-bH7RGfHR3mY/V4yXwy4dTNI/AAAAAAAAAAA/KgffjDUdbrIUioQsHySD7izFUh6wz311ACOQCEAE/photo.jpg,,
שחר,,יוסף,,,,,,,,Merchav,,ב,,"Mobile Mom: 054-4458034
Mobile Dad: 054-4319034",,Imported 8/1/13 ::: Imported on 4/29 ::: * myContacts,* Other,"josefmarit@gmail.com, josef@cjlaw.co.il",,,,,,,,,Home,7724745,,,,,,,,,,,Home,"הסחלב 16 דירה 1
רעננה",דירה 1 16 הסחלב,רעננה,,,,,,,,,,,,,,,,,,,,,,,,Manager,מרית ואבי,,,,,,,,,,,,
שחר,,מרון,,,,,,,,וטרינר נייד,,,,,,Imported on 4/29 ::: * myContacts,,,,,,,,,,,Mobile,+972 52-225-5123,Home,+972 52-480-1183,,,,,,,,,,,,,,,,,,,,,,,,,,,,,,,,,,,,,,,,,,,,,,,,,
שחר,,ספיר,,,,,,,,Merchav,,ג,,"Mobile Mom: 054-8090711
Mobile Dad: 054-2277539",,Imported 8/1/13 ::: Imported on 4/29 ::: * myContacts,* Other,"sapirs@netvision.net.il; Igal.Sapir@Gmail.com, ronis@orantech.co.il",,,,,,,,,Home,7419722,,,,,,,,,,,Home,אליעזר יפה 35 רעננה,35 אליעזר יפה,רעננה,,,,,,,,,,,,,,,,,,,,,,,,Manager,רוני ויגאל,,,,,,,,,,,,
שחר,,פריד,,,,,,,,מרחב,טרום חובה,גן,,ManagersName: לימור ומאיר,,Imported 8/1/13 ::: מרחב ::: Imported on 4/29 ::: * myContacts,* Other,meir34@netvision.net.il,,,,,,,,,Home,09-7722017,Other,054-4946828,,,,,,,,,Home,"דרור 12 ג' דירה 4, רעננה","דירה 4
דרור 12 ג",רעננה,,,,,,,,,,,,,,,,,,,,,,,,,,,,,,,,,,,,,
שחר צובארי,,,,,,,,,,,,,,,,* myContacts,,,,,,,,,,,Mobile,+972507618585,,,,,,,,,,,,,,,,,,,,,,,,,,,,,,,,,,,,,,,,,,,,,,,,,,,
שחר,,קדמון,,,,,,,,Merchav,,בת שירות לאומי,,,,Imported 8/1/13 ::: Imported on 4/29 ::: * myContacts,* Other,shahar_prpr@walla.com,,,,,,,,,Home,054-5684752,,,,,,,,,,,,,,,,,,,,,,,,,,,,,,,,,,,,,,,,,,,,,,,,,,,
שי,,אבידן,,,,,,,,אבא של שירה,,,,,,* myContacts,,,,,,,,,,,Mobile,054-834-9885,,,,,,,,,,,,,,,,,,,,,,,,,,,,,,,,,,,,,,,,,,,,,,,,,,,
שי חיים,,גרר,,,,,,,,,,,,,,* myContacts,,,,,,,,,,,Mobile,+972 53-730-1302,,,,,,,,,,,,,,,,,,,,,,,,,,,,,,,,,,,,,,,,,,,,,,,,,,,
שי,,כהנא,,,,,,,,שי כהנא אדריכלים,מנהל,,1968-12-10,ManagersName: אורה,,Imported 8/1/13 ::: מרחב ::: Imported on 4/29 ::: * myContacts,* Other,kahanas02@gmail.com,Other,oramirsky@gmail.com,,,,,,,Mobile,+972 52-560-5292,Home,09-7710428 ::: 09-7727943,,,,,,,,,Home,5 התבור,5 התבור,,,,,,,,,,,,,,,,,,,,,,,,,,,,,Other,www.shaykahana.co.il,,,,,,,,
שי מנור -סוכן הביטוח שלך,,,,,,,,,,,,,,,,* myContacts,,,,,,,,,,,Mobile,+972544710719,,,,,,,,,,,,,,,,,,,,,,,,,,,,,,,,,,,,,,,,,,,,,,,,,,,
שי,,קורן,,,,,,,,כדורסל,,,,,,Imported on 4/29 ::: * myContacts,,,,,,,,,,,Mobile,+972 54-447-4816,,,,,,,,,,,,,,,,,,,,,,,,,,,,,,,,,,,,,,,,,,,,,,,,,,,
שי,,רהט,,,,,,,,Merchav,,ב,,"Mobile Mom: 050-7305417
Mobile Dad: 054-4210514",,Imported 8/1/13 ::: Imported on 4/29 ::: * myContacts,* Other,"vered_rt@hotmail.com, ori_rahat@hotmail.com",,,,,,,,,Home,077-8850502,,,,,,,,,,,Home,הנשיאים 45א' רעננה  43583,45א הנשיאים,רעננה,,,43583,,,,,,,,,,,,,,,,,,,,,Manager,ורד ואורי,,,,,,,,,,,,
שיר,,מירנץ,,,,,,,,Merchav,,חובה,,"Mobile Mom: 054-9599133
Mobile Dad: 054-9599866",,Imported 8/1/13 ::: Imported on 4/29 ::: * myContacts,* Other,ronen.mayrench@marvell.com,,,,,,,,,Home,7453158,,,,,,,,,,,Home,הגליל 45 א' רעננה,45 א הגליל,רעננה,,,,,,,,,,,,,,,,,,,,,,,,Manager,שרון ורונן,,,,,,,,,,,,
שיר שכנה אריק,לביא,6,,,,,,,,,,,,,,* myContacts,,,,,,,,,,,Mobile,+972 52-366-5474,,,,,,,,,,,,,,,,,,,,,,,,,,,,,,,,,,,,,,,,,,,,,,,,,,,
שירה,,אבידן,,,,,,,,,,,,,,* myContacts,,,,,,,,,,,Mobile,055-662-0172,,,,,,,,,,,,,,,,,,,,,,,,,,,,,,,,,,,,,,,,,,,,,,,,,,,
שירה,,אוזנה,,,,,,,,Merchav,,ב,,"Mobile Mom: 052-6881670
Mobile Dad: 052-4404222",,Imported 8/1/13 ::: Imported on 4/29 ::: * myContacts,* Other,"miki_mahoo@walla.co.il, omri009@012.net.il",,,,,,,,,Home,077-5082020,,,,,,,,,,,Home,עקיבא 11 דירה 7 רעננה,דירה 7 11 עקיבא,רעננה,,,,,,,,,,,,,,,,,,,,,,,,Manager,מיקי ודודי,,,Sync.ME profile,http://sync.me/profile/uoSVbzGlHeZKaAumZ-t_rOKmdyPlQU4GdWRIDg9T ::: http://sync.me/profile/W0xgfO9N_SqjDrtT5Qeus3xDBmEix7VoY7c1Ftkv,,,,,Photo,https://www.google.com/s2/photos/private/AIbEiAIAAAAiCKP_6_LYlPDnERDwjMGnh8POh6gBGKPd9rPK7L7SqwEwAZpu4HBFMgUP3u8lidrUbMudiQR4,,
שירה,,אופיר,,,,,,,,Gan Chiquititos,,,,"Dad's Name: אלדד
Mobile Dad: 052-2523439",,Imported 8/1/13 ::: Imported on 4/29 ::: * myContacts,* Other,mrofir@zahav.net.il,,,,,,,,,Mobile,052-3321339,Home,077-5260178,,,,,,,,,Home,"האר""י 3
רעננה","3 האר""י",רעננה,,,,,,,,,,,,,,,,,,,,,,,,Manager,מירב,,,,,,,,,,,,
שירה,,דביר,,,,,,,,Merchav,,חובה,,"Mobile Mom: 052-3583294
Mobile Dad: 057-8133460",,Imported 8/1/13 ::: Imported on 4/29 ::: * myContacts,* Other,morandv@bezeqint.net,,,,,,,,,Home,09-7748775,,,,,,,,,,,Home,"וינגייט 39, רעננה",39 וינגייט,רעננה,,,,,,,,,,,,,,,,,,,,,,,,Manager,מיכל ומורן,,,,,,,,,,,,
שירה,,עמיר,,,,,,,,Gan Chiquititos,,,,"Dad's Name: זהר
Mobile Dad: 054-4988787",,Imported 8/1/13 ::: Imported on 4/29 ::: * myContacts,,,,,,,,,,,Mobile,054-4314784,Home,7710480,,,,,,,,,Home,"מנחם בגין 9
רעננה",9 מנחם בגין,רעננה,,,,,,,,,,,,,,,,,,,,,,,,Manager,עינבל,,,,,,,,,,,,
שירות התעסוקה הישראלי,,,,,,,,,,שירות התעסוקה הישראלי,,,,,,* myContacts,,,,,,,,,,,Mobile,+972 52-333-2087,,,,,,,,,,,,,,,,,,,,,,,,,,,,,,,,,,,,,,,,,,,,,,,,,,,
שלומי,,פילטר למקרר,,,,,,,,שלומי,,,,,,* myContacts,,,,,,,,,,,Mobile,+972 54-717-1730,,,,,,,,,,,,,,,,,,,,,,,,,,,,,,,,,,,,,,,,,,,,,,,,,,,
שלומית דויטשר,,ערבית,,,,,,,,,,,,,,* myContacts,,,,,,,,,,,Mobile,+972 50-588-2775,,,,,,,,,,,,,,,,,,,,,,,,,,,,,,,,,,,,,,,,,,,,,,,,,,,
שלי,,וולברג,,,,,,,,מרחב,ו,יסודית,,ManagersName: פזית,,Imported 8/1/13 ::: מרחב ::: Imported on 4/29 ::: * myContacts,* Other,pdwolber@netvision.net.il,,,,,,,,,Mobile,054-5433422,,,,,,,,,,,,,,,,,,,,,,,,,,,,,,,,,,,,,,,,,,,,,,,,,,,
שלי,,טמיר,,,,,,,,מרחב,שרות לאומי,צוות,,,,Imported 8/1/13 ::: מרחב ::: Imported on 4/29 ::: * myContacts,* Other,shellt6@gmail.com,,,,,,,,,Home,052-5926661,,,,,,,,,,,,,,,,,,,,,,,,,,,,,,,,,,,,,,,,,,,,,,,,Photo,https://lh5.googleusercontent.com/-PZmlhp_DEbw/V4yu6oHOn1I/AAAAAAAAAAA/pHTbyjQkKtUBW0i5Tzkyfvf09j0mDTyFwCOQCEAE/photo.jpg,,
שלי מפקדת,של,שלו,,,,,,,,,,,,,,* myContacts,,,,,,,,,,,Mobile,+972547350525,,,,,,,,,,,,,,,,,,,,,,,,,,,,,,,,,,,,,,,,,,,,,,,,,,,
שליח,,,,,,,,,,,,,,,,* myContacts,,,,,,,,,,,Other,0522499077,,,,,,,,,,,,,,,,,,,,,,,,,,,,,,,,,,,,,,,,,,,,,,,,,,,
שלמה,,,,,,,,,,חשמלאי,,,,,,* myContacts,,,,,,,,,,,Mobile,+972507954321,,,,,,,,,,,,,,,,,,,,,,,,,,,,,,,,,,,,,,,,,,,,,,,,,,,
שלמה דיגיטל,,,,,,,,,,שלמה דיגיטל,,,,,,* myContacts,,,,,,,,,,,Mobile,+972 52-999-3580,,,,,,,,,,,,,,,,,,,,,,,,,,,,,,,,,,,,,,,,,,,,,,,,,,,
שמואל גלברמן,,בדיקת מבנים,,,,,,,,,,,,,,* myContacts,,,,,,,,,,,Other,+972504082645,,,,,,,,,,,,,,,,,,,,,,,,,,,,,,,,,,,,,,,,,,,,,,,,,,,
שמואל חשמלאי,של,לוי,,,,,,,,,,,,,,* myContacts,,,,,,,,,,,נייד,+972505209551,,,,,,,,,,,,,,,,,,,,,,,,,,,,,,,,,,,,,,,,,,,,,,,,,,,
שמעון,,קצב,,,,,,,,,,,,,,* myContacts,,,,,,,,,,,Mobile,+972 52-255-5780,,,,,,,,,,,,,,,,,,,,,,,,,,,,,,,,,,,,,,,,,,,,,,,,,,,
שמרית,,נח ביטוח,,,,,,,,,,,,,,* myContacts,,,,,,,,,,,Mobile,052-2010325,,,,,,,,,,,,,,,,,,,,,,,,,,,,,,,,,,,,,,,,,,,,,,,,,,,
שמשון,,כדורסל יום א,,,,,,,,,,,,,,* myContacts,,,,,,,,,,,Mobile,054-639-2830,,,,,,,,,,,,,,,,,,,,,,,,,,,,,,,,,,,,,,,,,,,,,,,,,,,
שני,,ברנע שלם,,,,,,,,TotalPHYSIO - Vertigo ורטיגו,,,,,,Imported on 4/29 ::: * myContacts,* Home,shani@totalphysio.co.il,,,,,,,,,Mobile,054-6468469,,,,,,,,,,,,,,,,,,,,,,,,,,,,,,,,,,,,,,,,,,,,,,,,,,,
שער הזית 2,,,,,,,,,,3->2->1->*,,,,,,* myContacts,,,,,,,,,,,Mobile,+9720546647783,,,,,,,,,,,,,,,,,,,,,,,,,,,,,,,,,,,,,,,,,,,,,,,,,,,
שקד,,כסלו,,,,,,,,Merchav,,טרום,,"Mobile Mom: 054-6667604
Mobile Dad: 054-6667503",,Imported 8/1/13 ::: Imported on 4/29 ::: * myContacts,* Other,galik6@012.net.il,,,,,,,,,Home,7439926,,,,,,,,,,,Home,קזן 3 רעננה,3 קזן,רעננה,,,,,,,,,,,,,,,,,,,,,,,,Manager,קרן וגל,,,,,,,,,,,,
שרה,,טל,,,,,,,,Merchav,,מנהלת,,,,Imported 8/1/13 ::: Imported on 4/29 ::: * myContacts,* Other,sara@merchav-school.co.il,Other,tal@albatross.co.il,,,,,,,Home,03-6351894               054-4583960,,,,,,,,,,,,,,,,,,,,,,,,,,,,,,,,,,,,,,,,,,,,,,,,,,,
שרון,,,,,,,,,,בדיקת ראייה,,,,,,* myContacts,* ,tlyaoptic@gmail.com,,,,,,,,,,09-7444468,,,,,,,,,,,,"Weizmann St 40
Kefar Sava, 4435107
IL",Weizmann St 40,Kefar Sava,,,4435107,IL,,,,,,,,,,,,,,,,,,,,,,,,,,,,,,,,,
שרון,מורה,למתמטיקה,,,,,,,,,,,,,,* myContacts,,,,,,,,,,,Mobile,+972 54-959-9133,,,,,,,,,,,,,,,,,,,,,,,,,,,,,,,,,,,,,,,,,,,,,,,,,,,
שרון,,רון,,,,,,,,Merchav,,"חונכת חט""צ",,,,Imported 8/1/13 ::: Imported on 4/29 ::: * myContacts,* Other,theronfamily@gmail.com,,,,,,,,,Home,054-4334488,,,,,,,,,,,,,,,,,,,,,,,,,,,,,,,,,,,,,,,,,,,,,,,,,,,
שרונה,,טלמור,,,,,,,,מרכז שרות רעננה,הונדה ג׳אז,,,5789*,,* myContacts,,,,,,,,,,,,054-9294431,,,,,,,,,,,,,,,,,,,,,,,,,,,,,,,,,,,,,,,,,,,,,,,,,,,
שרות ארונות ריביירה,,,,,,,,,,,,,,,,* myContacts,,,,,,,,,,,Mobile,+97298301200,,,,,,,,,,,,,,,,,,,,,,,,,,,,,,,,,,,,,,,,,,,,,,,,,,,
שרי,,אמיר,,,,,,,,הילל,,,,,,* myContacts,,,,,,,,,,,Mobile,+9720544910468,,,,,,,,,,,,,,,,,,,,,,,,,,,,,,,,,,,,,,,,,,,,,,,,,,,
תום,,וולאנה,,,,,,,,,,,,,,* myContacts,,,,,,,,,,,Mobile,+972524347134,,,,,,,,,,,,,,,,,,,,,,,,,,,,,,,,,,,,,,,,,,,,,,,,,,,
תומר,,ארז,,,,,,,,Merchav,,טרום,,"Mobile Mom: 052-6592447
Mobile Dad: 052-3202002",,Imported 8/1/13 ::: Imported on 4/29 ::: * myContacts,* Other,"nira.erez@amdocs.com, yuval.erez@elbit.co.il, nira_yuval@012.net.il",Other,nira.erez@amdocs.com,,,,,,,Home,7454247,,,,,,,,,,,Home,טשרניחובסקי 28 הוד השרון,28 טשרניחובסקי,הוד השרון,,,,,,,,,,,,,,,,,,,,,,,,Manager,נירה ויובל,,,,,,,,,,,,
תומר,,השכרת מקרן,,,,,,,,,,,,,,* myContacts,,,,,,,,,,,Mobile,+972524033444,,,,,,,,,,,,,,,,,,,,,,,,,,,,,,,,,,,,,,,,,,,,,,,,,,,
תומר,,ציגל,,,,,,,,Merchav,,ו,,Mobile Mom: 054-6852071,,Imported 8/1/13 ::: Imported on 4/29 ::: * myContacts,* Other,angietom@netvision.net.il,,,,,,,,,Home,097401195,,,,,,,,,,,Home,"רמב""ם 80 רעננה","80 רמב""ם",רעננה,,,,,,,,,,,,,,,,,,,,,,,,Manager,אנג'י,,,,,,,,,,,,
תיקון,מקררים ומדיחים,אליק,,,,,,,,,,,,,,* myContacts,,,,,,,,,,,נייד,+972 52-250-9622,,,,,,,,,,,,,,,,,,,,,,,,,,,,,,,,,,,,,,,,,,,,,,,,,,,
תמוז,,שפירא,,,,,,,,מרחב,ה,יסודית,,ManagersName: יעל ויובל,,Imported 8/1/13 ::: מרחב ::: Imported on 4/29 ::: * myContacts,* Other,yuval@ganyarok.co.il,Other,yael@studioyael.co.il,,,,,,,Mobile,054-4433645,Home,077-5621317,Other,054-5686817,,,,,,,Home,"קבוץ גלויות 4 נווה עמל, הרצליה",4 קבוץ גלויות,הרצליה,,,,,נווה עמל,,,,,,,,,,,,,,,,,,,,,,,,,,,,,,,,
תמי,,גור,,,,,,,,בואו נדבר - מרכזת מתנדבים חדשים,,,,,,* myContacts,,,,,,,,,,,Mobile,+972 53-823-0154,,,,,,,,,,,,,,,,,,,,,,,,,,,,,,,,,,,,,,,,,,,,,,,,,,,
תמר דרוקר קרש,,עבראניאת טירה,,,,,,,,תמר דרוקר קרש,,,,,,* myContacts,,,,,,,,,,,Mobile,+972522286078,,,,,,,,,,,,,,,,,,,,,,,,,,,,,,,,,,,,,,,,,,,,,,,,,,,
תמר,,לויסון,,,,,,,,,,,,,,Imported 8/1/13 ::: Imported on 4/29 ::: * myContacts,* Other,tamaril@pacbell.net,Other,sleveson@pacbell.net ::: gideon.leveson@harmoniciac.com,,,,,,,Mobile,054-2509182,Work,054-2509181 ::: 054-5234136,Home,09-7729023,,,,,,,,,,,,,,,,,,,,,,,,,,,,,,,,,,,,,,,,,,,,,,,
תמר,,ספקטור,,,,,,,,Merchav,,ב,,"Mobile Mom: 054-4498480
Mobile Dad: 054-4544323


ManagersName: דנה ובעז",,Imported 8/1/13 ::: מרחב ::: Imported on 4/29 ::: * myContacts,,,,,,,,,,,Mobile,054-4498480,Home,7408866 ::: 09-7433405,Other,054-4544323,,,,,,,Home,"רח' הגדנ""ע 3
רעננה ::: השמש העולה 16 רמות, השבים","3 רח' הגדנ""ע ::: 16 השמש העולה","רעננה ::: רמות, השבים", ::: , ::: , ::: , ::: , ::: ,,,,,,,,,,,,,,,,,,,Manager,דנה ובעז,,,,,,,,,,,,
תמר,,פרימק-זיגרון,,,,,,,,Merchav,,"חונכת חט""צ",,,,Imported 8/1/13 ::: Imported on 4/29 ::: * myContacts,* Other,tamarprimak@yahoo.com,,,,,,,,,Home,050-3768055,,,,,,,,,,,,,,,,,,,,,,,,,,,,,,,,,,,,,,,,,,,,,,,,,,,
תמר,,שפירא,,,,,,,,Merchav,,א,,"Mobile Mom: 052-8480905
Mobile Dad: 052-2735686


ManagersName: נאווה ועומר",,Imported 8/1/13 ::: מרחב ::: Imported on 4/29 ::: * myContacts,* Other,sha_omer@017.net.il,Other,navaomer1@hotmail.com,,,,,,,Mobile,052-8480905,Home,7440667 ::: 09-7440667,Other,052-2735686,,,,,,,Home,"רבוצקי 13/ד רעננה ::: רבוצקי 13/ד, רעננה",ד 13 רבוצקי ::: ד 13 רבוצקי,רעננה ::: רעננה, ::: , ::: , ::: , ::: , ::: ,,,,,,,,,,,,,,,,,,,Manager,נאווה ועומר,,,,,,,,,,,,
תמרה,,אביב,,,,,,,,קניגסבוך,צעירה,מרחב,,ManagersName:  reutke@gmail.com,,Imported 8/1/13 ::: מרחב ::: Imported on 4/29 ::: * myContacts,* Other,yuvalken@gmail.com,Other,052-6998955,,,,,,,Other,054-5495932,,,,,,,,,,,Home,א,א,,,,,,,,,,,,,,,,,,,,,,,,,,,,,,,,,,,,,,
תמרה,,דימנט,,,,,,,,,,,,,,Imported 8/1/13 ::: Imported on 4/29 ::: * myContacts,* Home,danakama13@gmail.com,,,,,,,,,Mobile,054-4285720,,,,,,,,,,,Home,"ירמוך 13
רמת השרון",13 ירמוך,רמת השרון,,,,,,,,,,,,,,,,,,,,,,,,,,,,,,,,,,,,,
תעשיות בית אל,,,,,,,,,,,,,,,,* myContacts,,,,,,,,,,,Mobile,+972529405714,,,,,,,,,,,,,,,,,,,,,,,,,,,,,,,,,,,,,,,,,,,,,,,,,,,
,,,,,,,,,,,,,,,,* myContacts,,,,,,,,,,,,,,,,,,,,,,,,,,,,,,,,,,,,,,,,,,,,,,,,,,,,,,,,,,,,,,,
,,,,,,,,,,,,,,,,* myContacts,,,,,,,,,,,,,,,,,,,,,,,,,,,,,,,,,,,,,,,,,,,,,,,,,,,,,,,,,,,,,,,
,,,,,,,,,,העמותה למען חינוך דמוקרטי ברעננה,,,,,,Imported 8/1/13 ::: Imported on 4/29 ::: * myContacts,,,,,,,,,,,,,,,,,,,,,,,Other,"ת.ד. 1210
רעננה 43112",ת.ד. 1210 רעננה,,,,43112,,,,,,,,,,,,,,,,,,,,,,,,,,,,,,,,,,
,,,,,,,,,,Seker,,,,,,Imported on 4/29 ::: * myContacts,,,,,,,,,,,,,,,,,,,,,,,,,,,,,,,,,,,,,,,,,,,,,,,,,,,,,,,,,,,,,,,
,,,,,,,,,,רשם העמותות,,,,,,Imported 8/1/13 ::: Imported on 4/29 ::: * myContacts,,,,,,,,,,,,,,,,,,,,,,,Home,"רח' כנפי נשרים 15
ת.ד. 34071
ירושלים, 91340",רח' כנפי נשרים 15 ת.ד. 34071,,,ירושלים,91340,,,,,,,,,,,,,,,,,,,,,,,,,,,,,,,,,,